[09:46:42] [pjeplus] [INFO] ORQUESTRADOR UNIFICADO PJEPlus
[pjeplus] ORQUESTRADOR UNIFICADO PJEPlus
[09:46:42] [pjeplus] [INFO] data/hora: 18/09/2026 09:46:42
[pjeplus] data/hora: 18/09/2026 09:46:42
[09:46:42] [pjeplus] [INFO] ambiente: pc_visible
[pjeplus] ambiente: pc_visible
[09:46:42] [pjeplus] [INFO] log: logs_execucao\x_PC_Visible_20260918_094634.log
[pjeplus] log: logs_execucao\x_PC_Visible_20260918_094634.log
[09:46:46] [pjeplay] [INFO] driver criado: PC (playwright)
[pjeplay] driver criado: PC (playwright)
[09:46:46] [pjeplus] [INFO] [COOKIES] Tentando login automatico via cookies salvos...
[pjeplus] [COOKIES] Tentando login automatico via cookies salvos...
[09:46:48] [pjeplus] [WARNING] [COOKIES] URL de acesso negado detectada. Apagando cookies carregados.
[pjeplus] [COOKIES] URL de acesso negado detectada. Apagando cookies carregados.
[09:46:48] [pjeplus] [WARNING] [COOKIES] Cookies invalidos ou inexistentes. Login manual necessario.
[pjeplus] [COOKIES] Cookies invalidos ou inexistentes. Login manual necessario.
[09:46:48] [pjeplus] [INFO] [LOGIN_MANUAL] Navegando para tela de login: https://pje.trt2.jus.br/primeirograu/login.seam
[pjeplus] [LOGIN_MANUAL] Navegando para tela de login: https://pje.trt2.jus.br/primeirograu/login.seam
[09:46:48] [pjeplus] [INFO] [LOGIN_MANUAL] Aguarde o login manual ate: https://pje.trt2.jus.br/pjekz/gigs/meu-painel
[pjeplus] [LOGIN_MANUAL] Aguarde o login manual ate: https://pje.trt2.jus.br/pjekz/gigs/meu-painel
[09:47:03] [pjeplus] [INFO] [LOGIN] Sessao OAuth completa confirmada (0s).
[pjeplus] [LOGIN] Sessao OAuth completa confirmada (0s).
[09:47:03] [pjeplus] [INFO] ── fluxo: B ──
[pjeplus] ── fluxo: B ──
[09:47:04] [pjeplus] [INFO] [MANDADOS_UI] Verificando/ativando filtro de mandados devolvidos...
[pjeplus] [MANDADOS_UI] Verificando/ativando filtro de mandados devolvidos...
[09:47:05] [pjeplus] [INFO] [MANDADOS_UI] Clicando para ativar filtro...
[pjeplus] [MANDADOS_UI] Clicando para ativar filtro...
[09:47:08] [pjeplus] [INFO] [MANDADOS_API] 3 Argos/Sigilo, 6 Certidoes de Oficial, 0 outros na fila
[pjeplus] [MANDADOS_API] 3 Argos/Sigilo, 6 Certidoes de Oficial, 0 outros na fila
[09:47:08] [pjeplus] [INFO] [MANDADOS_API] BLOCO 1: Processando 3 itens Argos/Sigilo...
[pjeplus] [MANDADOS_API] BLOCO 1: Processando 3 itens Argos/Sigilo...
[09:47:08] [Fix.monitoramento_progresso_unificado] [INFO] [PROGRESSO_MANDADO] ✅ Progresso carregado: 0 executados, 0 com erro
[Fix.monitoramento_progresso_unificado] [PROGRESSO_MANDADO] ✅ Progresso carregado: 0 executados, 0 com erro
[09:47:08] [Fix.monitoramento_progresso_unificado] [INFO] [PROGRESSO_MANDADO] ✅ Progresso carregado: 0 executados, 0 com erro
[Fix.monitoramento_progresso_unificado] [PROGRESSO_MANDADO] ✅ Progresso carregado: 0 executados, 0 com erro
[09:47:08] [pjeplus] [INFO] [MANDADOS_API][BLOCO1] Processando Argos/Sigilo: #1000677-32.2018.5.02.0703
[pjeplus] [MANDADOS_API][BLOCO1] Processando Argos/Sigilo: #1000677-32.2018.5.02.0703
[09:47:08] [pjeplus] [INFO] [ARGOS][TIMING][PROCESAR_ARGOS][INICIO]
[pjeplus] [ARGOS][TIMING][PROCESAR_ARGOS][INICIO]
[09:47:08] [pjeplus] [INFO] [ARGOS][INICIO] Iniciando processamento do fluxo Argos com sequência rigorosa
[pjeplus] [ARGOS][INICIO] Iniciando processamento do fluxo Argos com sequência rigorosa
[09:47:08] [pjeplus] [INFO] [ARGOS][ETAPA 0] Fechando intimação...
[pjeplus] [ARGOS][ETAPA 0] Fechando intimação...
[09:47:08] [pjeplus] [INFO] [INTIMACAO] === INICIO ===
[pjeplus] [INTIMACAO] === INICIO ===
[09:47:08] [pjeplus] [INFO] [INTIMACAO] [1] Tentando abrir menu #botao-menu...
[pjeplus] [INTIMACAO] [1] Tentando abrir menu #botao-menu...
[09:47:09] [pjeplus] [INFO] [INTIMACAO] [1]  Menu aberto
[pjeplus] [INTIMACAO] [1]  Menu aberto
[09:47:09] [pjeplus] [INFO] [INTIMACAO] [2] Tentando clicar Expedientes...
[pjeplus] [INTIMACAO] [2] Tentando clicar Expedientes...
[09:47:09] [pjeplus] [INFO] [INTIMACAO] [2]  Botao Expedientes clicado
[pjeplus] [INTIMACAO] [2]  Botao Expedientes clicado
[09:47:09] [pjeplus] [INFO] [INTIMACAO] [3] Aguardando modal abrir...
[pjeplus] [INTIMACAO] [3] Aguardando modal abrir...
[09:47:10] [pjeplus] [INFO] [INTIMACAO] [4] Buscando linhas com prazo 30...
[pjeplus] [INTIMACAO] [4] Buscando linhas com prazo 30...
[09:47:10] [pjeplus] [INFO] [INTIMACAO] [4] Total de linhas encontradas: 10
[pjeplus] [INTIMACAO] [4] Total de linhas encontradas: 10
[09:47:10] [pjeplus] [INFO] [INTIMACAO] [4]  Linha 1 selecionada (prazo 30, nao fechado)
[pjeplus] [INTIMACAO] [4]  Linha 1 selecionada (prazo 30, nao fechado)
[09:47:10] [pjeplus] [INFO] [INTIMACAO] [5] Tentando marcar checkbox...
[pjeplus] [INTIMACAO] [5] Tentando marcar checkbox...
[09:47:11] [pjeplus] [INFO] [INTIMACAO] [5]  Checkbox marcado
[pjeplus] [INTIMACAO] [5]  Checkbox marcado
[09:47:11] [pjeplus] [INFO] [INTIMACAO] [6] Tentando clicar Fechar Expedientes...
[pjeplus] [INTIMACAO] [6] Tentando clicar Fechar Expedientes...
[09:47:12] [pjeplus] [INFO] [INTIMACAO] [6]  Botao Fechar Expedientes clicado
[pjeplus] [INTIMACAO] [6]  Botao Fechar Expedientes clicado
[09:47:12] [pjeplus] [INFO] [INTIMACAO] [7] Confirmando fechamento...
[pjeplus] [INTIMACAO] [7] Confirmando fechamento...
[09:47:12] [pjeplus] [INFO] [INTIMACAO] [8] Aguardando timeline estabilizar...
[pjeplus] [INTIMACAO] [8] Aguardando timeline estabilizar...
[09:47:12] [pjeplus] [INFO] [INTIMACAO] === SUCESSO ===
[pjeplus] [INTIMACAO] === SUCESSO ===
[09:47:12] [pjeplus] [INFO] [ARGOS][ETAPA 0]  Intimação fechada com sucesso
[pjeplus] [ARGOS][ETAPA 0]  Intimação fechada com sucesso
[09:47:12] [pjeplus] [INFO] [ARGOS][ETAPA 1] Identificando documentos sequenciais (certidão, ordem de pesquisa, cálculos, intimação, decisão)...
[pjeplus] [ARGOS][ETAPA 1] Identificando documentos sequenciais (certidão, ordem de pesquisa, cálculos, intimação, decisão)...
[09:47:12] [pjeplus] [INFO] [SEQUENCIAIS_API] timeline HTTP ok=True  shape=list  n=336
[pjeplus] [SEQUENCIAIS_API] timeline HTTP ok=True  shape=list  n=336
[09:47:13] [pjeplus] [INFO] [SEQUENCIAIS_API] 21 documento(s) identificados via API+DOM
[pjeplus] [SEQUENCIAIS_API] 21 documento(s) identificados via API+DOM
[09:47:13] [pjeplus] [INFO] [ARGOS][ETAPA 1]  21 doc(s) identificados via API
[pjeplus] [ARGOS][ETAPA 1]  21 doc(s) identificados via API
[09:47:13] [pjeplus] [INFO] [ARGOS][ETAPA 1]  Encontrados 21 documentos sequenciais
[pjeplus] [ARGOS][ETAPA 1]  Encontrados 21 documentos sequenciais
[09:47:13] [pjeplus] [INFO] [ARGOS][ETAPA 1.5] Removendo sigilo dos documentos sequenciais (se houver)...
[pjeplus] [ARGOS][ETAPA 1.5] Removendo sigilo dos documentos sequenciais (se houver)...
[09:47:13] [pjeplus] [INFO] [SIGILO_API] 0 documento(s) sigilosos identificados via API
[pjeplus] [SIGILO_API] 0 documento(s) sigilosos identificados via API
[09:47:13] [pjeplus] [INFO] [SIGILO_ARGOS] API indisponível — usando varredura de texto no DOM (fallback)
[pjeplus] [SIGILO_ARGOS] API indisponível — usando varredura de texto no DOM (fallback)
[09:47:14] [pjeplus] [INFO] [SIGILO_ARGOS] Concluído (fallback DOM): 0 documento(s) processados
[pjeplus] [SIGILO_ARGOS] Concluído (fallback DOM): 0 documento(s) processados
[09:47:14] [pjeplus] [INFO] [ARGOS][ETAPA 1.5]  Todos os documentos sequenciais sem sigilo
[pjeplus] [ARGOS][ETAPA 1.5]  Todos os documentos sequenciais sem sigilo
[09:47:14] [pjeplus] [INFO] [ARGOS][ETAPA 1.6] Verificando fase do processo para possivel GIGS...
[pjeplus] [ARGOS][ETAPA 1.6] Verificando fase do processo para possivel GIGS...
[09:47:14] [pjeplus] [INFO] [ARGOS][ETAPA 1.6] Fase atual: execucao. GIGS nao criado.
[pjeplus] [ARGOS][ETAPA 1.6] Fase atual: execucao. GIGS nao criado.
[09:47:14] [pjeplus] [INFO] [ARGOS][ETAPA 2] Tratando anexos especiais infojud (sigilo + visibilidade)...
[pjeplus] [ARGOS][ETAPA 2] Tratando anexos especiais infojud (sigilo + visibilidade)...
[09:47:14] [pjeplus] [INFO] [ARGOS][ANEXOS]  Botão de anexos não encontrado com nenhum seletor testado
[pjeplus] [ARGOS][ANEXOS]  Botão de anexos não encontrado com nenhum seletor testado
[09:47:14] [pjeplus] [INFO] [ARGOS][ETAPA 2][AVISO] Nenhum anexo especial encontrado ou processamento não crítico; prosseguindo sem anexos
[pjeplus] [ARGOS][ETAPA 2][AVISO] Nenhum anexo especial encontrado ou processamento não crítico; prosseguindo sem anexos
[09:47:14] [pjeplus] [INFO] [ARGOS][ETAPA 2.5] Certidao sem anexos — ato_meios direto
[pjeplus] [ARGOS][ETAPA 2.5] Certidao sem anexos — ato_meios direto
[09:47:14] [pjeplus] [INFO] [ATO] START
[pjeplus] [ATO] START
[09:47:14] [atos.judicial_fluxo] [INFO] [ATO][TIMING][INICIO] conclusao_tipo=Despacho modelo_nome=xsmeios
[atos.judicial_fluxo] [ATO][TIMING][INICIO] conclusao_tipo=Despacho modelo_nome=xsmeios
[09:47:14] [atos.judicial_fluxo] [INFO] [ATO][CLS] Iniciando fluxo CLS: conclusao_tipo=Despacho
[atos.judicial_fluxo] [ATO][CLS] Iniciando fluxo CLS: conclusao_tipo=Despacho
[09:47:14] [pjeplus] [INFO] [CLS] START
[pjeplus] [CLS] START
[09:47:14] [atos.judicial_fluxo] [INFO] [CLS][TIMING][INICIO]
[atos.judicial_fluxo] [CLS][TIMING][INICIO]
[09:47:14] [atos.judicial_fluxo] [INFO] FLUXO CLS - INICIANDO
[atos.judicial_fluxo] FLUXO CLS - INICIANDO
[09:47:14] [atos.judicial_fluxo] [INFO] ============================================================
[atos.judicial_fluxo] ============================================================
[09:47:14] [atos.judicial_fluxo] [INFO] [CLS][TIMING][CHECK_ESTADO] 0.000s estado=detalhe
[atos.judicial_fluxo] [CLS][TIMING][CHECK_ESTADO] 0.000s estado=detalhe
[09:47:14] [atos.judicial_fluxo] [INFO] [CLS] Passo 1: Estamos em /detalhe — abrindo tarefa do processo...
[atos.judicial_fluxo] [CLS] Passo 1: Estamos em /detalhe — abrindo tarefa do processo...
[09:47:14] [pjeplus] [INFO] [NAVEGAÇÃO] Abrindo tarefa do processo...
[pjeplus] [NAVEGAÇÃO] Abrindo tarefa do processo...
[09:47:14] [pjeplus] [INFO] [NAVEGAÇÃO] Foco trocado para nova aba
[pjeplus] [NAVEGAÇÃO] Foco trocado para nova aba
[09:47:15] [atos.judicial_fluxo] [INFO] [CLS][TIMING][ABRIR_TAREFA] 0.508s sucesso=True
[atos.judicial_fluxo] [CLS][TIMING][ABRIR_TAREFA] 0.508s sucesso=True
[09:47:15] [atos.judicial_fluxo] [INFO] [CLS] Passo 2: Limpando overlays...
[atos.judicial_fluxo] [CLS] Passo 2: Limpando overlays...
[09:47:15] [atos.judicial_fluxo] [INFO] [CLS][TIMING][LIMPAR_OVERLAYS] 0.026s
[atos.judicial_fluxo] [CLS][TIMING][LIMPAR_OVERLAYS] 0.026s
[09:47:15] [atos.judicial_fluxo] [INFO] [CLS] Passo 3: Navegando para conclusão...
[atos.judicial_fluxo] [CLS] Passo 3: Navegando para conclusão...
[09:47:15] [pjeplus] [INFO] [NAVEGAÇÃO] Navegando para Conclusão ao Magistrado...
[pjeplus] [NAVEGAÇÃO] Navegando para Conclusão ao Magistrado...
[09:47:15] [pjeplus] [INFO] [NAVEGAÇÃO] Nome da Tarefa Detectado: "aguardando prazo"
[pjeplus] [NAVEGAÇÃO] Nome da Tarefa Detectado: "aguardando prazo"
[09:47:16] [pjeplus] [INFO] [NAVEGAÇÃO] Clique direto em "Conclusão ao magistrado" realizado
[pjeplus] [NAVEGAÇÃO] Clique direto em "Conclusão ao magistrado" realizado
[09:47:16] [pjeplus] [INFO] [NAVEGAÇÃO] Verificando overlays...
[pjeplus] [NAVEGAÇÃO] Verificando overlays...
[09:47:16] [pjeplus] [INFO] [NAVEGAÇÃO] Navegação para conclusão concluída com sucesso
[pjeplus] [NAVEGAÇÃO] Navegação para conclusão concluída com sucesso
[09:47:16] [atos.judicial_fluxo] [INFO] [CLS][TIMING][NAVEGAR_CONCLUSAO] 1.370s
[atos.judicial_fluxo] [CLS][TIMING][NAVEGAR_CONCLUSAO] 1.370s
[09:47:16] [atos.judicial_fluxo] [INFO] [CLS] Passo 4: Escolhendo tipo de conclusão: Despacho
[atos.judicial_fluxo] [CLS] Passo 4: Escolhendo tipo de conclusão: Despacho
[09:47:16] [pjeplus] [INFO] [CONCLUSÃO] Escolhendo tipo de conclusão: Despacho
[pjeplus] [CONCLUSÃO] Escolhendo tipo de conclusão: Despacho
[09:47:17] [pjeplus] [INFO] [CONCLUSÃO] ✅ Botão de conclusão "Despacho" clicado com sucesso
[pjeplus] [CONCLUSÃO] ✅ Botão de conclusão "Despacho" clicado com sucesso
[09:47:17] [atos.judicial_fluxo] [INFO] [CLS][TIMING][ESCOLHER_TIPO] 1.022s tipo=Despacho
[atos.judicial_fluxo] [CLS][TIMING][ESCOLHER_TIPO] 1.022s tipo=Despacho
[09:47:17] [atos.judicial_fluxo] [INFO] [CLS] Passo 5: Aguardando transição para minutar...
[atos.judicial_fluxo] [CLS] Passo 5: Aguardando transição para minutar...
[09:47:17] [pjeplus] [INFO] [CONCLUSÃO] Aguardando transição para tela de minutar (DOM Observer)...
[pjeplus] [CONCLUSÃO] Aguardando transição para tela de minutar (DOM Observer)...
[09:47:17] [pjeplus] [INFO] [CONCLUSÃO] Transição detectada via renderização do DOM (pje-arvore-modelo-documento)
[pjeplus] [CONCLUSÃO] Transição detectada via renderização do DOM (pje-arvore-modelo-documento)
[09:47:17] [atos.judicial_fluxo] [INFO] [CLS][TIMING][TRANSICAO_MINUTAR] 0.003s
[atos.judicial_fluxo] [CLS][TIMING][TRANSICAO_MINUTAR] 0.003s
[09:47:17] [atos.judicial_fluxo] [INFO] [CLS] Passo 6: Preparando campo de minutar...
[atos.judicial_fluxo] [CLS] Passo 6: Preparando campo de minutar...
[09:47:17] [pjeplus] [INFO] [NAVEGAÇÃO] Preparando campo de filtro para minutar...
[pjeplus] [NAVEGAÇÃO] Preparando campo de filtro para minutar...
[09:47:22] [pjeplus] [INFO] [NAVEGAÇÃO] Campo de filtro preparado com sucesso
[pjeplus] [NAVEGAÇÃO] Campo de filtro preparado com sucesso
[09:47:22] [atos.judicial_fluxo] [INFO] [CLS][TIMING][PREPARAR_CAMPO] 4.919s
[atos.judicial_fluxo] [CLS][TIMING][PREPARAR_CAMPO] 4.919s
[09:47:22] [atos.judicial_fluxo] [INFO] ============================================================
[atos.judicial_fluxo] ============================================================
[09:47:22] [atos.judicial_fluxo] [INFO] FLUXO CLS - CONCLUÍDO COM SUCESSO
[atos.judicial_fluxo] FLUXO CLS - CONCLUÍDO COM SUCESSO
[09:47:22] [atos.judicial_fluxo] [INFO] ============================================================
[atos.judicial_fluxo] ============================================================
[09:47:22] [pjeplus] [INFO] [CLS] FIM {'status': 'sucesso', 'tempo': '7.849s'}
[pjeplus] [CLS] FIM {'status': 'sucesso', 'tempo': '7.849s'}
[09:47:22] [atos.judicial_fluxo] [INFO] [CLS][TIMING][SUCESSO] 7.849s (fluxo completo)
[atos.judicial_fluxo] [CLS][TIMING][SUCESSO] 7.849s (fluxo completo)
[09:47:22] [pjeplus] [INFO] [TEMPO] fluxo_cls.fluxo_cls: 7.850s
[pjeplus] [TEMPO] fluxo_cls.fluxo_cls: 7.850s
[09:47:22] [atos.judicial_fluxo] [INFO] [ATO][TIMING][FLUXO_CLS] 7.850s
[atos.judicial_fluxo] [ATO][TIMING][FLUXO_CLS] 7.850s
[09:47:22] [atos.judicial_fluxo] [INFO] [ATO][MODELO] Preenchendo filtro com modelo: xsmeios
[atos.judicial_fluxo] [ATO][MODELO] Preenchendo filtro com modelo: xsmeios
[09:47:23] [atos.judicial_fluxo] [INFO] [ATO][MODELO] Modelo "xsmeios" preenchido via JS e ENTER pressionado no filtro.
[atos.judicial_fluxo] [ATO][MODELO] Modelo "xsmeios" preenchido via JS e ENTER pressionado no filtro.
[09:47:26] [atos.judicial_fluxo] [INFO] [ATO][MODELO] Clique em nodo-filtrado realizado!
[atos.judicial_fluxo] [ATO][MODELO] Clique em nodo-filtrado realizado!
[09:47:26] [atos.judicial_fluxo] [INFO] [ATO][MODELO] Clique em inserir realizado
[atos.judicial_fluxo] [ATO][MODELO] Clique em inserir realizado
[09:47:26] [atos.judicial_fluxo] [INFO] [ATO][MODELO] Snackbar de inserção detectada — sinal para prosseguir
[atos.judicial_fluxo] [ATO][MODELO] Snackbar de inserção detectada — sinal para prosseguir
[09:47:27] [atos.judicial_fluxo] [INFO] [ATO][MODELO] Modelo inserido (conteúdo confirmado no editor)
[atos.judicial_fluxo] [ATO][MODELO] Modelo inserido (conteúdo confirmado no editor)
[09:47:27] [atos.judicial_fluxo] [INFO] [ATO][SALVAR] Salvando modelo após inserção...
[atos.judicial_fluxo] [ATO][SALVAR] Salvando modelo após inserção...
[09:47:27] [atos.judicial_fluxo] [INFO] [ATO][SALVAR] Clique no botao Salvar realizado
[atos.judicial_fluxo] [ATO][SALVAR] Clique no botao Salvar realizado
[09:47:27] [atos.judicial_fluxo] [INFO] [ATO][SALVAR] Aguardando ativação da aba destinatários...
[atos.judicial_fluxo] [ATO][SALVAR] Aguardando ativação da aba destinatários...
[09:47:28] [atos.judicial_fluxo] [INFO] [ATO][PRAZO] Configurando destinatários/prazos: prazo=5 (apenas_primeiro=True)
[atos.judicial_fluxo] [ATO][PRAZO] Configurando destinatários/prazos: prazo=5 (apenas_primeiro=True)
[09:47:28] [pjeplus] [INFO] [PRAZOS] Preenchendo prazos: 5
[pjeplus] [PRAZOS] Preenchendo prazos: 5
[09:47:28] [pjeplus] [INFO] [PRAZOS] Tabela de destinatários carregada
[pjeplus] [PRAZOS] Tabela de destinatários carregada
[09:47:28] [pjeplus] [INFO] [PRAZOS] Clicando no botão #selecionar-polo-ativo...
[pjeplus] [PRAZOS] Clicando no botão #selecionar-polo-ativo...
[09:47:28] [pjeplus] [INFO] [PRAZOS] Botão #selecionar-polo-ativo clicado com sucesso
[pjeplus] [PRAZOS] Botão #selecionar-polo-ativo clicado com sucesso
[09:47:28] [pjeplus] [INFO] [PRAZOS] Encontrados 1 campos de prazo
[pjeplus] [PRAZOS] Encontrados 1 campos de prazo
[09:47:29] [pjeplus] [INFO] [PRAZOS] Campo 1 preenchido com prazo: 5
[pjeplus] [PRAZOS] Campo 1 preenchido com prazo: 5
[09:47:29] [pjeplus] [INFO] [PRAZOS] Preenchimento de destinatários e prazos concluído
[pjeplus] [PRAZOS] Preenchimento de destinatários e prazos concluído
[09:47:29] [atos.judicial_fluxo] [INFO] [ATO][PRAZO] Destinatários e prazos concluídos com sucesso
[atos.judicial_fluxo] [ATO][PRAZO] Destinatários e prazos concluídos com sucesso
[09:47:29] [atos.judicial_fluxo] [INFO] [ATO][PEC] Parâmetro marcar_pec=False (desejado: desmarcar)
[atos.judicial_fluxo] [ATO][PEC] Parâmetro marcar_pec=False (desejado: desmarcar)
[09:47:29] [atos.judicial_fluxo] [INFO] [ATO][PEC] Estado inicial: marcado → alterado para: desmarcado
[atos.judicial_fluxo] [ATO][PEC] Estado inicial: marcado → alterado para: desmarcado
[09:47:29] [atos.judicial_fluxo] [INFO] [ATO][GRAVAR] Gravando intimações...
[atos.judicial_fluxo] [ATO][GRAVAR] Gravando intimações...
[09:47:29] [atos.judicial_fluxo] [INFO] [ATO][GRAVAR] Intimações gravadas
[atos.judicial_fluxo] [ATO][GRAVAR] Intimações gravadas
[09:47:29] [atos.judicial_fluxo] [INFO] [ATO][SALVAR_FINAL] Salvando ato...
[atos.judicial_fluxo] [ATO][SALVAR_FINAL] Salvando ato...
[09:47:30] [atos.judicial_fluxo] [INFO] [ATO][SALVAR_FINAL] Ato salvo
[atos.judicial_fluxo] [ATO][SALVAR_FINAL] Ato salvo
[09:47:30] [atos.judicial_fluxo] [INFO] ============================================================
[atos.judicial_fluxo] ============================================================
[09:47:30] [atos.judicial_fluxo] [INFO] ATO JUDICIAL - CONCLUÍDO COM SUCESSO
[atos.judicial_fluxo] ATO JUDICIAL - CONCLUÍDO COM SUCESSO
[09:47:30] [atos.judicial_fluxo] [INFO] ============================================================
[atos.judicial_fluxo] ============================================================
[09:47:30] [pjeplus] [INFO] [ATO] FIM {'status': 'sucesso', 'sigilo': False, 'tempo': '15.770s'}
[pjeplus] [ATO] FIM {'status': 'sucesso', 'sigilo': False, 'tempo': '15.770s'}
[09:47:30] [atos.judicial_fluxo] [INFO] [ATO][TIMING][SUCESSO] 15.770s (fluxo completo)
[atos.judicial_fluxo] [ATO][TIMING][SUCESSO] 15.770s (fluxo completo)
[09:47:30] [Fix.monitoramento_progresso_unificado] [INFO] [PROGRESSO_MANDADO] ✅ Progresso carregado: 0 executados, 0 com erro
[Fix.monitoramento_progresso_unificado] [PROGRESSO_MANDADO] ✅ Progresso carregado: 0 executados, 0 com erro
[09:47:30] [Fix.monitoramento_progresso_unificado] [INFO] [PROGRESSO_MANDADO][1000677-32.2018.5.02.0703] ✅ Processo marcado como executado
[Fix.monitoramento_progresso_unificado] [PROGRESSO_MANDADO][1000677-32.2018.5.02.0703] ✅ Processo marcado como executado
[09:47:30] [Fix.monitoramento_progresso_unificado] [INFO] [PROGRESSO_MANDADO]  Progresso salvo com segurança
[Fix.monitoramento_progresso_unificado] [PROGRESSO_MANDADO]  Progresso salvo com segurança
[09:47:30] [Fix.monitoramento_progresso_unificado] [INFO] [PROGRESSO_MANDADO] ✅ Progresso carregado: 1 executados, 0 com erro
[Fix.monitoramento_progresso_unificado] [PROGRESSO_MANDADO] ✅ Progresso carregado: 1 executados, 0 com erro
[09:47:30] [pjeplus] [INFO] [MANDADOS_API][BLOCO1] Processando Argos/Sigilo: #1001708-12.2025.5.02.0002
[pjeplus] [MANDADOS_API][BLOCO1] Processando Argos/Sigilo: #1001708-12.2025.5.02.0002
[09:47:30] [pjeplus] [INFO] [ARGOS][TIMING][PROCESAR_ARGOS][INICIO]
[pjeplus] [ARGOS][TIMING][PROCESAR_ARGOS][INICIO]
[09:47:30] [pjeplus] [INFO] [ARGOS][INICIO] Iniciando processamento do fluxo Argos com sequência rigorosa
[pjeplus] [ARGOS][INICIO] Iniciando processamento do fluxo Argos com sequência rigorosa
[09:47:30] [pjeplus] [INFO] [ARGOS][ETAPA 0] Fechando intimação...
[pjeplus] [ARGOS][ETAPA 0] Fechando intimação...
[09:47:30] [pjeplus] [INFO] [INTIMACAO] === INICIO ===
[pjeplus] [INTIMACAO] === INICIO ===
[09:47:30] [pjeplus] [INFO] [INTIMACAO] [1] Tentando abrir menu #botao-menu...
[pjeplus] [INTIMACAO] [1] Tentando abrir menu #botao-menu...
[09:47:30] [pjeplus] [INFO] [INTIMACAO] [1]  Menu aberto
[pjeplus] [INTIMACAO] [1]  Menu aberto
[09:47:30] [pjeplus] [INFO] [INTIMACAO] [2] Tentando clicar Expedientes...
[pjeplus] [INTIMACAO] [2] Tentando clicar Expedientes...
[09:47:31] [pjeplus] [INFO] [INTIMACAO] [2]  Botao Expedientes clicado
[pjeplus] [INTIMACAO] [2]  Botao Expedientes clicado
[09:47:31] [pjeplus] [INFO] [INTIMACAO] [3] Aguardando modal abrir...
[pjeplus] [INTIMACAO] [3] Aguardando modal abrir...
[09:47:31] [pjeplus] [INFO] [INTIMACAO] [4] Buscando linhas com prazo 30...
[pjeplus] [INTIMACAO] [4] Buscando linhas com prazo 30...
[09:47:31] [pjeplus] [INFO] [INTIMACAO] [4] Total de linhas encontradas: 10
[pjeplus] [INTIMACAO] [4] Total de linhas encontradas: 10
[09:47:31] [pjeplus] [INFO] [INTIMACAO] [4]  Linha 1 selecionada (prazo 30, nao fechado)
[pjeplus] [INTIMACAO] [4]  Linha 1 selecionada (prazo 30, nao fechado)
[09:47:31] [pjeplus] [INFO] [INTIMACAO] [5] Tentando marcar checkbox...
[pjeplus] [INTIMACAO] [5] Tentando marcar checkbox...
[09:47:32] [pjeplus] [INFO] [INTIMACAO] [5]  Checkbox marcado
[pjeplus] [INTIMACAO] [5]  Checkbox marcado
[09:47:32] [pjeplus] [INFO] [INTIMACAO] [6] Tentando clicar Fechar Expedientes...
[pjeplus] [INTIMACAO] [6] Tentando clicar Fechar Expedientes...
[09:47:32] [pjeplus] [INFO] [INTIMACAO] [6]  Botao Fechar Expedientes clicado
[pjeplus] [INTIMACAO] [6]  Botao Fechar Expedientes clicado
[09:47:32] [pjeplus] [INFO] [INTIMACAO] [7] Confirmando fechamento...
[pjeplus] [INTIMACAO] [7] Confirmando fechamento...
[09:47:32] [pjeplus] [INFO] [INTIMACAO] [8] Aguardando timeline estabilizar...
[pjeplus] [INTIMACAO] [8] Aguardando timeline estabilizar...
[09:47:32] [pjeplus] [INFO] [INTIMACAO] === SUCESSO ===
[pjeplus] [INTIMACAO] === SUCESSO ===
[09:47:32] [pjeplus] [INFO] [ARGOS][ETAPA 0]  Intimação fechada com sucesso
[pjeplus] [ARGOS][ETAPA 0]  Intimação fechada com sucesso
[09:47:32] [pjeplus] [INFO] [ARGOS][ETAPA 1] Identificando documentos sequenciais (certidão, ordem de pesquisa, cálculos, intimação, decisão)...
[pjeplus] [ARGOS][ETAPA 1] Identificando documentos sequenciais (certidão, ordem de pesquisa, cálculos, intimação, decisão)...
[09:47:32] [pjeplus] [INFO] [SEQUENCIAIS_API] timeline HTTP ok=True  shape=list  n=75
[pjeplus] [SEQUENCIAIS_API] timeline HTTP ok=True  shape=list  n=75
[09:47:33] [pjeplus] [INFO] [SEQUENCIAIS_API] 5 documento(s) identificados via API+DOM
[pjeplus] [SEQUENCIAIS_API] 5 documento(s) identificados via API+DOM
[09:47:33] [pjeplus] [INFO] [ARGOS][ETAPA 1]  5 doc(s) identificados via API
[pjeplus] [ARGOS][ETAPA 1]  5 doc(s) identificados via API
[09:47:33] [pjeplus] [INFO] [ARGOS][ETAPA 1]  Encontrados 5 documentos sequenciais
[pjeplus] [ARGOS][ETAPA 1]  Encontrados 5 documentos sequenciais
[09:47:33] [pjeplus] [INFO] [ARGOS][ETAPA 1.5] Removendo sigilo dos documentos sequenciais (se houver)...
[pjeplus] [ARGOS][ETAPA 1.5] Removendo sigilo dos documentos sequenciais (se houver)...
[09:47:33] [pjeplus] [INFO] [SIGILO_API] 0 documento(s) sigilosos identificados via API
[pjeplus] [SIGILO_API] 0 documento(s) sigilosos identificados via API
[09:47:33] [pjeplus] [INFO] [SIGILO_ARGOS] API indisponível — usando varredura de texto no DOM (fallback)
[pjeplus] [SIGILO_ARGOS] API indisponível — usando varredura de texto no DOM (fallback)
[09:47:35] [pjeplus] [INFO] [SIGILO_ARGOS] Concluído (fallback DOM): 5 documento(s) processados
[pjeplus] [SIGILO_ARGOS] Concluído (fallback DOM): 5 documento(s) processados
[09:47:35] [pjeplus] [INFO] [ARGOS][ETAPA 1.5]  5 documento(s) tiveram sigilo removido
[pjeplus] [ARGOS][ETAPA 1.5]  5 documento(s) tiveram sigilo removido
[09:47:35] [pjeplus] [INFO] [ARGOS][ETAPA 1.6] Verificando fase do processo para possivel GIGS...
[pjeplus] [ARGOS][ETAPA 1.6] Verificando fase do processo para possivel GIGS...
[09:47:35] [pjeplus] [INFO] [ARGOS][ETAPA 1.6] Fase atual: execucao. GIGS nao criado.
[pjeplus] [ARGOS][ETAPA 1.6] Fase atual: execucao. GIGS nao criado.
[09:47:35] [pjeplus] [INFO] [ARGOS][ETAPA 2] Tratando anexos especiais infojud (sigilo + visibilidade)...
[pjeplus] [ARGOS][ETAPA 2] Tratando anexos especiais infojud (sigilo + visibilidade)...
[09:47:35] [pjeplus] [INFO] [ARGOS][ANEXOS][SELETOR_BOTAO] ✅ Funcionou com: "button.botao-anexos"
[pjeplus] [ARGOS][ANEXOS][SELETOR_BOTAO] ✅ Funcionou com: "button.botao-anexos"
[09:47:35] [pjeplus] [INFO] [ARGOS][ANEXOS]  Anexos abertos (via clique no botão de anexos)
[pjeplus] [ARGOS][ANEXOS]  Anexos abertos (via clique no botão de anexos)
[09:47:35] [pjeplus] [INFO] [ARGOS][ANEXOS]  10 anexos encontrados
[pjeplus] [ARGOS][ANEXOS]  10 anexos encontrados
[09:47:35] [pjeplus] [INFO] [ARGOS][ANEXOS] Ativando múltipla seleção...
[pjeplus] [ARGOS][ANEXOS] Ativando múltipla seleção...
[09:47:35] [pjeplus] [INFO] [ARGOS][ANEXOS]  ✅ Múltipla seleção ativada
[pjeplus] [ARGOS][ANEXOS]  ✅ Múltipla seleção ativada
[09:47:35] [pjeplus] [INFO] [ARGOS][ANEXOS] === FASE 1: INSERIR SIGILO INDIVIDUALMENTE ===
[pjeplus] [ARGOS][ANEXOS] === FASE 1: INSERIR SIGILO INDIVIDUALMENTE ===
[09:47:36] [pjeplus] [INFO] [ARGOS][ANEXOS]  ✅ Sigilo inserido: INFOJUD
[pjeplus] [ARGOS][ANEXOS]  ✅ Sigilo inserido: INFOJUD
[09:47:36] [pjeplus] [INFO] [ARGOS][ANEXOS]  ✅ Sigilo inserido: INFOJUD
[pjeplus] [ARGOS][ANEXOS]  ✅ Sigilo inserido: INFOJUD
[09:47:36] [pjeplus] [INFO] [ARGOS][ANEXOS] 2 anexo(s) receberam sigilo
[pjeplus] [ARGOS][ANEXOS] 2 anexo(s) receberam sigilo
[09:47:36] [pjeplus] [INFO] [ARGOS][ANEXOS] === FASE 2: APLICAR VISIBILIDADE EM LOTE ===
[pjeplus] [ARGOS][ANEXOS] === FASE 2: APLICAR VISIBILIDADE EM LOTE ===
[09:47:36] [atos.anexos_sigilo] [INFO] [VISIBILIDADE_LOTE] Abrindo modal de visibilidade...
[atos.anexos_sigilo] [VISIBILIDADE_LOTE] Abrindo modal de visibilidade...
[09:47:36] [atos.anexos_sigilo] [INFO] [VISIBILIDADE_LOTE] Modal detectado, aguardando conteúdo carregar...
[atos.anexos_sigilo] [VISIBILIDADE_LOTE] Modal detectado, aguardando conteúdo carregar...
[09:47:37] [atos.anexos_sigilo] [INFO] [VISIBILIDADE_LOTE] Marcando todas as partes no modal...
[atos.anexos_sigilo] [VISIBILIDADE_LOTE] Marcando todas as partes no modal...
[09:47:37] [atos.anexos_sigilo] [INFO] [VISIBILIDADE_LOTE] Salvando configuração...
[atos.anexos_sigilo] [VISIBILIDADE_LOTE] Salvando configuração...
[09:47:37] [atos.anexos_sigilo] [INFO] [VISIBILIDADE_LOTE] ✅ Visibilidade em lote aplicada com sucesso
[atos.anexos_sigilo] [VISIBILIDADE_LOTE] ✅ Visibilidade em lote aplicada com sucesso
[09:47:37] [pjeplus] [INFO] [ARGOS][ANEXOS]  ✅ Visibilidade em lote aplicada com sucesso
[pjeplus] [ARGOS][ANEXOS]  ✅ Visibilidade em lote aplicada com sucesso
[09:47:37] [pjeplus] [INFO] [ARGOS][ETAPA 2]  Anexos especiais processados com sucesso
[pjeplus] [ARGOS][ETAPA 2]  Anexos especiais processados com sucesso
[09:47:37] [pjeplus] [INFO] [ARGOS][ETAPA 3] Lendo certidão de devolução para análise SISBAJUD...
[pjeplus] [ARGOS][ETAPA 3] Lendo certidão de devolução para análise SISBAJUD...
[09:47:37] [pjeplus] [INFO] [CERTIDAO_API] Certidão encontrada: uid=488056956
[pjeplus] [CERTIDAO_API] Certidão encontrada: uid=488056956
[09:47:37] [pjeplus] [INFO] [CERTIDAO_API] Baixando PDF: https://pje.trt2.jus.br/pje-comum-api/api/processos/id/7800912/documentos/id/488056956/conteudo
[pjeplus] [CERTIDAO_API] Baixando PDF: https://pje.trt2.jus.br/pje-comum-api/api/processos/id/7800912/documentos/id/488056956/conteudo
[09:47:38] [pjeplus] [INFO] [CERTIDAO_API] Texto extraído: 4089 chars
[pjeplus] [CERTIDAO_API] Texto extraído: 4089 chars
[09:47:38] [pjeplus] [INFO] [ARGOS][ETAPA 3] Certidão extraída: 4089 chars
[pjeplus] [ARGOS][ETAPA 3] Certidão extraída: 4089 chars
[09:47:38] [pjeplus] [INFO] [ARGOS][ETAPA 3] SISBAJUD POSITIVO: SISBAJUD Positivo na seção Bloqueio de valores
[pjeplus] [ARGOS][ETAPA 3] SISBAJUD POSITIVO: SISBAJUD Positivo na seção Bloqueio de valores
[09:47:38] [pjeplus] [INFO] [ARGOS][TIMING][ETAPA4][INICIO] Iniciando busca e aplicação de regras ARGOS (API)
[pjeplus] [ARGOS][TIMING][ETAPA4][INICIO] Iniciando busca e aplicação de regras ARGOS (API)
[09:47:39] [pjeplus] [INFO] [ARGOS_API] 15 documento(s) despacho/decisão encontrados na timeline
[pjeplus] [ARGOS_API] 15 documento(s) despacho/decisão encontrados na timeline
[09:47:39] [pjeplus] [INFO] [ARGOS_API] Documento tipo=Decisão extraído: 1375 chars
[pjeplus] [ARGOS_API] Documento tipo=Decisão extraído: 1375 chars
[09:47:39] [pjeplus] [INFO] [ARGOS_API] Documento tipo=Decisão extraído: 1948 chars
[pjeplus] [ARGOS_API] Documento tipo=Decisão extraído: 1948 chars
[09:47:39] [pjeplus] [INFO] [ARGOS_API] Documento tipo=Despacho extraído: 937 chars
[pjeplus] [ARGOS_API] Documento tipo=Despacho extraído: 937 chars
[09:47:39] [pjeplus] [INFO] [ARGOS_API] Extração concluída: 3/3 documentos extraídos
[pjeplus] [ARGOS_API] Extração concluída: 3/3 documentos extraídos
[09:47:39] [pjeplus] [INFO] [ARGOS][ETAPA 4] Usando extração API (3 documento(s) para testar)
[pjeplus] [ARGOS][ETAPA 4] Usando extração API (3 documento(s) para testar)
[09:47:39] [pjeplus] [INFO] [ARGOS][ETAPA 4] Testando documento 1/3 (API idx #5, tipo: Decisão)...
[pjeplus] [ARGOS][ETAPA 4] Testando documento 1/3 (API idx #5, tipo: Decisão)...
[09:47:40] [PEC.runtime_pec] [INFO] [PROGRESSO_PEC]  Numero extraido da URL: 7800912
[PEC.runtime_pec] [PROGRESSO_PEC]  Numero extraido da URL: 7800912
[09:47:40] [Mandado.regras] [INFO] [ARGOS][REGRAS][REGISTRY] Text match: bucket=tendo_vista
[Mandado.regras] [ARGOS][REGRAS][REGISTRY] Text match: bucket=tendo_vista
[09:47:40] [Mandado.regras] [INFO] [ARGOS][REGRAS] Regra decisao+tendo_em_vista reconhecida
[Mandado.regras] [ARGOS][REGRAS] Regra decisao+tendo_em_vista reconhecida
[09:47:40] [Mandado.regras] [INFO] [ARGOS][REGRAS] API partes: 2 reclamada(s)
[Mandado.regras] [ARGOS][REGRAS] API partes: 2 reclamada(s)
[09:47:40] [Mandado.regras] [INFO] [ARGOS][REGRAS] Chamando ato_bloq (multiplas reclamadas, SISBAJUD positivo/indefinido)
[Mandado.regras] [ARGOS][REGRAS] Chamando ato_bloq (multiplas reclamadas, SISBAJUD positivo/indefinido)
[09:47:40] [Mandado.regras] [INFO] [ARGOS][REGRAS] SISBAJUD positivo: criando lembrete de bloqueio (aguarda finalizar)
[Mandado.regras] [ARGOS][REGRAS] SISBAJUD positivo: criando lembrete de bloqueio (aguarda finalizar)
[09:47:41] [Mandado.regras] [INFO] [ARGOS][REGRAS] lembrete_bloq finalizado em 0.61s
[Mandado.regras] [ARGOS][REGRAS] lembrete_bloq finalizado em 0.61s
[09:47:41] [pjeplus] [INFO] [ATO] START
[pjeplus] [ATO] START
[09:47:41] [atos.judicial_fluxo] [INFO] [ATO][TIMING][INICIO] conclusao_tipo=Despacho modelo_nome=xsparcial
[atos.judicial_fluxo] [ATO][TIMING][INICIO] conclusao_tipo=Despacho modelo_nome=xsparcial
[09:47:41] [atos.judicial_fluxo] [INFO] [ATO][CLS] Iniciando fluxo CLS: conclusao_tipo=Despacho
[atos.judicial_fluxo] [ATO][CLS] Iniciando fluxo CLS: conclusao_tipo=Despacho
[09:47:41] [pjeplus] [INFO] [CLS] START
[pjeplus] [CLS] START
[09:47:41] [atos.judicial_fluxo] [INFO] [CLS][TIMING][INICIO]
[atos.judicial_fluxo] [CLS][TIMING][INICIO]
[09:47:41] [atos.judicial_fluxo] [INFO] FLUXO CLS - INICIANDO
[atos.judicial_fluxo] FLUXO CLS - INICIANDO
[09:47:41] [atos.judicial_fluxo] [INFO] ============================================================
[atos.judicial_fluxo] ============================================================
[09:47:41] [atos.judicial_fluxo] [INFO] [CLS][TIMING][CHECK_ESTADO] 0.000s estado=detalhe
[atos.judicial_fluxo] [CLS][TIMING][CHECK_ESTADO] 0.000s estado=detalhe
[09:47:41] [atos.judicial_fluxo] [INFO] [CLS] Passo 1: Estamos em /detalhe — abrindo tarefa do processo...
[atos.judicial_fluxo] [CLS] Passo 1: Estamos em /detalhe — abrindo tarefa do processo...
[09:47:41] [pjeplus] [INFO] [NAVEGAÇÃO] Abrindo tarefa do processo...
[pjeplus] [NAVEGAÇÃO] Abrindo tarefa do processo...
[09:47:41] [pjeplus] [INFO] [NAVEGAÇÃO] Foco trocado para nova aba
[pjeplus] [NAVEGAÇÃO] Foco trocado para nova aba
[09:47:41] [atos.judicial_fluxo] [INFO] [CLS][TIMING][ABRIR_TAREFA] 0.449s sucesso=True
[atos.judicial_fluxo] [CLS][TIMING][ABRIR_TAREFA] 0.449s sucesso=True
[09:47:41] [atos.judicial_fluxo] [INFO] [CLS] Passo 2: Limpando overlays...
[atos.judicial_fluxo] [CLS] Passo 2: Limpando overlays...
[09:47:41] [atos.judicial_fluxo] [INFO] [CLS][TIMING][LIMPAR_OVERLAYS] 0.046s
[atos.judicial_fluxo] [CLS][TIMING][LIMPAR_OVERLAYS] 0.046s
[09:47:41] [atos.judicial_fluxo] [INFO] [CLS] Passo 3: Navegando para conclusão...
[atos.judicial_fluxo] [CLS] Passo 3: Navegando para conclusão...
[09:47:41] [pjeplus] [INFO] [NAVEGAÇÃO] Navegando para Conclusão ao Magistrado...
[pjeplus] [NAVEGAÇÃO] Navegando para Conclusão ao Magistrado...
[09:47:41] [pjeplus] [INFO] [NAVEGAÇÃO] Nome da Tarefa Detectado: "aguardando prazo"
[pjeplus] [NAVEGAÇÃO] Nome da Tarefa Detectado: "aguardando prazo"
[09:47:42] [pjeplus] [INFO] [NAVEGAÇÃO] Clique direto em "Conclusão ao magistrado" realizado
[pjeplus] [NAVEGAÇÃO] Clique direto em "Conclusão ao magistrado" realizado
[09:47:42] [pjeplus] [INFO] [NAVEGAÇÃO] Verificando overlays...
[pjeplus] [NAVEGAÇÃO] Verificando overlays...
[09:47:42] [pjeplus] [INFO] [NAVEGAÇÃO] Navegação para conclusão concluída com sucesso
[pjeplus] [NAVEGAÇÃO] Navegação para conclusão concluída com sucesso
[09:47:42] [atos.judicial_fluxo] [INFO] [CLS][TIMING][NAVEGAR_CONCLUSAO] 1.006s
[atos.judicial_fluxo] [CLS][TIMING][NAVEGAR_CONCLUSAO] 1.006s
[09:47:42] [atos.judicial_fluxo] [INFO] [CLS] Passo 4: Escolhendo tipo de conclusão: Despacho
[atos.judicial_fluxo] [CLS] Passo 4: Escolhendo tipo de conclusão: Despacho
[09:47:42] [pjeplus] [INFO] [CONCLUSÃO] Escolhendo tipo de conclusão: Despacho
[pjeplus] [CONCLUSÃO] Escolhendo tipo de conclusão: Despacho
[09:47:44] [pjeplus] [INFO] [CONCLUSÃO] ✅ Botão de conclusão "Despacho" clicado com sucesso
[pjeplus] [CONCLUSÃO] ✅ Botão de conclusão "Despacho" clicado com sucesso
[09:47:44] [atos.judicial_fluxo] [INFO] [CLS][TIMING][ESCOLHER_TIPO] 1.548s tipo=Despacho
[atos.judicial_fluxo] [CLS][TIMING][ESCOLHER_TIPO] 1.548s tipo=Despacho
[09:47:44] [atos.judicial_fluxo] [INFO] [CLS] Passo 5: Aguardando transição para minutar...
[atos.judicial_fluxo] [CLS] Passo 5: Aguardando transição para minutar...
[09:47:44] [pjeplus] [INFO] [CONCLUSÃO] Aguardando transição para tela de minutar (DOM Observer)...
[pjeplus] [CONCLUSÃO] Aguardando transição para tela de minutar (DOM Observer)...
[09:47:44] [pjeplus] [INFO] [CONCLUSÃO] Transição detectada via renderização do DOM (pje-arvore-modelo-documento)
[pjeplus] [CONCLUSÃO] Transição detectada via renderização do DOM (pje-arvore-modelo-documento)
[09:47:44] [atos.judicial_fluxo] [INFO] [CLS][TIMING][TRANSICAO_MINUTAR] 0.003s
[atos.judicial_fluxo] [CLS][TIMING][TRANSICAO_MINUTAR] 0.003s
[09:47:44] [atos.judicial_fluxo] [INFO] [CLS] Passo 6: Preparando campo de minutar...
[atos.judicial_fluxo] [CLS] Passo 6: Preparando campo de minutar...
[09:47:44] [pjeplus] [INFO] [NAVEGAÇÃO] Preparando campo de filtro para minutar...
[pjeplus] [NAVEGAÇÃO] Preparando campo de filtro para minutar...
[09:47:49] [pjeplus] [INFO] [NAVEGAÇÃO] Campo de filtro preparado com sucesso
[pjeplus] [NAVEGAÇÃO] Campo de filtro preparado com sucesso
[09:47:49] [atos.judicial_fluxo] [INFO] [CLS][TIMING][PREPARAR_CAMPO] 5.137s
[atos.judicial_fluxo] [CLS][TIMING][PREPARAR_CAMPO] 5.137s
[09:47:49] [atos.judicial_fluxo] [INFO] ============================================================
[atos.judicial_fluxo] ============================================================
[09:47:49] [atos.judicial_fluxo] [INFO] FLUXO CLS - CONCLUÍDO COM SUCESSO
[atos.judicial_fluxo] FLUXO CLS - CONCLUÍDO COM SUCESSO
[09:47:49] [atos.judicial_fluxo] [INFO] ============================================================
[atos.judicial_fluxo] ============================================================
[09:47:49] [pjeplus] [INFO] [CLS] FIM {'status': 'sucesso', 'tempo': '8.192s'}
[pjeplus] [CLS] FIM {'status': 'sucesso', 'tempo': '8.192s'}
[09:47:49] [atos.judicial_fluxo] [INFO] [CLS][TIMING][SUCESSO] 8.192s (fluxo completo)
[atos.judicial_fluxo] [CLS][TIMING][SUCESSO] 8.192s (fluxo completo)
[09:47:49] [pjeplus] [INFO] [TEMPO] fluxo_cls.fluxo_cls: 8.192s
[pjeplus] [TEMPO] fluxo_cls.fluxo_cls: 8.192s
[09:47:49] [atos.judicial_fluxo] [INFO] [ATO][TIMING][FLUXO_CLS] 8.193s
[atos.judicial_fluxo] [ATO][TIMING][FLUXO_CLS] 8.193s
[09:47:49] [atos.judicial_fluxo] [INFO] [ATO][MODELO] Preenchendo filtro com modelo: xsparcial
[atos.judicial_fluxo] [ATO][MODELO] Preenchendo filtro com modelo: xsparcial
[09:47:49] [atos.judicial_fluxo] [INFO] [ATO][MODELO] Modelo "xsparcial" preenchido via JS e ENTER pressionado no filtro.
[atos.judicial_fluxo] [ATO][MODELO] Modelo "xsparcial" preenchido via JS e ENTER pressionado no filtro.
[09:47:52] [atos.judicial_fluxo] [INFO] [ATO][MODELO] Clique em nodo-filtrado realizado!
[atos.judicial_fluxo] [ATO][MODELO] Clique em nodo-filtrado realizado!
[09:47:52] [atos.judicial_fluxo] [INFO] [ATO][MODELO] Clique em inserir realizado
[atos.judicial_fluxo] [ATO][MODELO] Clique em inserir realizado
[09:47:52] [atos.judicial_fluxo] [INFO] [ATO][MODELO] Snackbar de inserção detectada — sinal para prosseguir
[atos.judicial_fluxo] [ATO][MODELO] Snackbar de inserção detectada — sinal para prosseguir
[09:47:53] [atos.judicial_fluxo] [INFO] [ATO][MODELO] Modelo inserido (conteúdo confirmado no editor)
[atos.judicial_fluxo] [ATO][MODELO] Modelo inserido (conteúdo confirmado no editor)
[09:47:53] [atos.judicial_fluxo] [INFO] [ATO][SALVAR] Salvando modelo após inserção...
[atos.judicial_fluxo] [ATO][SALVAR] Salvando modelo após inserção...
[09:47:53] [atos.judicial_fluxo] [INFO] [ATO][SALVAR] Clique no botao Salvar realizado
[atos.judicial_fluxo] [ATO][SALVAR] Clique no botao Salvar realizado
[09:47:53] [atos.judicial_fluxo] [INFO] [ATO][SALVAR] Aguardando ativação da aba destinatários...
[atos.judicial_fluxo] [ATO][SALVAR] Aguardando ativação da aba destinatários...
[09:47:54] [atos.judicial_fluxo] [INFO] [ATO][PEC] Parâmetro marcar_pec=True (desejado: marcar)
[atos.judicial_fluxo] [ATO][PEC] Parâmetro marcar_pec=True (desejado: marcar)
[09:47:54] [atos.judicial_fluxo] [INFO] [ATO][PEC] Estado inicial: desmarcado → alterado para: desmarcado
[atos.judicial_fluxo] [ATO][PEC] Estado inicial: desmarcado → alterado para: desmarcado
[09:47:54] [atos.judicial_fluxo] [INFO] [ATO][GRAVAR] Gravando intimações...
[atos.judicial_fluxo] [ATO][GRAVAR] Gravando intimações...
[09:47:54] [atos.judicial_fluxo] [INFO] [ATO][GRAVAR] Intimações gravadas
[atos.judicial_fluxo] [ATO][GRAVAR] Intimações gravadas
[09:47:54] [atos.judicial_fluxo] [INFO] [ATO][SALVAR_FINAL] Salvando ato...
[atos.judicial_fluxo] [ATO][SALVAR_FINAL] Salvando ato...
[09:47:54] [atos.judicial_fluxo] [INFO] [ATO][SALVAR_FINAL] Ato salvo
[atos.judicial_fluxo] [ATO][SALVAR_FINAL] Ato salvo
[09:47:54] [atos.judicial_fluxo] [INFO] ============================================================
[atos.judicial_fluxo] ============================================================
[09:47:54] [atos.judicial_fluxo] [INFO] ATO JUDICIAL - CONCLUÍDO COM SUCESSO
[atos.judicial_fluxo] ATO JUDICIAL - CONCLUÍDO COM SUCESSO
[09:47:54] [atos.judicial_fluxo] [INFO] ============================================================
[atos.judicial_fluxo] ============================================================
[09:47:54] [pjeplus] [INFO] [ATO] FIM {'status': 'sucesso', 'sigilo': False, 'tempo': '13.264s'}
[pjeplus] [ATO] FIM {'status': 'sucesso', 'sigilo': False, 'tempo': '13.264s'}
[09:47:54] [atos.judicial_fluxo] [INFO] [ATO][TIMING][SUCESSO] 13.264s (fluxo completo)
[atos.judicial_fluxo] [ATO][TIMING][SUCESSO] 13.264s (fluxo completo)
[09:47:54] [Mandado.regras] [INFO] [ARGOS][REGRAS] ato_bloq finalizado em 13.26s
[Mandado.regras] [ARGOS][REGRAS] ato_bloq finalizado em 13.26s
[09:47:54] [Mandado.regras] [INFO] [ARGOS][REGRAS] Estrategia "decisao+tendo_em_vista" aplicada em 14.43s
[Mandado.regras] [ARGOS][REGRAS] Estrategia "decisao+tendo_em_vista" aplicada em 14.43s
[09:47:54] [Mandado.regras] [INFO] [ARGOS][REGRAS] Tempo total ate aplicar regra: 14.43s
[Mandado.regras] [ARGOS][REGRAS] Tempo total ate aplicar regra: 14.43s
[09:47:54] [pjeplus] [INFO] [ARGOS][TIMING][APLICAR_REGRAS] 14.426s
[pjeplus] [ARGOS][TIMING][APLICAR_REGRAS] 14.426s
[09:47:54] [pjeplus] [INFO] [ARGOS][ETAPA 4] ✅ SUCESSO: Regra aplicada no documento #5 (1/3)
[pjeplus] [ARGOS][ETAPA 4] ✅ SUCESSO: Regra aplicada no documento #5 (1/3)
[09:47:54] [pjeplus] [INFO] [ARGOS][TIMING][ETAPA4][TOTAL] 15.903s documentos_testados=1 regra_aplicada=True
[pjeplus] [ARGOS][TIMING][ETAPA4][TOTAL] 15.903s documentos_testados=1 regra_aplicada=True
[09:47:54] [pjeplus] [INFO] [ARGOS][TIMING][PROCESSAR_ARGOS][SUCESSO] 23.898s
[pjeplus] [ARGOS][TIMING][PROCESSAR_ARGOS][SUCESSO] 23.898s
[09:47:54] [Fix.monitoramento_progresso_unificado] [INFO] [PROGRESSO_MANDADO] ✅ Progresso carregado: 1 executados, 0 com erro
[Fix.monitoramento_progresso_unificado] [PROGRESSO_MANDADO] ✅ Progresso carregado: 1 executados, 0 com erro
[09:47:54] [Fix.monitoramento_progresso_unificado] [INFO] [PROGRESSO_MANDADO][1001708-12.2025.5.02.0002] ✅ Processo marcado como executado
[Fix.monitoramento_progresso_unificado] [PROGRESSO_MANDADO][1001708-12.2025.5.02.0002] ✅ Processo marcado como executado
[09:47:54] [Fix.monitoramento_progresso_unificado] [INFO] [PROGRESSO_MANDADO]  Progresso salvo com segurança
[Fix.monitoramento_progresso_unificado] [PROGRESSO_MANDADO]  Progresso salvo com segurança
[09:47:54] [Fix.monitoramento_progresso_unificado] [INFO] [PROGRESSO_MANDADO] ✅ Progresso carregado: 2 executados, 0 com erro
[Fix.monitoramento_progresso_unificado] [PROGRESSO_MANDADO] ✅ Progresso carregado: 2 executados, 0 com erro
[09:47:54] [pjeplus] [INFO] [MANDADOS_API][BLOCO1] Processando Argos/Sigilo: #1000476-59.2026.5.02.0703
[pjeplus] [MANDADOS_API][BLOCO1] Processando Argos/Sigilo: #1000476-59.2026.5.02.0703
[09:47:54] [pjeplus] [INFO] [ARGOS][TIMING][PROCESAR_ARGOS][INICIO]
[pjeplus] [ARGOS][TIMING][PROCESAR_ARGOS][INICIO]
[09:47:54] [pjeplus] [INFO] [ARGOS][INICIO] Iniciando processamento do fluxo Argos com sequência rigorosa
[pjeplus] [ARGOS][INICIO] Iniciando processamento do fluxo Argos com sequência rigorosa
[09:47:54] [pjeplus] [INFO] [ARGOS][ETAPA 0] Fechando intimação...
[pjeplus] [ARGOS][ETAPA 0] Fechando intimação...
[09:47:54] [pjeplus] [INFO] [INTIMACAO] === INICIO ===
[pjeplus] [INTIMACAO] === INICIO ===
[09:47:54] [pjeplus] [INFO] [INTIMACAO] [1] Tentando abrir menu #botao-menu...
[pjeplus] [INTIMACAO] [1] Tentando abrir menu #botao-menu...
[09:47:55] [pjeplus] [INFO] [INTIMACAO] [1]  Menu aberto
[pjeplus] [INTIMACAO] [1]  Menu aberto
[09:47:55] [pjeplus] [INFO] [INTIMACAO] [2] Tentando clicar Expedientes...
[pjeplus] [INTIMACAO] [2] Tentando clicar Expedientes...
[09:47:55] [pjeplus] [INFO] [INTIMACAO] [2]  Botao Expedientes clicado
[pjeplus] [INTIMACAO] [2]  Botao Expedientes clicado
[09:47:55] [pjeplus] [INFO] [INTIMACAO] [3] Aguardando modal abrir...
[pjeplus] [INTIMACAO] [3] Aguardando modal abrir...
[09:47:55] [pjeplus] [INFO] [INTIMACAO] [4] Buscando linhas com prazo 30...
[pjeplus] [INTIMACAO] [4] Buscando linhas com prazo 30...
[09:47:55] [pjeplus] [INFO] [INTIMACAO] [4] Total de linhas encontradas: 1
[pjeplus] [INTIMACAO] [4] Total de linhas encontradas: 1
[09:47:55] [pjeplus] [INFO] [INTIMACAO] [4]  Nenhuma linha prazo 30 nao fechada encontrada
[pjeplus] [INTIMACAO] [4]  Nenhuma linha prazo 30 nao fechada encontrada
[09:47:55] [pjeplus] [INFO] [ARGOS][ETAPA 0]  Intimação fechada com sucesso
[pjeplus] [ARGOS][ETAPA 0]  Intimação fechada com sucesso
[09:47:55] [pjeplus] [INFO] [ARGOS][ETAPA 1] Identificando documentos sequenciais (certidão, ordem de pesquisa, cálculos, intimação, decisão)...
[pjeplus] [ARGOS][ETAPA 1] Identificando documentos sequenciais (certidão, ordem de pesquisa, cálculos, intimação, decisão)...
[09:47:55] [pjeplus] [INFO] [SEQUENCIAIS_API] timeline HTTP ok=True  shape=list  n=25
[pjeplus] [SEQUENCIAIS_API] timeline HTTP ok=True  shape=list  n=25
[09:47:55] [pjeplus] [INFO] [SEQUENCIAIS_API] 3 documento(s) identificados via API+DOM
[pjeplus] [SEQUENCIAIS_API] 3 documento(s) identificados via API+DOM
[09:47:55] [pjeplus] [INFO] [ARGOS][ETAPA 1]  3 doc(s) identificados via API
[pjeplus] [ARGOS][ETAPA 1]  3 doc(s) identificados via API
[09:47:55] [pjeplus] [INFO] [ARGOS][ETAPA 1]  Encontrados 3 documentos sequenciais
[pjeplus] [ARGOS][ETAPA 1]  Encontrados 3 documentos sequenciais
[09:47:55] [pjeplus] [INFO] [ARGOS][ETAPA 1.5] Removendo sigilo dos documentos sequenciais (se houver)...
[pjeplus] [ARGOS][ETAPA 1.5] Removendo sigilo dos documentos sequenciais (se houver)...
[09:47:56] [pjeplus] [INFO] [SIGILO_API] 0 documento(s) sigilosos identificados via API
[pjeplus] [SIGILO_API] 0 documento(s) sigilosos identificados via API
[09:47:56] [pjeplus] [INFO] [SIGILO_ARGOS] API indisponível — usando varredura de texto no DOM (fallback)
[pjeplus] [SIGILO_ARGOS] API indisponível — usando varredura de texto no DOM (fallback)
[09:47:57] [pjeplus] [INFO] [SIGILO_ARGOS] Concluído (fallback DOM): 2 documento(s) processados
[pjeplus] [SIGILO_ARGOS] Concluído (fallback DOM): 2 documento(s) processados
[09:47:57] [pjeplus] [INFO] [ARGOS][ETAPA 1.5]  2 documento(s) tiveram sigilo removido
[pjeplus] [ARGOS][ETAPA 1.5]  2 documento(s) tiveram sigilo removido
[09:47:57] [pjeplus] [INFO] [ARGOS][ETAPA 1.6] Verificando fase do processo para possivel GIGS...
[pjeplus] [ARGOS][ETAPA 1.6] Verificando fase do processo para possivel GIGS...
[09:47:57] [pjeplus] [INFO] [ARGOS][ETAPA 1.6] Fase de liquidacao detectada. Criando GIGS 2 / xs mov exec.
[pjeplus] [ARGOS][ETAPA 1.6] Fase de liquidacao detectada. Criando GIGS 2 / xs mov exec.
[09:47:57] [pjeplus] [INFO] [ARGOS][ETAPA 2] Tratando anexos especiais infojud (sigilo + visibilidade)...
[pjeplus] [ARGOS][ETAPA 2] Tratando anexos especiais infojud (sigilo + visibilidade)...
[09:47:57] [pjeplus] [INFO] [ARGOS][ANEXOS][SELETOR_BOTAO] ✅ Funcionou com: "button.botao-anexos"
[pjeplus] [ARGOS][ANEXOS][SELETOR_BOTAO] ✅ Funcionou com: "button.botao-anexos"
[09:47:58] [pjeplus] [INFO] [ARGOS][ANEXOS]  Anexos abertos (via clique no botão de anexos)
[pjeplus] [ARGOS][ANEXOS]  Anexos abertos (via clique no botão de anexos)
[09:47:58] [pjeplus] [INFO] [ARGOS][ANEXOS]  10 anexos encontrados
[pjeplus] [ARGOS][ANEXOS]  10 anexos encontrados
[09:47:58] [pjeplus] [INFO] [ARGOS][ANEXOS] Ativando múltipla seleção...
[pjeplus] [ARGOS][ANEXOS] Ativando múltipla seleção...
[09:47:58] [pjeplus] [INFO] [ARGOS][ANEXOS]  ✅ Múltipla seleção ativada
[pjeplus] [ARGOS][ANEXOS]  ✅ Múltipla seleção ativada
[09:47:58] [pjeplus] [INFO] [ARGOS][ANEXOS] === FASE 1: INSERIR SIGILO INDIVIDUALMENTE ===
[pjeplus] [ARGOS][ANEXOS] === FASE 1: INSERIR SIGILO INDIVIDUALMENTE ===
[09:47:58] [pjeplus] [INFO] [ARGOS][ANEXOS]  ✅ Sigilo inserido: INFOJUD
[pjeplus] [ARGOS][ANEXOS]  ✅ Sigilo inserido: INFOJUD
[09:47:58] [pjeplus] [INFO] [ARGOS][ANEXOS]  ✅ Sigilo inserido: DOI
[pjeplus] [ARGOS][ANEXOS]  ✅ Sigilo inserido: DOI
[09:47:58] [pjeplus] [INFO] [ARGOS][ANEXOS] 2 anexo(s) receberam sigilo
[pjeplus] [ARGOS][ANEXOS] 2 anexo(s) receberam sigilo
[09:47:58] [pjeplus] [INFO] [ARGOS][ANEXOS] === FASE 2: APLICAR VISIBILIDADE EM LOTE ===
[pjeplus] [ARGOS][ANEXOS] === FASE 2: APLICAR VISIBILIDADE EM LOTE ===
[09:47:58] [atos.anexos_sigilo] [INFO] [VISIBILIDADE_LOTE] Abrindo modal de visibilidade...
[atos.anexos_sigilo] [VISIBILIDADE_LOTE] Abrindo modal de visibilidade...
[09:47:58] [atos.anexos_sigilo] [INFO] [VISIBILIDADE_LOTE] Modal detectado, aguardando conteúdo carregar...
[atos.anexos_sigilo] [VISIBILIDADE_LOTE] Modal detectado, aguardando conteúdo carregar...
[09:47:59] [atos.anexos_sigilo] [INFO] [VISIBILIDADE_LOTE] Marcando todas as partes no modal...
[atos.anexos_sigilo] [VISIBILIDADE_LOTE] Marcando todas as partes no modal...
[09:47:59] [atos.anexos_sigilo] [INFO] [VISIBILIDADE_LOTE] Salvando configuração...
[atos.anexos_sigilo] [VISIBILIDADE_LOTE] Salvando configuração...
[09:47:59] [atos.anexos_sigilo] [INFO] [VISIBILIDADE_LOTE] ✅ Visibilidade em lote aplicada com sucesso
[atos.anexos_sigilo] [VISIBILIDADE_LOTE] ✅ Visibilidade em lote aplicada com sucesso
[09:47:59] [pjeplus] [INFO] [ARGOS][ANEXOS]  ✅ Visibilidade em lote aplicada com sucesso
[pjeplus] [ARGOS][ANEXOS]  ✅ Visibilidade em lote aplicada com sucesso
[09:47:59] [pjeplus] [INFO] [ARGOS][ETAPA 2]  Anexos especiais processados com sucesso
[pjeplus] [ARGOS][ETAPA 2]  Anexos especiais processados com sucesso
[09:47:59] [pjeplus] [INFO] [ARGOS][ETAPA 3] Lendo certidão de devolução para análise SISBAJUD...
[pjeplus] [ARGOS][ETAPA 3] Lendo certidão de devolução para análise SISBAJUD...
[09:48:00] [pjeplus] [INFO] [CERTIDAO_API] Certidão encontrada: uid=488108868
[pjeplus] [CERTIDAO_API] Certidão encontrada: uid=488108868
[09:48:00] [pjeplus] [INFO] [CERTIDAO_API] Baixando PDF: https://pje.trt2.jus.br/pje-comum-api/api/processos/id/8409089/documentos/id/488108868/conteudo
[pjeplus] [CERTIDAO_API] Baixando PDF: https://pje.trt2.jus.br/pje-comum-api/api/processos/id/8409089/documentos/id/488108868/conteudo
[09:48:00] [pjeplus] [INFO] [CERTIDAO_API] Texto extraído: 4235 chars
[pjeplus] [CERTIDAO_API] Texto extraído: 4235 chars
[09:48:00] [pjeplus] [INFO] [ARGOS][ETAPA 3] Certidão extraída: 4235 chars
[pjeplus] [ARGOS][ETAPA 3] Certidão extraída: 4235 chars
[09:48:00] [pjeplus] [INFO] [ARGOS][ETAPA 3] SISBAJUD NEGATIVO: SISBAJUD Negativo na seção Bloqueio de valores
[pjeplus] [ARGOS][ETAPA 3] SISBAJUD NEGATIVO: SISBAJUD Negativo na seção Bloqueio de valores
[09:48:00] [pjeplus] [INFO] [ARGOS][TIMING][ETAPA4][INICIO] Iniciando busca e aplicação de regras ARGOS (API)
[pjeplus] [ARGOS][TIMING][ETAPA4][INICIO] Iniciando busca e aplicação de regras ARGOS (API)
[09:48:00] [pjeplus] [INFO] [ARGOS_API] 4 documento(s) despacho/decisão encontrados na timeline
[pjeplus] [ARGOS_API] 4 documento(s) despacho/decisão encontrados na timeline
[09:48:00] [pjeplus] [INFO] [ARGOS_API] Documento tipo=Decisão extraído: 1370 chars
[pjeplus] [ARGOS_API] Documento tipo=Decisão extraído: 1370 chars
[09:48:00] [pjeplus] [INFO] [ARGOS_API] Documento tipo=Despacho extraído: 871 chars
[pjeplus] [ARGOS_API] Documento tipo=Despacho extraído: 871 chars
[09:48:01] [pjeplus] [INFO] [ARGOS_API] Documento tipo=Despacho extraído: 3366 chars
[pjeplus] [ARGOS_API] Documento tipo=Despacho extraído: 3366 chars
[09:48:01] [pjeplus] [INFO] [ARGOS_API] Extração concluída: 3/3 documentos extraídos
[pjeplus] [ARGOS_API] Extração concluída: 3/3 documentos extraídos
[09:48:01] [pjeplus] [INFO] [ARGOS][ETAPA 4] Usando extração API (3 documento(s) para testar)
[pjeplus] [ARGOS][ETAPA 4] Usando extração API (3 documento(s) para testar)
[09:48:01] [pjeplus] [INFO] [ARGOS][ETAPA 4] Testando documento 1/3 (API idx #2, tipo: Decisão)...
[pjeplus] [ARGOS][ETAPA 4] Testando documento 1/3 (API idx #2, tipo: Decisão)...
[09:48:02] [PEC.runtime_pec] [INFO] [PROGRESSO_PEC]  Numero extraido da URL: 8409089
[PEC.runtime_pec] [PROGRESSO_PEC]  Numero extraido da URL: 8409089
[09:48:02] [Mandado.regras] [INFO] [ARGOS][REGRAS][REGISTRY] Text match: bucket=tendo_vista
[Mandado.regras] [ARGOS][REGRAS][REGISTRY] Text match: bucket=tendo_vista
[09:48:02] [Mandado.regras] [INFO] [ARGOS][REGRAS] Regra decisao+tendo_em_vista reconhecida
[Mandado.regras] [ARGOS][REGRAS] Regra decisao+tendo_em_vista reconhecida
[09:48:02] [Mandado.regras] [INFO] [ARGOS][REGRAS] API partes: 1 reclamada(s)
[Mandado.regras] [ARGOS][REGRAS] API partes: 1 reclamada(s)
[09:48:02] [Mandado.regras] [INFO] [ARGOS][REGRAS] Chamando ato_termoE (1 reclamada, SISBAJUD negativo, com sigilo)
[Mandado.regras] [ARGOS][REGRAS] Chamando ato_termoE (1 reclamada, SISBAJUD negativo, com sigilo)
[09:48:02] [pjeplus] [INFO] [ATO] START
[pjeplus] [ATO] START
[09:48:02] [atos.judicial_fluxo] [INFO] [ATO][TIMING][INICIO] conclusao_tipo=Despacho modelo_nome=xempre
[atos.judicial_fluxo] [ATO][TIMING][INICIO] conclusao_tipo=Despacho modelo_nome=xempre
[09:48:02] [atos.judicial_fluxo] [INFO] [ATO][CLS] Iniciando fluxo CLS: conclusao_tipo=Despacho
[atos.judicial_fluxo] [ATO][CLS] Iniciando fluxo CLS: conclusao_tipo=Despacho
[09:48:02] [pjeplus] [INFO] [CLS] START
[pjeplus] [CLS] START
[09:48:02] [atos.judicial_fluxo] [INFO] [CLS][TIMING][INICIO]
[atos.judicial_fluxo] [CLS][TIMING][INICIO]
[09:48:02] [atos.judicial_fluxo] [INFO] FLUXO CLS - INICIANDO
[atos.judicial_fluxo] FLUXO CLS - INICIANDO
[09:48:02] [atos.judicial_fluxo] [INFO] ============================================================
[atos.judicial_fluxo] ============================================================
[09:48:02] [atos.judicial_fluxo] [INFO] [CLS][TIMING][CHECK_ESTADO] 0.000s estado=detalhe
[atos.judicial_fluxo] [CLS][TIMING][CHECK_ESTADO] 0.000s estado=detalhe
[09:48:02] [atos.judicial_fluxo] [INFO] [CLS] Passo 1: Estamos em /detalhe — abrindo tarefa do processo...
[atos.judicial_fluxo] [CLS] Passo 1: Estamos em /detalhe — abrindo tarefa do processo...
[09:48:02] [pjeplus] [INFO] [NAVEGAÇÃO] Abrindo tarefa do processo...
[pjeplus] [NAVEGAÇÃO] Abrindo tarefa do processo...
[09:48:03] [pjeplus] [INFO] [NAVEGAÇÃO] Foco trocado para nova aba
[pjeplus] [NAVEGAÇÃO] Foco trocado para nova aba
[09:48:03] [atos.judicial_fluxo] [INFO] [CLS][TIMING][ABRIR_TAREFA] 0.383s sucesso=True
[atos.judicial_fluxo] [CLS][TIMING][ABRIR_TAREFA] 0.383s sucesso=True
[09:48:03] [atos.judicial_fluxo] [INFO] [CLS] Passo 2: Limpando overlays...
[atos.judicial_fluxo] [CLS] Passo 2: Limpando overlays...
[09:48:03] [atos.judicial_fluxo] [INFO] [CLS][TIMING][LIMPAR_OVERLAYS] 0.022s
[atos.judicial_fluxo] [CLS][TIMING][LIMPAR_OVERLAYS] 0.022s
[09:48:03] [atos.judicial_fluxo] [INFO] [CLS] Passo 3: Navegando para conclusão...
[atos.judicial_fluxo] [CLS] Passo 3: Navegando para conclusão...
[09:48:03] [pjeplus] [INFO] [NAVEGAÇÃO] Navegando para Conclusão ao Magistrado...
[pjeplus] [NAVEGAÇÃO] Navegando para Conclusão ao Magistrado...
[09:48:03] [pjeplus] [INFO] [NAVEGAÇÃO] Nome da Tarefa Detectado: "cumprimento de providências"
[pjeplus] [NAVEGAÇÃO] Nome da Tarefa Detectado: "cumprimento de providências"
[09:48:04] [pjeplus] [INFO] [NAVEGAÇÃO] Conclusão não disponível diretamente, tentando via "Análise"...
[pjeplus] [NAVEGAÇÃO] Conclusão não disponível diretamente, tentando via "Análise"...
[09:48:04] [pjeplus] [INFO] [NAVEGAÇÃO] Tentando via "Análise"...
[pjeplus] [NAVEGAÇÃO] Tentando via "Análise"...
[09:48:04] [pjeplus] [INFO] [NAVEGAÇÃO] Clique em "Análise" realizado
[pjeplus] [NAVEGAÇÃO] Clique em "Análise" realizado
[09:48:04] [pjeplus] [INFO] [NAVEGAÇÃO] Verificando overlays...
[pjeplus] [NAVEGAÇÃO] Verificando overlays...
[09:48:05] [pjeplus] [INFO] [NAVEGAÇÃO] Clique em "Conclusão ao magistrado" realizado após Análise
[pjeplus] [NAVEGAÇÃO] Clique em "Conclusão ao magistrado" realizado após Análise
[09:48:05] [pjeplus] [INFO] [NAVEGAÇÃO] Navegação para conclusão concluída com sucesso
[pjeplus] [NAVEGAÇÃO] Navegação para conclusão concluída com sucesso
[09:48:05] [atos.judicial_fluxo] [INFO] [CLS][TIMING][NAVEGAR_CONCLUSAO] 2.254s
[atos.judicial_fluxo] [CLS][TIMING][NAVEGAR_CONCLUSAO] 2.254s
[09:48:05] [atos.judicial_fluxo] [INFO] [CLS] Passo 4: Escolhendo tipo de conclusão: Despacho
[atos.judicial_fluxo] [CLS] Passo 4: Escolhendo tipo de conclusão: Despacho
[09:48:05] [pjeplus] [INFO] [CONCLUSÃO] Escolhendo tipo de conclusão: Despacho
[pjeplus] [CONCLUSÃO] Escolhendo tipo de conclusão: Despacho
[09:48:07] [pjeplus] [INFO] [CONCLUSÃO] ✅ Botão de conclusão "Despacho" clicado com sucesso
[pjeplus] [CONCLUSÃO] ✅ Botão de conclusão "Despacho" clicado com sucesso
[09:48:07] [atos.judicial_fluxo] [INFO] [CLS][TIMING][ESCOLHER_TIPO] 1.533s tipo=Despacho
[atos.judicial_fluxo] [CLS][TIMING][ESCOLHER_TIPO] 1.533s tipo=Despacho
[09:48:07] [atos.judicial_fluxo] [INFO] [CLS] Passo 5: Aguardando transição para minutar...
[atos.judicial_fluxo] [CLS] Passo 5: Aguardando transição para minutar...
[09:48:07] [pjeplus] [INFO] [CONCLUSÃO] Aguardando transição para tela de minutar (DOM Observer)...
[pjeplus] [CONCLUSÃO] Aguardando transição para tela de minutar (DOM Observer)...
[09:48:07] [pjeplus] [INFO] [CONCLUSÃO] Transição detectada via renderização do DOM (pje-arvore-modelo-documento)
[pjeplus] [CONCLUSÃO] Transição detectada via renderização do DOM (pje-arvore-modelo-documento)
[09:48:07] [atos.judicial_fluxo] [INFO] [CLS][TIMING][TRANSICAO_MINUTAR] 0.003s
[atos.judicial_fluxo] [CLS][TIMING][TRANSICAO_MINUTAR] 0.003s
[09:48:07] [atos.judicial_fluxo] [INFO] [CLS] Passo 6: Preparando campo de minutar...
[atos.judicial_fluxo] [CLS] Passo 6: Preparando campo de minutar...
[09:48:07] [pjeplus] [INFO] [NAVEGAÇÃO] Preparando campo de filtro para minutar...
[pjeplus] [NAVEGAÇÃO] Preparando campo de filtro para minutar...
[09:48:12] [pjeplus] [INFO] [NAVEGAÇÃO] Campo de filtro preparado com sucesso
[pjeplus] [NAVEGAÇÃO] Campo de filtro preparado com sucesso
[09:48:12] [atos.judicial_fluxo] [INFO] [CLS][TIMING][PREPARAR_CAMPO] 5.029s
[atos.judicial_fluxo] [CLS][TIMING][PREPARAR_CAMPO] 5.029s
[09:48:12] [atos.judicial_fluxo] [INFO] ============================================================
[atos.judicial_fluxo] ============================================================
[09:48:12] [atos.judicial_fluxo] [INFO] FLUXO CLS - CONCLUÍDO COM SUCESSO
[atos.judicial_fluxo] FLUXO CLS - CONCLUÍDO COM SUCESSO
[09:48:12] [atos.judicial_fluxo] [INFO] ============================================================
[atos.judicial_fluxo] ============================================================
[09:48:12] [pjeplus] [INFO] [CLS] FIM {'status': 'sucesso', 'tempo': '9.225s'}
[pjeplus] [CLS] FIM {'status': 'sucesso', 'tempo': '9.225s'}
[09:48:12] [atos.judicial_fluxo] [INFO] [CLS][TIMING][SUCESSO] 9.225s (fluxo completo)
[atos.judicial_fluxo] [CLS][TIMING][SUCESSO] 9.225s (fluxo completo)
[09:48:12] [pjeplus] [INFO] [TEMPO] fluxo_cls.fluxo_cls: 9.226s
[pjeplus] [TEMPO] fluxo_cls.fluxo_cls: 9.226s
[09:48:12] [atos.judicial_fluxo] [INFO] [ATO][TIMING][FLUXO_CLS] 9.226s
[atos.judicial_fluxo] [ATO][TIMING][FLUXO_CLS] 9.226s
[09:48:12] [atos.judicial_fluxo] [INFO] [ATO][MODELO] Preenchendo filtro com modelo: xempre
[atos.judicial_fluxo] [ATO][MODELO] Preenchendo filtro com modelo: xempre
[09:48:12] [atos.judicial_fluxo] [INFO] [ATO][MODELO] Modelo "xempre" preenchido via JS e ENTER pressionado no filtro.
[atos.judicial_fluxo] [ATO][MODELO] Modelo "xempre" preenchido via JS e ENTER pressionado no filtro.
[09:48:14] [atos.judicial_fluxo] [INFO] [ATO][MODELO] Clique em nodo-filtrado realizado!
[atos.judicial_fluxo] [ATO][MODELO] Clique em nodo-filtrado realizado!
[09:48:15] [atos.judicial_fluxo] [INFO] [ATO][MODELO] Clique em inserir realizado
[atos.judicial_fluxo] [ATO][MODELO] Clique em inserir realizado
[09:48:15] [atos.judicial_fluxo] [INFO] [ATO][MODELO] Snackbar de inserção detectada — sinal para prosseguir
[atos.judicial_fluxo] [ATO][MODELO] Snackbar de inserção detectada — sinal para prosseguir
[09:48:16] [atos.judicial_fluxo] [INFO] [ATO][MODELO] Modelo inserido (conteúdo confirmado no editor)
[atos.judicial_fluxo] [ATO][MODELO] Modelo inserido (conteúdo confirmado no editor)
[09:48:16] [atos.judicial_fluxo] [INFO] [ATO][SALVAR] Salvando modelo após inserção...
[atos.judicial_fluxo] [ATO][SALVAR] Salvando modelo após inserção...
[09:48:16] [atos.judicial_fluxo] [INFO] [ATO][SALVAR] Clique no botao Salvar realizado
[atos.judicial_fluxo] [ATO][SALVAR] Clique no botao Salvar realizado
[09:48:16] [atos.judicial_fluxo] [INFO] [ATO][SALVAR] Aguardando ativação da aba destinatários...
[atos.judicial_fluxo] [ATO][SALVAR] Aguardando ativação da aba destinatários...
[09:48:17] [atos.judicial_fluxo] [INFO] [ATO][PRAZO] Configurando destinatários/prazos: prazo=5 (apenas_primeiro=True)
[atos.judicial_fluxo] [ATO][PRAZO] Configurando destinatários/prazos: prazo=5 (apenas_primeiro=True)
[09:48:17] [pjeplus] [INFO] [PRAZOS] Preenchendo prazos: 5
[pjeplus] [PRAZOS] Preenchendo prazos: 5
[09:48:17] [pjeplus] [INFO] [PRAZOS] Tabela de destinatários carregada
[pjeplus] [PRAZOS] Tabela de destinatários carregada
[09:48:17] [pjeplus] [INFO] [PRAZOS] Clicando no botão #selecionar-polo-ativo...
[pjeplus] [PRAZOS] Clicando no botão #selecionar-polo-ativo...
[09:48:17] [pjeplus] [INFO] [PRAZOS] Botão #selecionar-polo-ativo clicado com sucesso
[pjeplus] [PRAZOS] Botão #selecionar-polo-ativo clicado com sucesso
[09:48:17] [pjeplus] [INFO] [PRAZOS] Encontrados 1 campos de prazo
[pjeplus] [PRAZOS] Encontrados 1 campos de prazo
[09:48:17] [pjeplus] [INFO] [PRAZOS] Campo 1 preenchido com prazo: 5
[pjeplus] [PRAZOS] Campo 1 preenchido com prazo: 5
[09:48:17] [pjeplus] [INFO] [PRAZOS] Preenchimento de destinatários e prazos concluído
[pjeplus] [PRAZOS] Preenchimento de destinatários e prazos concluído
[09:48:17] [atos.judicial_fluxo] [INFO] [ATO][PRAZO] Destinatários e prazos concluídos com sucesso
[atos.judicial_fluxo] [ATO][PRAZO] Destinatários e prazos concluídos com sucesso
[09:48:17] [atos.judicial_fluxo] [INFO] [ATO][PEC] Parâmetro marcar_pec=False (desejado: desmarcar)
[atos.judicial_fluxo] [ATO][PEC] Parâmetro marcar_pec=False (desejado: desmarcar)
[09:48:17] [atos.judicial_fluxo] [INFO] [ATO][PEC] Já está conforme esperado: desmarcado
[atos.judicial_fluxo] [ATO][PEC] Já está conforme esperado: desmarcado
[09:48:17] [atos.judicial_fluxo] [INFO] [ATO][GRAVAR] Gravando intimações...
[atos.judicial_fluxo] [ATO][GRAVAR] Gravando intimações...
[09:48:17] [atos.judicial_fluxo] [INFO] [ATO][GRAVAR] Intimações gravadas
[atos.judicial_fluxo] [ATO][GRAVAR] Intimações gravadas
[09:48:17] [atos.judicial_fluxo] [INFO] [ATO][SALVAR_FINAL] Salvando ato...
[atos.judicial_fluxo] [ATO][SALVAR_FINAL] Salvando ato...
[09:48:18] [atos.judicial_fluxo] [INFO] [ATO][SALVAR_FINAL] Ato salvo
[atos.judicial_fluxo] [ATO][SALVAR_FINAL] Ato salvo
[09:48:18] [atos.judicial_fluxo] [INFO] ============================================================
[atos.judicial_fluxo] ============================================================
[09:48:18] [atos.judicial_fluxo] [INFO] ATO JUDICIAL - CONCLUÍDO COM SUCESSO
[atos.judicial_fluxo] ATO JUDICIAL - CONCLUÍDO COM SUCESSO
[09:48:18] [atos.judicial_fluxo] [INFO] ============================================================
[atos.judicial_fluxo] ============================================================
[09:48:18] [pjeplus] [INFO] [ATO] FIM {'status': 'sucesso', 'sigilo': False, 'tempo': '15.395s'}
[pjeplus] [ATO] FIM {'status': 'sucesso', 'sigilo': False, 'tempo': '15.395s'}
[09:48:18] [atos.judicial_fluxo] [INFO] [ATO][TIMING][SUCESSO] 15.395s (fluxo completo)
[atos.judicial_fluxo] [ATO][TIMING][SUCESSO] 15.395s (fluxo completo)
[09:48:18] [Mandado.regras] [INFO] [ARGOS][REGRAS] ato_termoE finalizado em 15.40s
[Mandado.regras] [ARGOS][REGRAS] ato_termoE finalizado em 15.40s
[09:48:18] [Mandado.regras] [INFO] [ARGOS][REGRAS] Estrategia "decisao+tendo_em_vista" aplicada em 16.20s
[Mandado.regras] [ARGOS][REGRAS] Estrategia "decisao+tendo_em_vista" aplicada em 16.20s
[09:48:18] [Mandado.regras] [INFO] [ARGOS][REGRAS] Tempo total ate aplicar regra: 16.20s
[Mandado.regras] [ARGOS][REGRAS] Tempo total ate aplicar regra: 16.20s
[09:48:18] [pjeplus] [INFO] [ARGOS][TIMING][APLICAR_REGRAS] 16.203s
[pjeplus] [ARGOS][TIMING][APLICAR_REGRAS] 16.203s
[09:48:18] [pjeplus] [INFO] [ARGOS][ETAPA 4] ✅ SUCESSO: Regra aplicada no documento #2 (1/3)
[pjeplus] [ARGOS][ETAPA 4] ✅ SUCESSO: Regra aplicada no documento #2 (1/3)
[09:48:18] [pjeplus] [INFO] [ARGOS][TIMING][ETAPA4][TOTAL] 17.900s documentos_testados=1 regra_aplicada=True
[pjeplus] [ARGOS][TIMING][ETAPA4][TOTAL] 17.900s documentos_testados=1 regra_aplicada=True
[09:48:18] [pjeplus] [INFO] [ARGOS][TIMING][PROCESSAR_ARGOS][SUCESSO] 23.488s
[pjeplus] [ARGOS][TIMING][PROCESSAR_ARGOS][SUCESSO] 23.488s
[09:48:18] [Fix.monitoramento_progresso_unificado] [INFO] [PROGRESSO_MANDADO] ✅ Progresso carregado: 2 executados, 0 com erro
[Fix.monitoramento_progresso_unificado] [PROGRESSO_MANDADO] ✅ Progresso carregado: 2 executados, 0 com erro
[09:48:18] [Fix.monitoramento_progresso_unificado] [INFO] [PROGRESSO_MANDADO][1000476-59.2026.5.02.0703] ✅ Processo marcado como executado
[Fix.monitoramento_progresso_unificado] [PROGRESSO_MANDADO][1000476-59.2026.5.02.0703] ✅ Processo marcado como executado
[09:48:18] [Fix.monitoramento_progresso_unificado] [INFO] [PROGRESSO_MANDADO]  Progresso salvo com segurança
[Fix.monitoramento_progresso_unificado] [PROGRESSO_MANDADO]  Progresso salvo com segurança
[09:48:18] [pjeplus] [INFO] [MANDADOS_UI] Verificando/ativando filtro de mandados devolvidos...
[pjeplus] [MANDADOS_UI] Verificando/ativando filtro de mandados devolvidos...
[09:48:19] [pjeplus] [INFO] [MANDADOS_UI] Clicando para ativar filtro...
[pjeplus] [MANDADOS_UI] Clicando para ativar filtro...
[09:48:19] [Fix.monitoramento_progresso_unificado] [INFO] [PROGRESSO_MANDADO] ✅ Progresso carregado: 3 executados, 0 com erro
[Fix.monitoramento_progresso_unificado] [PROGRESSO_MANDADO] ✅ Progresso carregado: 3 executados, 0 com erro
[09:48:19] [pjeplus] [INFO] [MANDADOS_API] Processando Certidao: #1001123-54.2026.5.02.0703
[pjeplus] [MANDADOS_API] Processando Certidao: #1001123-54.2026.5.02.0703
[09:48:20] [pjeplus] [INFO] [MANDADOS_API] Timeline: primeiro doc relevante tipo=outros — 'Certidão(Certidão de Oficial de Justiça) - 5f871e6'
[pjeplus] [MANDADOS_API] Timeline: primeiro doc relevante tipo=outros — 'Certidão(Certidão de Oficial de Justiça) - 5f871e6'
[09:48:21] [pjeplus] [INFO] [MANDADOS][OUTROS][API][CERTIDAO] Documento localizado: id=488116468 tipo=Certidão
[pjeplus] [MANDADOS][OUTROS][API][CERTIDAO] Documento localizado: id=488116468 tipo=Certidão
[09:48:21] [pjeplus] [INFO] [MANDADOS][OUTROS][API][CERTIDAO] Texto extraído: 1103 chars
[pjeplus] [MANDADOS][OUTROS][API][CERTIDAO] Texto extraído: 1103 chars
[09:48:21] [pjeplus] [INFO] [MANDADOS][OUTROS] Texto atribuído len=1103
[pjeplus] [MANDADOS][OUTROS] Texto atribuído len=1103
[09:48:21] [pjeplus] [INFO] [MANDADOS][OUTROS] Texto extraído (primeiros 200 chars): PODER JUDICIÁRIO JUSTIÇA DO TRABALHO TRIBUNAL REGIONAL DO TRABALHO DA 2ª REGIÃO ATOrd 1001123-54.2026.5.02.0703 RECLAMANTE: VALQUIRIA PINTO DE SOUZA RECLAMADO: GOLD STAR ALIMENTACAO LTDA E OUTROS (2) 
[pjeplus] [MANDADOS][OUTROS] Texto extraído (primeiros 200 chars): PODER JUDICIÁRIO JUSTIÇA DO TRABALHO TRIBUNAL REGIONAL DO TRABALHO DA 2ª REGIÃO ATOrd 1001123-54.2026.5.02.0703 RECLAMANTE: VALQUIRIA PINTO DE SOUZA RECLAMADO: GOLD STAR ALIMENTACAO LTDA E OUTROS (2) 
[09:48:21] [pjeplus] [INFO] [MANDADOS][OUTROS] Regra reconhecida: nenhuma
[pjeplus] [MANDADOS][OUTROS] Regra reconhecida: nenhuma
[09:48:21] [pjeplus] [INFO] [MANDADOS_API] #1001123-54.2026.5.02.0703: Nenhuma regra reconhecida. Pulando.
[pjeplus] [MANDADOS_API] #1001123-54.2026.5.02.0703: Nenhuma regra reconhecida. Pulando.
[09:48:21] [Fix.monitoramento_progresso_unificado] [INFO] [PROGRESSO_MANDADO] ✅ Progresso carregado: 3 executados, 0 com erro
[Fix.monitoramento_progresso_unificado] [PROGRESSO_MANDADO] ✅ Progresso carregado: 3 executados, 0 com erro
[09:48:21] [pjeplus] [INFO] [MANDADOS_API] Processando Certidao: #1001449-19.2023.5.02.0703
[pjeplus] [MANDADOS_API] Processando Certidao: #1001449-19.2023.5.02.0703
[09:48:22] [pjeplus] [INFO] [MANDADOS_API] Timeline: primeiro doc relevante tipo=outros — 'Certidão(Certidão de Oficial de Justiça) - a1af1bd'
[pjeplus] [MANDADOS_API] Timeline: primeiro doc relevante tipo=outros — 'Certidão(Certidão de Oficial de Justiça) - a1af1bd'
[09:48:22] [pjeplus] [INFO] [MANDADOS][OUTROS][API][CERTIDAO] Documento localizado: id=487975601 tipo=Certidão
[pjeplus] [MANDADOS][OUTROS][API][CERTIDAO] Documento localizado: id=487975601 tipo=Certidão
[09:48:22] [pjeplus] [INFO] [MANDADOS][OUTROS][API][CERTIDAO] Texto extraído: 949 chars
[pjeplus] [MANDADOS][OUTROS][API][CERTIDAO] Texto extraído: 949 chars
[09:48:22] [pjeplus] [INFO] [MANDADOS][OUTROS] Texto atribuído len=949
[pjeplus] [MANDADOS][OUTROS] Texto atribuído len=949
[09:48:22] [pjeplus] [INFO] [MANDADOS][OUTROS] Texto extraído (primeiros 200 chars): PODER JUDICIÁRIO JUSTIÇA DO TRABALHO TRIBUNAL REGIONAL DO TRABALHO DA 2ª REGIÃO ATOrd 1001449-19.2023.5.02.0703 RECLAMANTE: JUNIO VIEIRA RECLAMADO: ASSOCIACAO EDUCACIONAL CAMPO BELO E OUTROS (1) CERTI
[pjeplus] [MANDADOS][OUTROS] Texto extraído (primeiros 200 chars): PODER JUDICIÁRIO JUSTIÇA DO TRABALHO TRIBUNAL REGIONAL DO TRABALHO DA 2ª REGIÃO ATOrd 1001449-19.2023.5.02.0703 RECLAMANTE: JUNIO VIEIRA RECLAMADO: ASSOCIACAO EDUCACIONAL CAMPO BELO E OUTROS (1) CERTI
[09:48:22] [pjeplus] [INFO] [MANDADOS][OUTROS] Regra reconhecida: cancelamento
[pjeplus] [MANDADOS][OUTROS] Regra reconhecida: cancelamento
[09:48:22] [pjeplus] [INFO] [MANDADOS_API] #1001449-19.2023.5.02.0703: Regra 'cancelamento' reconhecida. Executando GIGS xs1 + apagar do escaninho.
[pjeplus] [MANDADOS_API] #1001449-19.2023.5.02.0703: Regra 'cancelamento' reconhecida. Executando GIGS xs1 + apagar do escaninho.
[09:48:23] [pjeplus] [INFO] [MANDADOS][OUTROS] Lixeira clicada para #1001449-19.2023.5.02.0703
[pjeplus] [MANDADOS][OUTROS] Lixeira clicada para #1001449-19.2023.5.02.0703
[09:48:23] [pjeplus] [INFO] [MANDADOS][OUTROS] Remoção confirmada para #1001449-19.2023.5.02.0703
[pjeplus] [MANDADOS][OUTROS] Remoção confirmada para #1001449-19.2023.5.02.0703
[09:48:23] [Fix.monitoramento_progresso_unificado] [INFO] [PROGRESSO_MANDADO] ✅ Progresso carregado: 3 executados, 0 com erro
[Fix.monitoramento_progresso_unificado] [PROGRESSO_MANDADO] ✅ Progresso carregado: 3 executados, 0 com erro
[09:48:23] [Fix.monitoramento_progresso_unificado] [INFO] [PROGRESSO_MANDADO][1001449-19.2023.5.02.0703] ✅ Processo marcado como executado
[Fix.monitoramento_progresso_unificado] [PROGRESSO_MANDADO][1001449-19.2023.5.02.0703] ✅ Processo marcado como executado
[09:48:23] [Fix.monitoramento_progresso_unificado] [INFO] [PROGRESSO_MANDADO]  Progresso salvo com segurança
[Fix.monitoramento_progresso_unificado] [PROGRESSO_MANDADO]  Progresso salvo com segurança
[09:48:23] [Fix.monitoramento_progresso_unificado] [INFO] [PROGRESSO_MANDADO] ✅ Progresso carregado: 4 executados, 0 com erro
[Fix.monitoramento_progresso_unificado] [PROGRESSO_MANDADO] ✅ Progresso carregado: 4 executados, 0 com erro
[09:48:23] [pjeplus] [INFO] [MANDADOS_API] Processando Certidao: #1001997-10.2024.5.02.0703
[pjeplus] [MANDADOS_API] Processando Certidao: #1001997-10.2024.5.02.0703
[09:48:25] [pjeplus] [INFO] [MANDADOS_API] Timeline: primeiro doc relevante tipo=outros — 'Certidão(Certidão de Oficial de Justiça) - fe90fd6'
[pjeplus] [MANDADOS_API] Timeline: primeiro doc relevante tipo=outros — 'Certidão(Certidão de Oficial de Justiça) - fe90fd6'
[09:48:25] [pjeplus] [INFO] [MANDADOS][OUTROS][API][CERTIDAO] Documento localizado: id=487985841 tipo=Certidão
[pjeplus] [MANDADOS][OUTROS][API][CERTIDAO] Documento localizado: id=487985841 tipo=Certidão
[09:48:25] [pjeplus] [INFO] [MANDADOS][OUTROS][API][CERTIDAO] Texto extraído: 964 chars
[pjeplus] [MANDADOS][OUTROS][API][CERTIDAO] Texto extraído: 964 chars
[09:48:25] [pjeplus] [INFO] [MANDADOS][OUTROS] Texto atribuído len=964
[pjeplus] [MANDADOS][OUTROS] Texto atribuído len=964
[09:48:25] [pjeplus] [INFO] [MANDADOS][OUTROS] Texto extraído (primeiros 200 chars): PODER JUDICIÁRIO JUSTIÇA DO TRABALHO TRIBUNAL REGIONAL DO TRABALHO DA 2ª REGIÃO ATOrd 1001997-10.2024.5.02.0703 RECLAMANTE: WESLEY XAVIER DE PAULA RECLAMADO: KEI INDUSTRIA E COMERCIO DE ALIMENTOS LTDA
[pjeplus] [MANDADOS][OUTROS] Texto extraído (primeiros 200 chars): PODER JUDICIÁRIO JUSTIÇA DO TRABALHO TRIBUNAL REGIONAL DO TRABALHO DA 2ª REGIÃO ATOrd 1001997-10.2024.5.02.0703 RECLAMANTE: WESLEY XAVIER DE PAULA RECLAMADO: KEI INDUSTRIA E COMERCIO DE ALIMENTOS LTDA
[09:48:25] [pjeplus] [INFO] [MANDADOS][OUTROS] Regra reconhecida: cancelamento
[pjeplus] [MANDADOS][OUTROS] Regra reconhecida: cancelamento
[09:48:25] [pjeplus] [INFO] [MANDADOS_API] #1001997-10.2024.5.02.0703: Regra 'cancelamento' reconhecida. Executando GIGS xs1 + apagar do escaninho.
[pjeplus] [MANDADOS_API] #1001997-10.2024.5.02.0703: Regra 'cancelamento' reconhecida. Executando GIGS xs1 + apagar do escaninho.
[09:48:27] [pjeplus] [INFO] [MANDADOS][OUTROS] Lixeira clicada para #1001997-10.2024.5.02.0703
[pjeplus] [MANDADOS][OUTROS] Lixeira clicada para #1001997-10.2024.5.02.0703
[09:48:27] [pjeplus] [INFO] [MANDADOS][OUTROS] Remoção confirmada para #1001997-10.2024.5.02.0703
[pjeplus] [MANDADOS][OUTROS] Remoção confirmada para #1001997-10.2024.5.02.0703
[09:48:27] [Fix.monitoramento_progresso_unificado] [INFO] [PROGRESSO_MANDADO] ✅ Progresso carregado: 4 executados, 0 com erro
[Fix.monitoramento_progresso_unificado] [PROGRESSO_MANDADO] ✅ Progresso carregado: 4 executados, 0 com erro
[09:48:27] [Fix.monitoramento_progresso_unificado] [INFO] [PROGRESSO_MANDADO][1001997-10.2024.5.02.0703] ✅ Processo marcado como executado
[Fix.monitoramento_progresso_unificado] [PROGRESSO_MANDADO][1001997-10.2024.5.02.0703] ✅ Processo marcado como executado
[09:48:27] [Fix.monitoramento_progresso_unificado] [INFO] [PROGRESSO_MANDADO]  Progresso salvo com segurança
[Fix.monitoramento_progresso_unificado] [PROGRESSO_MANDADO]  Progresso salvo com segurança
[09:48:27] [Fix.monitoramento_progresso_unificado] [INFO] [PROGRESSO_MANDADO] ✅ Progresso carregado: 5 executados, 0 com erro
[Fix.monitoramento_progresso_unificado] [PROGRESSO_MANDADO] ✅ Progresso carregado: 5 executados, 0 com erro
[09:48:27] [pjeplus] [INFO] [MANDADOS_API] Processando Certidao: #1002291-28.2025.5.02.0703
[pjeplus] [MANDADOS_API] Processando Certidao: #1002291-28.2025.5.02.0703
[09:48:28] [pjeplus] [INFO] [MANDADOS_API] Timeline: primeiro doc relevante tipo=outros — 'Certidão(Certidão de Oficial de Justiça) - 4876d68'
[pjeplus] [MANDADOS_API] Timeline: primeiro doc relevante tipo=outros — 'Certidão(Certidão de Oficial de Justiça) - 4876d68'
[09:48:29] [pjeplus] [INFO] [MANDADOS][OUTROS][API][CERTIDAO] Documento localizado: id=488110033 tipo=Certidão
[pjeplus] [MANDADOS][OUTROS][API][CERTIDAO] Documento localizado: id=488110033 tipo=Certidão
[09:48:29] [pjeplus] [INFO] [MANDADOS][OUTROS][API][CERTIDAO] Texto extraído: 1105 chars
[pjeplus] [MANDADOS][OUTROS][API][CERTIDAO] Texto extraído: 1105 chars
[09:48:29] [pjeplus] [INFO] [MANDADOS][OUTROS] Texto atribuído len=1105
[pjeplus] [MANDADOS][OUTROS] Texto atribuído len=1105
[09:48:29] [pjeplus] [INFO] [MANDADOS][OUTROS] Texto extraído (primeiros 200 chars): PODER JUDICIÁRIO JUSTIÇA DO TRABALHO TRIBUNAL REGIONAL DO TRABALHO DA 2ª REGIÃO ATOrd 1002291-28.2025.5.02.0703 RECLAMANTE: DENISE SANTOS DOS ANJOS SILVA RECLAMADO: GOLD STAR ALIMENTACAO LTDA E OUTROS
[pjeplus] [MANDADOS][OUTROS] Texto extraído (primeiros 200 chars): PODER JUDICIÁRIO JUSTIÇA DO TRABALHO TRIBUNAL REGIONAL DO TRABALHO DA 2ª REGIÃO ATOrd 1002291-28.2025.5.02.0703 RECLAMANTE: DENISE SANTOS DOS ANJOS SILVA RECLAMADO: GOLD STAR ALIMENTACAO LTDA E OUTROS
[09:48:29] [pjeplus] [INFO] [MANDADOS][OUTROS] Regra reconhecida: nenhuma
[pjeplus] [MANDADOS][OUTROS] Regra reconhecida: nenhuma
[09:48:29] [pjeplus] [INFO] [MANDADOS_API] #1002291-28.2025.5.02.0703: Nenhuma regra reconhecida. Pulando.
[pjeplus] [MANDADOS_API] #1002291-28.2025.5.02.0703: Nenhuma regra reconhecida. Pulando.
[09:48:29] [Fix.monitoramento_progresso_unificado] [INFO] [PROGRESSO_MANDADO] ✅ Progresso carregado: 5 executados, 0 com erro
[Fix.monitoramento_progresso_unificado] [PROGRESSO_MANDADO] ✅ Progresso carregado: 5 executados, 0 com erro
[09:48:29] [pjeplus] [INFO] [MANDADOS_API] Processando Certidao: #1001108-85.2026.5.02.0703
[pjeplus] [MANDADOS_API] Processando Certidao: #1001108-85.2026.5.02.0703
[09:48:30] [pjeplus] [INFO] [MANDADOS_API] Timeline: primeiro doc relevante tipo=outros — 'Certidão(Certidão de Oficial de Justiça) - 2af0eaa'
[pjeplus] [MANDADOS_API] Timeline: primeiro doc relevante tipo=outros — 'Certidão(Certidão de Oficial de Justiça) - 2af0eaa'
[09:48:31] [pjeplus] [INFO] [MANDADOS][OUTROS][API][CERTIDAO] Documento localizado: id=487931430 tipo=Certidão
[pjeplus] [MANDADOS][OUTROS][API][CERTIDAO] Documento localizado: id=487931430 tipo=Certidão
[09:48:31] [pjeplus] [INFO] [MANDADOS][OUTROS][API][CERTIDAO] Texto extraído: 849 chars
[pjeplus] [MANDADOS][OUTROS][API][CERTIDAO] Texto extraído: 849 chars
[09:48:31] [pjeplus] [INFO] [MANDADOS][OUTROS] Texto atribuído len=849
[pjeplus] [MANDADOS][OUTROS] Texto atribuído len=849
[09:48:31] [pjeplus] [INFO] [MANDADOS][OUTROS] Texto extraído (primeiros 200 chars): PODER JUDICIÁRIO JUSTIÇA DO TRABALHO TRIBUNAL REGIONAL DO TRABALHO DA 2ª REGIÃO ATSum 1001108-85.2026.5.02.0703 RECLAMANTE: MARCOS DE ARAUJO PEREIRA DA SILVA RECLAMADO: C. MENDES DA SILVA FAME PRINT C
[pjeplus] [MANDADOS][OUTROS] Texto extraído (primeiros 200 chars): PODER JUDICIÁRIO JUSTIÇA DO TRABALHO TRIBUNAL REGIONAL DO TRABALHO DA 2ª REGIÃO ATSum 1001108-85.2026.5.02.0703 RECLAMANTE: MARCOS DE ARAUJO PEREIRA DA SILVA RECLAMADO: C. MENDES DA SILVA FAME PRINT C
[09:48:31] [pjeplus] [INFO] [MANDADOS][OUTROS] Regra reconhecida: positivo
[pjeplus] [MANDADOS][OUTROS] Regra reconhecida: positivo
[09:48:31] [pjeplus] [INFO] [MANDADOS_API] #1001108-85.2026.5.02.0703: Regra 'positivo' reconhecida. Executando GIGS xs1 + lembrete 'mdd positivo' + apagar do escaninho.
[pjeplus] [MANDADOS_API] #1001108-85.2026.5.02.0703: Regra 'positivo' reconhecida. Executando GIGS xs1 + lembrete 'mdd positivo' + apagar do escaninho.
[09:48:31] [pjeplus] [INFO] [MANDADOS][OUTROS][API][CERTIDAO] Documento localizado: id=487931430 tipo=Certidão
[pjeplus] [MANDADOS][OUTROS][API][CERTIDAO] Documento localizado: id=487931430 tipo=Certidão
[09:48:31] [pjeplus] [INFO] [MANDADOS][OUTROS][API][CERTIDAO] Texto extraído: 849 chars
[pjeplus] [MANDADOS][OUTROS][API][CERTIDAO] Texto extraído: 849 chars
[09:48:31] [pjeplus] [INFO] [MANDADOS][OUTROS][POSITIVO] Destinatário identificado: C. MENDES DA SILVA FAME PRINT
[pjeplus] [MANDADOS][OUTROS][POSITIVO] Destinatário identificado: C. MENDES DA SILVA FAME PRINT
[09:48:31] [pjeplus] [INFO] [MANDADOS][OUTROS][POSITIVO] Lembrete "mdd positivo" não existe — criando novo.
[pjeplus] [MANDADOS][OUTROS][POSITIVO] Lembrete "mdd positivo" não existe — criando novo.
[09:48:33] [pjeplus] [INFO] [MANDADOS][OUTROS] Lixeira clicada para #1001108-85.2026.5.02.0703
[pjeplus] [MANDADOS][OUTROS] Lixeira clicada para #1001108-85.2026.5.02.0703
[09:48:33] [pjeplus] [INFO] [MANDADOS][OUTROS] Remoção confirmada para #1001108-85.2026.5.02.0703
[pjeplus] [MANDADOS][OUTROS] Remoção confirmada para #1001108-85.2026.5.02.0703
[09:48:33] [Fix.monitoramento_progresso_unificado] [INFO] [PROGRESSO_MANDADO] ✅ Progresso carregado: 5 executados, 0 com erro
[Fix.monitoramento_progresso_unificado] [PROGRESSO_MANDADO] ✅ Progresso carregado: 5 executados, 0 com erro
[09:48:33] [Fix.monitoramento_progresso_unificado] [INFO] [PROGRESSO_MANDADO][1001108-85.2026.5.02.0703] ✅ Processo marcado como executado
[Fix.monitoramento_progresso_unificado] [PROGRESSO_MANDADO][1001108-85.2026.5.02.0703] ✅ Processo marcado como executado
[09:48:33] [Fix.monitoramento_progresso_unificado] [INFO] [PROGRESSO_MANDADO]  Progresso salvo com segurança
[Fix.monitoramento_progresso_unificado] [PROGRESSO_MANDADO]  Progresso salvo com segurança
[09:48:33] [Fix.monitoramento_progresso_unificado] [INFO] [PROGRESSO_MANDADO] ✅ Progresso carregado: 6 executados, 0 com erro
[Fix.monitoramento_progresso_unificado] [PROGRESSO_MANDADO] ✅ Progresso carregado: 6 executados, 0 com erro
[09:48:33] [pjeplus] [INFO] [MANDADOS_API] Processando Certidao: #1001544-44.2026.5.02.0703
[pjeplus] [MANDADOS_API] Processando Certidao: #1001544-44.2026.5.02.0703
[09:48:34] [pjeplus] [INFO] [MANDADOS_API] Timeline: primeiro doc relevante tipo=outros — 'Certidão(Certidão de Oficial de Justiça) - 4d45c86'
[pjeplus] [MANDADOS_API] Timeline: primeiro doc relevante tipo=outros — 'Certidão(Certidão de Oficial de Justiça) - 4d45c86'
[09:48:34] [pjeplus] [INFO] [MANDADOS][OUTROS][API][CERTIDAO] Documento localizado: id=487942567 tipo=Certidão
[pjeplus] [MANDADOS][OUTROS][API][CERTIDAO] Documento localizado: id=487942567 tipo=Certidão
[09:48:34] [pjeplus] [INFO] [MANDADOS][OUTROS][API][CERTIDAO] Texto extraído: 924 chars
[pjeplus] [MANDADOS][OUTROS][API][CERTIDAO] Texto extraído: 924 chars
[09:48:34] [pjeplus] [INFO] [MANDADOS][OUTROS] Texto atribuído len=924
[pjeplus] [MANDADOS][OUTROS] Texto atribuído len=924
[09:48:34] [pjeplus] [INFO] [MANDADOS][OUTROS] Texto extraído (primeiros 200 chars): PODER JUDICIÁRIO JUSTIÇA DO TRABALHO TRIBUNAL REGIONAL DO TRABALHO DA 2ª REGIÃO ATOrd 1001544-44.2026.5.02.0703 RECLAMANTE: VALDIRENE ANDRADE DOS SANTOS RECLAMADO: ASSOCIACAO COMUNITARIA DO MOVIMENTO 
[pjeplus] [MANDADOS][OUTROS] Texto extraído (primeiros 200 chars): PODER JUDICIÁRIO JUSTIÇA DO TRABALHO TRIBUNAL REGIONAL DO TRABALHO DA 2ª REGIÃO ATOrd 1001544-44.2026.5.02.0703 RECLAMANTE: VALDIRENE ANDRADE DOS SANTOS RECLAMADO: ASSOCIACAO COMUNITARIA DO MOVIMENTO 
[09:48:34] [pjeplus] [INFO] [MANDADOS][OUTROS] Regra reconhecida: negativo
[pjeplus] [MANDADOS][OUTROS] Regra reconhecida: negativo
[09:48:34] [pjeplus] [INFO] Padrão de mandado NEGATIVO encontrado no texto.
[pjeplus] Padrão de mandado NEGATIVO encontrado no texto.
[09:48:34] [pjeplus] [INFO] [MANDADOS][OUTROS] padrao_negativo detectado — localizando mandado anterior via API
[pjeplus] [MANDADOS][OUTROS] padrao_negativo detectado — localizando mandado anterior via API
[09:48:35] [pjeplus] [INFO] [MANDADOS][OUTROS][API][MANDADO_ANTERIOR] Documento localizado: id=486064802 tipo=Mandado de Citação
[pjeplus] [MANDADOS][OUTROS][API][MANDADO_ANTERIOR] Documento localizado: id=486064802 tipo=Mandado de Citação
[09:48:35] [pjeplus] [INFO] [MANDADOS][OUTROS][API][MANDADO_ANTERIOR] Texto extraído: 4276 chars
[pjeplus] [MANDADOS][OUTROS][API][MANDADO_ANTERIOR] Texto extraído: 4276 chars
[09:48:35] [pjeplus] [INFO] [MANDADOS_API] #1001544-44.2026.5.02.0703: Regra 'negativo' reconhecida. Executando GIGS xs1 + apagar do escaninho.
[pjeplus] [MANDADOS_API] #1001544-44.2026.5.02.0703: Regra 'negativo' reconhecida. Executando GIGS xs1 + apagar do escaninho.
[09:48:36] [pjeplus] [INFO] [MANDADOS][OUTROS] Lixeira clicada para #1001544-44.2026.5.02.0703
[pjeplus] [MANDADOS][OUTROS] Lixeira clicada para #1001544-44.2026.5.02.0703
[09:48:36] [pjeplus] [INFO] [MANDADOS][OUTROS] Remoção confirmada para #1001544-44.2026.5.02.0703
[pjeplus] [MANDADOS][OUTROS] Remoção confirmada para #1001544-44.2026.5.02.0703
[09:48:36] [Fix.monitoramento_progresso_unificado] [INFO] [PROGRESSO_MANDADO] ✅ Progresso carregado: 6 executados, 0 com erro
[Fix.monitoramento_progresso_unificado] [PROGRESSO_MANDADO] ✅ Progresso carregado: 6 executados, 0 com erro
[09:48:36] [Fix.monitoramento_progresso_unificado] [INFO] [PROGRESSO_MANDADO][1001544-44.2026.5.02.0703] ✅ Processo marcado como executado
[Fix.monitoramento_progresso_unificado] [PROGRESSO_MANDADO][1001544-44.2026.5.02.0703] ✅ Processo marcado como executado
[09:48:36] [Fix.monitoramento_progresso_unificado] [INFO] [PROGRESSO_MANDADO]  Progresso salvo com segurança
[Fix.monitoramento_progresso_unificado] [PROGRESSO_MANDADO]  Progresso salvo com segurança
[09:48:36] [pjeplus] [INFO] [MANDADOS_API] Iniciando processamento do resto (0 itens)...
[pjeplus] [MANDADOS_API] Iniciando processamento do resto (0 itens)...
[09:48:36] [Fix.monitoramento_progresso_unificado] [INFO] [PROGRESSO_MANDADO] ✅ Progresso carregado: 7 executados, 0 com erro
[Fix.monitoramento_progresso_unificado] [PROGRESSO_MANDADO] ✅ Progresso carregado: 7 executados, 0 com erro
[09:48:36] [pjeplus] [INFO] [MANDADOS_API] 7 processo(s) ja concluidos em execucao anterior — serao ignorados
[pjeplus] [MANDADOS_API] 7 processo(s) ja concluidos em execucao anterior — serao ignorados
[09:48:36] [Fix.monitoramento_progresso_unificado] [INFO] [PROGRESSO_MANDADO] ✅ Progresso carregado: 7 executados, 0 com erro
[Fix.monitoramento_progresso_unificado] [PROGRESSO_MANDADO] ✅ Progresso carregado: 7 executados, 0 com erro
[09:48:36] [pjeplus] [INFO] [MANDADOS_API] Concluido — total=0 sucesso=0 pulados=0 falha=0
[pjeplus] [MANDADOS_API] Concluido — total=0 sucesso=0 pulados=0 falha=0
[09:48:36] [pjeplus] [INFO] [MANDADO] OK (92.2s)
[pjeplus] [MANDADO] OK (92.2s)
[09:48:36] [pjeplus] [INFO] sucesso: True
[pjeplus] sucesso: True
[09:48:36] [pjeplus] [INFO] tempo: 92.22s
[pjeplus] tempo: 92.22s

──────────────────────────────────────────────────
  FLUXO CONCLUÍDO — driver mantido aberto
──────────────────────────────────────────────────
  Próximo fluxo (ou X para fechar o browser):

Fluxo:
A - Bloco Completo
B - Mandado
C - Prazo + P2B
D - P2B
E - PEC
F - Triagem
G - Petição
H - Domicílio Eletrônico
I - Citação
X - Cancelar
> [09:50:14] [pjeplus] [INFO] ── fluxo: D ──
[pjeplus] ── fluxo: D ──
[09:50:15] [Fix.monitoramento_progresso_unificado] [INFO] [PROGRESSO_P2B] ✅ Progresso carregado: 0 executados, 0 com erro
[Fix.monitoramento_progresso_unificado] [PROGRESSO_P2B] ✅ Progresso carregado: 0 executados, 0 com erro
[09:50:17] [Prazo.p2b_gateway] [INFO] [PRAZO_API] GIGS XS1 encontrados: 81
[Prazo.p2b_gateway] [PRAZO_API] GIGS XS1 encontrados: 81
[09:50:17] [Prazo.p2b_gateway] [INFO] [PRAZO_API] Processos a serem executados: ['1001013-31.2021.5.02.0703', '1001610-58.2025.5.02.0703', '1001376-76.2025.5.02.0703', '1001986-78.2024.5.02.0703', '1001743-03.2025.5.02.0703', '1000215-94.2026.5.02.0703', '1000154-78.2022.5.02.0703', '1001611-48.2022.5.02.0703', '1000543-97.2021.5.02.0703', '1000462-51.2021.5.02.0703', '1000420-65.2022.5.02.0703', '1000685-09.2018.5.02.0703', '1000745-40.2022.5.02.0703', '1000759-87.2023.5.02.0703', '1000144-29.2025.5.02.0703', '1000793-57.2026.5.02.0703', '1002252-31.2025.5.02.0703', '1000193-07.2024.5.02.0703', '1000060-28.2025.5.02.0703', '1000933-96.2023.5.02.0703', '1000805-08.2025.5.02.0703', '1001211-10.2017.5.02.0703', '1000902-08.2025.5.02.0703', '1002087-58.2017.5.02.0090', '1000845-53.2026.5.02.0703', '1001382-42.2023.5.02.0707', '1000899-19.2026.5.02.0703', '1000168-57.2025.5.02.0703', '1002208-12.2025.5.02.0703', '1000637-69.2026.5.02.0703', '1001645-33.2016.5.02.0703', '1000076-89.2019.5.02.0703', '1000370-34.2021.5.02.0716', '1000471-81.2019.5.02.0703', '1000390-88.2026.5.02.0703', '1000071-23.2026.5.02.0703', '1000596-78.2021.5.02.0703', '1001987-29.2025.5.02.0703', '1001474-61.2025.5.02.0703', '1001606-70.2015.5.02.0703', '1000772-28.2019.5.02.0703', '1002165-75.2025.5.02.0703', '1001580-23.2025.5.02.0703', '1001500-59.2025.5.02.0703', '1001046-45.2026.5.02.0703', '1000242-14.2025.5.02.0703', '1000489-92.2025.5.02.0703', '1000251-44.2023.5.02.0703', '1000582-94.2021.5.02.0703', '1001176-50.2017.5.02.0703', '1001886-26.2024.5.02.0703', '1000231-82.2025.5.02.0703', '1001699-18.2024.5.02.0703', '1000180-76.2022.5.02.0703', '1000091-87.2021.5.02.0703', '1000220-35.2024.5.02.0009', '1001956-09.2025.5.02.0703', '1000525-03.2026.5.02.0703', '1000834-24.2026.5.02.0703', '1001704-69.2026.5.02.0703', '1000396-95.2026.5.02.0703', '1000541-54.2026.5.02.0703', '1000313-79.2026.5.02.0703', '1000177-82.2026.5.02.0703', '1000956-76.2022.5.02.0703', '1000251-25.2015.5.02.0703', '1000539-26.2022.5.02.0703', '1000584-05.2019.5.02.0713', '1001022-22.2023.5.02.0703', '1001883-14.2023.5.02.0604', '1000295-92.2025.5.02.0703', '1000987-28.2024.5.02.0703', '1001220-88.2025.5.02.0703', '1001169-14.2024.5.02.0703', '1002289-58.2025.5.02.0703', '1001801-69.2026.5.02.0703', '1000176-34.2025.5.02.0703', '1001449-19.2023.5.02.0703', '1001997-10.2024.5.02.0703', '1001108-85.2026.5.02.0703', '1001544-44.2026.5.02.0703']
[Prazo.p2b_gateway] [PRAZO_API] Processos a serem executados: ['1001013-31.2021.5.02.0703', '1001610-58.2025.5.02.0703', '1001376-76.2025.5.02.0703', '1001986-78.2024.5.02.0703', '1001743-03.2025.5.02.0703', '1000215-94.2026.5.02.0703', '1000154-78.2022.5.02.0703', '1001611-48.2022.5.02.0703', '1000543-97.2021.5.02.0703', '1000462-51.2021.5.02.0703', '1000420-65.2022.5.02.0703', '1000685-09.2018.5.02.0703', '1000745-40.2022.5.02.0703', '1000759-87.2023.5.02.0703', '1000144-29.2025.5.02.0703', '1000793-57.2026.5.02.0703', '1002252-31.2025.5.02.0703', '1000193-07.2024.5.02.0703', '1000060-28.2025.5.02.0703', '1000933-96.2023.5.02.0703', '1000805-08.2025.5.02.0703', '1001211-10.2017.5.02.0703', '1000902-08.2025.5.02.0703', '1002087-58.2017.5.02.0090', '1000845-53.2026.5.02.0703', '1001382-42.2023.5.02.0707', '1000899-19.2026.5.02.0703', '1000168-57.2025.5.02.0703', '1002208-12.2025.5.02.0703', '1000637-69.2026.5.02.0703', '1001645-33.2016.5.02.0703', '1000076-89.2019.5.02.0703', '1000370-34.2021.5.02.0716', '1000471-81.2019.5.02.0703', '1000390-88.2026.5.02.0703', '1000071-23.2026.5.02.0703', '1000596-78.2021.5.02.0703', '1001987-29.2025.5.02.0703', '1001474-61.2025.5.02.0703', '1001606-70.2015.5.02.0703', '1000772-28.2019.5.02.0703', '1002165-75.2025.5.02.0703', '1001580-23.2025.5.02.0703', '1001500-59.2025.5.02.0703', '1001046-45.2026.5.02.0703', '1000242-14.2025.5.02.0703', '1000489-92.2025.5.02.0703', '1000251-44.2023.5.02.0703', '1000582-94.2021.5.02.0703', '1001176-50.2017.5.02.0703', '1001886-26.2024.5.02.0703', '1000231-82.2025.5.02.0703', '1001699-18.2024.5.02.0703', '1000180-76.2022.5.02.0703', '1000091-87.2021.5.02.0703', '1000220-35.2024.5.02.0009', '1001956-09.2025.5.02.0703', '1000525-03.2026.5.02.0703', '1000834-24.2026.5.02.0703', '1001704-69.2026.5.02.0703', '1000396-95.2026.5.02.0703', '1000541-54.2026.5.02.0703', '1000313-79.2026.5.02.0703', '1000177-82.2026.5.02.0703', '1000956-76.2022.5.02.0703', '1000251-25.2015.5.02.0703', '1000539-26.2022.5.02.0703', '1000584-05.2019.5.02.0713', '1001022-22.2023.5.02.0703', '1001883-14.2023.5.02.0604', '1000295-92.2025.5.02.0703', '1000987-28.2024.5.02.0703', '1001220-88.2025.5.02.0703', '1001169-14.2024.5.02.0703', '1002289-58.2025.5.02.0703', '1001801-69.2026.5.02.0703', '1000176-34.2025.5.02.0703', '1001449-19.2023.5.02.0703', '1001997-10.2024.5.02.0703', '1001108-85.2026.5.02.0703', '1001544-44.2026.5.02.0703']
[09:50:17] [Prazo.p2b_gateway] [INFO] [PRAZO_API] Abrindo processo id=4119921 numero=1001013-31.2021.5.02.0703
[Prazo.p2b_gateway] [PRAZO_API] Abrindo processo id=4119921 numero=1001013-31.2021.5.02.0703
[09:50:18] [Prazo.p2b_gateway] [INFO] [p2b_api] Data documento: 2026-09-17T11:14:33.73828 -> 2026-09-17T11:14:33.738280+00:00 (Idade: 1 dias úteis)
[Prazo.p2b_gateway] [p2b_api] Data documento: 2026-09-17T11:14:33.73828 -> 2026-09-17T11:14:33.738280+00:00 (Idade: 1 dias úteis)
[09:50:18] [Prazo.p2b_gateway] [INFO] [p2b_api] doc relevante (Despacho) tem data recente (2026-09-17T11:14:33.73828), pulando (<= 5 dias úteis).
[Prazo.p2b_gateway] [p2b_api] doc relevante (Despacho) tem data recente (2026-09-17T11:14:33.73828), pulando (<= 5 dias úteis).
[09:50:18] [Prazo.p2b_gateway] [WARNING] [p2b_api] decisao_recente_menos_5_dias
[Prazo.p2b_gateway] [p2b_api] decisao_recente_menos_5_dias
[09:50:18] [Prazo.p2b_gateway] [INFO] [FLUXO_PZ] Decisão recente (< 5 dias), executando mov_int Aguardando Prazo e pulando.
[Prazo.p2b_gateway] [FLUXO_PZ] Decisão recente (< 5 dias), executando mov_int Aguardando Prazo e pulando.
[09:50:19] [atos.core] [INFO] [MOV_INT] tarefa já está em 'Aguardando prazo' (via API) — nada a fazer
[atos.core] [MOV_INT] tarefa já está em 'Aguardando prazo' (via API) — nada a fazer
[09:50:19] [Fix.monitoramento_progresso_unificado] [INFO] [PROGRESSO_P2B][1001013-31.2021.5.02.0703] ✅ Processo marcado como executado
[Fix.monitoramento_progresso_unificado] [PROGRESSO_P2B][1001013-31.2021.5.02.0703] ✅ Processo marcado como executado
[09:50:19] [Fix.monitoramento_progresso_unificado] [INFO] [PROGRESSO_P2B]  Progresso salvo com segurança
[Fix.monitoramento_progresso_unificado] [PROGRESSO_P2B]  Progresso salvo com segurança
[09:50:19] [Prazo.p2b_gateway] [INFO] [PRAZO_API] Processo 1001013-31.2021.5.02.0703 processado com sucesso (fluxo_pz)
[Prazo.p2b_gateway] [PRAZO_API] Processo 1001013-31.2021.5.02.0703 processado com sucesso (fluxo_pz)
[09:50:19] [Prazo.p2b_gateway] [INFO] [PRAZO_API] Abrindo processo id=7733946 numero=1001610-58.2025.5.02.0703
[Prazo.p2b_gateway] [PRAZO_API] Abrindo processo id=7733946 numero=1001610-58.2025.5.02.0703
[09:50:20] [Prazo.p2b_gateway] [INFO] [p2b_api] Data documento: 2026-09-16T09:18:42.099305 -> 2026-09-16T09:18:42.099305+00:00 (Idade: 2 dias úteis)
[Prazo.p2b_gateway] [p2b_api] Data documento: 2026-09-16T09:18:42.099305 -> 2026-09-16T09:18:42.099305+00:00 (Idade: 2 dias úteis)
[09:50:20] [Prazo.p2b_gateway] [INFO] [p2b_api] doc relevante (Despacho) tem data recente (2026-09-16T09:18:42.099305), pulando (<= 5 dias úteis).
[Prazo.p2b_gateway] [p2b_api] doc relevante (Despacho) tem data recente (2026-09-16T09:18:42.099305), pulando (<= 5 dias úteis).
[09:50:20] [Prazo.p2b_gateway] [WARNING] [p2b_api] decisao_recente_menos_5_dias
[Prazo.p2b_gateway] [p2b_api] decisao_recente_menos_5_dias
[09:50:20] [Prazo.p2b_gateway] [INFO] [FLUXO_PZ] Decisão recente (< 5 dias), executando mov_int Aguardando Prazo e pulando.
[Prazo.p2b_gateway] [FLUXO_PZ] Decisão recente (< 5 dias), executando mov_int Aguardando Prazo e pulando.
[09:50:20] [atos.core] [INFO] [MOV_INT] tarefa já está em 'Aguardando prazo' (via API) — nada a fazer
[atos.core] [MOV_INT] tarefa já está em 'Aguardando prazo' (via API) — nada a fazer
[09:50:20] [Fix.monitoramento_progresso_unificado] [INFO] [PROGRESSO_P2B][1001610-58.2025.5.02.0703] ✅ Processo marcado como executado
[Fix.monitoramento_progresso_unificado] [PROGRESSO_P2B][1001610-58.2025.5.02.0703] ✅ Processo marcado como executado
[09:50:20] [Fix.monitoramento_progresso_unificado] [INFO] [PROGRESSO_P2B]  Progresso salvo com segurança
[Fix.monitoramento_progresso_unificado] [PROGRESSO_P2B]  Progresso salvo com segurança
[09:50:20] [Prazo.p2b_gateway] [INFO] [PRAZO_API] Processo 1001610-58.2025.5.02.0703 processado com sucesso (fluxo_pz)
[Prazo.p2b_gateway] [PRAZO_API] Processo 1001610-58.2025.5.02.0703 processado com sucesso (fluxo_pz)
[09:50:20] [Prazo.p2b_gateway] [INFO] [PRAZO_API] Abrindo processo id=7594390 numero=1001376-76.2025.5.02.0703
[Prazo.p2b_gateway] [PRAZO_API] Abrindo processo id=7594390 numero=1001376-76.2025.5.02.0703
[09:50:21] [Prazo.p2b_gateway] [INFO] [p2b_api] Data documento: 2026-09-02T15:28:05.357879 -> 2026-09-02T15:28:05.357879+00:00 (Idade: 11 dias úteis)
[Prazo.p2b_gateway] [p2b_api] Data documento: 2026-09-02T15:28:05.357879 -> 2026-09-02T15:28:05.357879+00:00 (Idade: 11 dias úteis)
[09:50:21] [Prazo.p2b_gateway] [INFO] [p2b_api] doc relevante: tipo=Despacho id=484799876 data_extraida=2026-09-02T15:28:05.357879 idade_dias=11
[Prazo.p2b_gateway] [p2b_api] doc relevante: tipo=Despacho id=484799876 data_extraida=2026-09-02T15:28:05.357879 idade_dias=11
[09:50:21] [Prazo.p2b_gateway] [INFO] [p2b_api] texto extraído: 896 chars
[Prazo.p2b_gateway] [p2b_api] texto extraído: 896 chars
[09:50:21] [pjeplus] [INFO] [TEMPO] _processar_regras_gerais._processar_regras_gerais: 0.038s
[pjeplus] [TEMPO] _processar_regras_gerais._processar_regras_gerais: 0.038s
[09:50:21] [Fix.monitoramento_progresso_unificado] [INFO] [PROGRESSO_P2B][1001376-76.2025.5.02.0703] ✅ Processo marcado como executado
[Fix.monitoramento_progresso_unificado] [PROGRESSO_P2B][1001376-76.2025.5.02.0703] ✅ Processo marcado como executado
[09:50:21] [Fix.monitoramento_progresso_unificado] [INFO] [PROGRESSO_P2B]  Progresso salvo com segurança
[Fix.monitoramento_progresso_unificado] [PROGRESSO_P2B]  Progresso salvo com segurança
[09:50:21] [Prazo.p2b_gateway] [INFO] [PRAZO_API] Processo 1001376-76.2025.5.02.0703 processado com sucesso (fluxo_pz)
[Prazo.p2b_gateway] [PRAZO_API] Processo 1001376-76.2025.5.02.0703 processado com sucesso (fluxo_pz)
[09:50:21] [Prazo.p2b_gateway] [INFO] [PRAZO_API] Abrindo processo id=6745308 numero=1001986-78.2024.5.02.0703
[Prazo.p2b_gateway] [PRAZO_API] Abrindo processo id=6745308 numero=1001986-78.2024.5.02.0703
[09:50:22] [Prazo.p2b_gateway] [INFO] [p2b_api] Data documento: 2026-09-02T08:29:40.213829 -> 2026-09-02T08:29:40.213829+00:00 (Idade: 11 dias úteis)
[Prazo.p2b_gateway] [p2b_api] Data documento: 2026-09-02T08:29:40.213829 -> 2026-09-02T08:29:40.213829+00:00 (Idade: 11 dias úteis)
[09:50:22] [Prazo.p2b_gateway] [INFO] [p2b_api] doc relevante: tipo=Despacho id=484271444 data_extraida=2026-09-02T08:29:40.213829 idade_dias=11
[Prazo.p2b_gateway] [p2b_api] doc relevante: tipo=Despacho id=484271444 data_extraida=2026-09-02T08:29:40.213829 idade_dias=11
[09:50:22] [Prazo.p2b_gateway] [INFO] [p2b_api] texto extraído: 1242 chars
[Prazo.p2b_gateway] [p2b_api] texto extraído: 1242 chars
[09:50:22] [Prazo.p2b_documentos] [INFO] [FLUXO_PZ] Regra casou: pattern=abre\-se,[\s\.,;:!\-–—()$]*como[\s\.,;:!\-–—()$]*reiteracao tipo_acao=('criar_gigs[1//xs sob 24]', <function make_ato_wrapper.<locals>.wrapper at 0x0000016855F53420>) snippet==== despacho ===  === vistos, etc. ===  abre-se, como reiteracao, novo prazo para oferta de novos meios 
[Prazo.p2b_documentos] [FLUXO_PZ] Regra casou: pattern=abre\-se,[\s\.,;:!\-–—()$]*como[\s\.,;:!\-–—()$]*reiteracao tipo_acao=('criar_gigs[1//xs sob 24]', <function make_ato_wrapper.<locals>.wrapper at 0x0000016855F53420>) snippet==== despacho ===  === vistos, etc. ===  abre-se, como reiteracao, novo prazo para oferta de novos meios 
[09:50:26] [pjeplus] [INFO] [ATO] START
[pjeplus] [ATO] START
[09:50:26] [atos.judicial_fluxo] [INFO] [ATO][TIMING][INICIO] conclusao_tipo=Suspensão modelo_nome=suspf
[atos.judicial_fluxo] [ATO][TIMING][INICIO] conclusao_tipo=Suspensão modelo_nome=suspf
[09:50:26] [atos.judicial_fluxo] [INFO] [ATO][CLS] Iniciando fluxo CLS: conclusao_tipo=Suspensão
[atos.judicial_fluxo] [ATO][CLS] Iniciando fluxo CLS: conclusao_tipo=Suspensão
[09:50:26] [pjeplus] [INFO] [CLS] START
[pjeplus] [CLS] START
[09:50:26] [atos.judicial_fluxo] [INFO] [CLS][TIMING][INICIO]
[atos.judicial_fluxo] [CLS][TIMING][INICIO]
[09:50:26] [atos.judicial_fluxo] [INFO] FLUXO CLS - INICIANDO
[atos.judicial_fluxo] FLUXO CLS - INICIANDO
[09:50:26] [atos.judicial_fluxo] [INFO] ============================================================
[atos.judicial_fluxo] ============================================================
[09:50:26] [atos.judicial_fluxo] [INFO] [CLS][TIMING][CHECK_ESTADO] 0.000s estado=detalhe
[atos.judicial_fluxo] [CLS][TIMING][CHECK_ESTADO] 0.000s estado=detalhe
[09:50:26] [atos.judicial_fluxo] [INFO] [CLS] Passo 1: Estamos em /detalhe — abrindo tarefa do processo...
[atos.judicial_fluxo] [CLS] Passo 1: Estamos em /detalhe — abrindo tarefa do processo...
[09:50:26] [pjeplus] [INFO] [NAVEGAÇÃO] Abrindo tarefa do processo...
[pjeplus] [NAVEGAÇÃO] Abrindo tarefa do processo...
[09:50:26] [pjeplus] [INFO] [NAVEGAÇÃO] Foco trocado para nova aba
[pjeplus] [NAVEGAÇÃO] Foco trocado para nova aba
[09:50:26] [pjeplus] [INFO] [NAVEGAÇÃO] Após abertura: já em estado final (https://pje.trt2.jus.br/pjekz/processo/6745308/tarefa/502/conclusao)
[pjeplus] [NAVEGAÇÃO] Após abertura: já em estado final (https://pje.trt2.jus.br/pjekz/processo/6745308/tarefa/502/conclusao)
[09:50:26] [atos.judicial_fluxo] [INFO] [CLS][TIMING][ABRIR_TAREFA] 0.465s sucesso=True
[atos.judicial_fluxo] [CLS][TIMING][ABRIR_TAREFA] 0.465s sucesso=True
[09:50:26] [atos.judicial_fluxo] [INFO] [CLS] Nova aba já em /conclusao — pulando navegação inicial
[atos.judicial_fluxo] [CLS] Nova aba já em /conclusao — pulando navegação inicial
[09:50:26] [atos.judicial_fluxo] [INFO] [CLS] Passo 2: Limpando overlays...
[atos.judicial_fluxo] [CLS] Passo 2: Limpando overlays...
[09:50:26] [atos.judicial_fluxo] [INFO] [CLS][TIMING][LIMPAR_OVERLAYS] 0.023s
[atos.judicial_fluxo] [CLS][TIMING][LIMPAR_OVERLAYS] 0.023s
[09:50:26] [atos.judicial_fluxo] [INFO] [CLS] Passo 4: Escolhendo tipo de conclusão: Suspensão
[atos.judicial_fluxo] [CLS] Passo 4: Escolhendo tipo de conclusão: Suspensão
[09:50:26] [pjeplus] [INFO] [CONCLUSÃO] Escolhendo tipo de conclusão: Suspensão
[pjeplus] [CONCLUSÃO] Escolhendo tipo de conclusão: Suspensão
[09:50:28] [pjeplus] [INFO] [CONCLUSÃO] ✅ Botão de conclusão "Suspensão" clicado com sucesso
[pjeplus] [CONCLUSÃO] ✅ Botão de conclusão "Suspensão" clicado com sucesso
[09:50:28] [atos.judicial_fluxo] [INFO] [CLS][TIMING][ESCOLHER_TIPO] 1.041s tipo=Suspensão
[atos.judicial_fluxo] [CLS][TIMING][ESCOLHER_TIPO] 1.041s tipo=Suspensão
[09:50:28] [atos.judicial_fluxo] [INFO] [CLS] Passo 5: Aguardando transição para minutar...
[atos.judicial_fluxo] [CLS] Passo 5: Aguardando transição para minutar...
[09:50:28] [pjeplus] [INFO] [CONCLUSÃO] Aguardando transição para tela de minutar (DOM Observer)...
[pjeplus] [CONCLUSÃO] Aguardando transição para tela de minutar (DOM Observer)...
[09:50:28] [pjeplus] [INFO] [CONCLUSÃO] Transição detectada via renderização do DOM (pje-arvore-modelo-documento)
[pjeplus] [CONCLUSÃO] Transição detectada via renderização do DOM (pje-arvore-modelo-documento)
[09:50:28] [atos.judicial_fluxo] [INFO] [CLS][TIMING][TRANSICAO_MINUTAR] 0.003s
[atos.judicial_fluxo] [CLS][TIMING][TRANSICAO_MINUTAR] 0.003s
[09:50:28] [atos.judicial_fluxo] [INFO] [CLS] Passo 6: Preparando campo de minutar...
[atos.judicial_fluxo] [CLS] Passo 6: Preparando campo de minutar...
[09:50:28] [pjeplus] [INFO] [NAVEGAÇÃO] Preparando campo de filtro para minutar...
[pjeplus] [NAVEGAÇÃO] Preparando campo de filtro para minutar...
[09:50:33] [pjeplus] [INFO] [NAVEGAÇÃO] Campo de filtro preparado com sucesso
[pjeplus] [NAVEGAÇÃO] Campo de filtro preparado com sucesso
[09:50:33] [atos.judicial_fluxo] [INFO] [CLS][TIMING][PREPARAR_CAMPO] 5.167s
[atos.judicial_fluxo] [CLS][TIMING][PREPARAR_CAMPO] 5.167s
[09:50:33] [atos.judicial_fluxo] [INFO] ============================================================
[atos.judicial_fluxo] ============================================================
[09:50:33] [atos.judicial_fluxo] [INFO] FLUXO CLS - CONCLUÍDO COM SUCESSO
[atos.judicial_fluxo] FLUXO CLS - CONCLUÍDO COM SUCESSO
[09:50:33] [atos.judicial_fluxo] [INFO] ============================================================
[atos.judicial_fluxo] ============================================================
[09:50:33] [pjeplus] [INFO] [CLS] FIM {'status': 'sucesso', 'tempo': '6.701s'}
[pjeplus] [CLS] FIM {'status': 'sucesso', 'tempo': '6.701s'}
[09:50:33] [atos.judicial_fluxo] [INFO] [CLS][TIMING][SUCESSO] 6.701s (fluxo completo)
[atos.judicial_fluxo] [CLS][TIMING][SUCESSO] 6.701s (fluxo completo)
[09:50:33] [pjeplus] [INFO] [TEMPO] fluxo_cls.fluxo_cls: 6.701s
[pjeplus] [TEMPO] fluxo_cls.fluxo_cls: 6.701s
[09:50:33] [atos.judicial_fluxo] [INFO] [ATO][TIMING][FLUXO_CLS] 6.701s
[atos.judicial_fluxo] [ATO][TIMING][FLUXO_CLS] 6.701s
[09:50:33] [atos.judicial_fluxo] [INFO] [ATO][DESCRICAO] Preenchendo descrição: Sobrestamento
[atos.judicial_fluxo] [ATO][DESCRICAO] Preenchendo descrição: Sobrestamento
[09:50:33] [atos.judicial_fluxo] [INFO] [ATO][DESCRICAO]  Descrição preenchida
[atos.judicial_fluxo] [ATO][DESCRICAO]  Descrição preenchida
[09:50:33] [atos.judicial_fluxo] [INFO] [ATO][MODELO] Preenchendo filtro com modelo: suspf
[atos.judicial_fluxo] [ATO][MODELO] Preenchendo filtro com modelo: suspf
[09:50:34] [atos.judicial_fluxo] [INFO] [ATO][MODELO] Modelo "suspf" preenchido via JS e ENTER pressionado no filtro.
[atos.judicial_fluxo] [ATO][MODELO] Modelo "suspf" preenchido via JS e ENTER pressionado no filtro.
[09:50:36] [atos.judicial_fluxo] [INFO] [ATO][MODELO] Clique em nodo-filtrado realizado!
[atos.judicial_fluxo] [ATO][MODELO] Clique em nodo-filtrado realizado!
[09:50:36] [atos.judicial_fluxo] [INFO] [ATO][MODELO] Clique em inserir realizado
[atos.judicial_fluxo] [ATO][MODELO] Clique em inserir realizado
[09:50:36] [atos.judicial_fluxo] [INFO] [ATO][MODELO] Snackbar de inserção detectada — sinal para prosseguir
[atos.judicial_fluxo] [ATO][MODELO] Snackbar de inserção detectada — sinal para prosseguir
[09:50:37] [atos.judicial_fluxo] [INFO] [ATO][MODELO] Modelo inserido (conteúdo confirmado no editor)
[atos.judicial_fluxo] [ATO][MODELO] Modelo inserido (conteúdo confirmado no editor)
[09:50:37] [atos.judicial_fluxo] [INFO] [ATO][SALVAR] Salvando modelo após inserção...
[atos.judicial_fluxo] [ATO][SALVAR] Salvando modelo após inserção...
[09:50:37] [atos.judicial_fluxo] [INFO] [ATO][SALVAR] Clique no botao Salvar realizado
[atos.judicial_fluxo] [ATO][SALVAR] Clique no botao Salvar realizado
[09:50:37] [atos.judicial_fluxo] [INFO] [ATO][SALVAR] Aguardando ativação da aba destinatários...
[atos.judicial_fluxo] [ATO][SALVAR] Aguardando ativação da aba destinatários...
[09:50:38] [atos.judicial_fluxo] [INFO] [ATO][PRAZO] Configurando destinatários/prazos: prazo=0 (apenas_primeiro=False)
[atos.judicial_fluxo] [ATO][PRAZO] Configurando destinatários/prazos: prazo=0 (apenas_primeiro=False)
[09:50:38] [pjeplus] [INFO] [PRAZOS] Preenchendo prazos: 0
[pjeplus] [PRAZOS] Preenchendo prazos: 0
[09:50:38] [pjeplus] [INFO] [PRAZOS] Tabela de destinatários carregada
[pjeplus] [PRAZOS] Tabela de destinatários carregada
[09:50:38] [pjeplus] [INFO] [PRAZOS] Todas as partes selecionadas
[pjeplus] [PRAZOS] Todas as partes selecionadas
[09:50:38] [pjeplus] [INFO] [PRAZOS] Encontrados 2 campos de prazo
[pjeplus] [PRAZOS] Encontrados 2 campos de prazo
[09:50:38] [pjeplus] [INFO] [PRAZOS] Campo 1 preenchido com prazo: 0
[pjeplus] [PRAZOS] Campo 1 preenchido com prazo: 0
[09:50:38] [pjeplus] [INFO] [PRAZOS] Campo 2 preenchido com prazo: 0
[pjeplus] [PRAZOS] Campo 2 preenchido com prazo: 0
[09:50:38] [pjeplus] [INFO] [PRAZOS] Preenchimento de destinatários e prazos concluído
[pjeplus] [PRAZOS] Preenchimento de destinatários e prazos concluído
[09:50:38] [atos.judicial_fluxo] [INFO] [ATO][PRAZO] Destinatários e prazos concluídos com sucesso
[atos.judicial_fluxo] [ATO][PRAZO] Destinatários e prazos concluídos com sucesso
[09:50:38] [atos.judicial_fluxo] [INFO] [ATO][PEC] Parâmetro marcar_pec='nao' (desejado: desmarcar)
[atos.judicial_fluxo] [ATO][PEC] Parâmetro marcar_pec='nao' (desejado: desmarcar)
[09:50:38] [atos.judicial_fluxo] [INFO] [ATO][PEC] Já está conforme esperado: desmarcado
[atos.judicial_fluxo] [ATO][PEC] Já está conforme esperado: desmarcado
[09:50:38] [atos.judicial_fluxo] [INFO] [ATO][GRAVAR] Gravando intimações...
[atos.judicial_fluxo] [ATO][GRAVAR] Gravando intimações...
[09:50:39] [atos.judicial_fluxo] [INFO] [ATO][GRAVAR] Intimações gravadas
[atos.judicial_fluxo] [ATO][GRAVAR] Intimações gravadas
[09:50:39] [atos.judicial_fluxo] [INFO] [ATO][MOVIMENTO] Selecionando movimento: frustrada
[atos.judicial_fluxo] [ATO][MOVIMENTO] Selecionando movimento: frustrada
[09:50:39] [atos.judicial_fluxo] [INFO] [ATO][MOVIMENTO]  Checkbox marcado:   Suspenso o processo por execução frustrada (276)
[atos.judicial_fluxo] [ATO][MOVIMENTO]  Checkbox marcado:   Suspenso o processo por execução frustrada (276)
[09:50:39] [atos.judicial_fluxo] [INFO] [ATO][MOVIMENTO] Gravando movimento...
[atos.judicial_fluxo] [ATO][MOVIMENTO] Gravando movimento...
[09:50:39] [atos.judicial_fluxo] [INFO] [ATO][MOVIMENTO] Confirmando gravação...
[atos.judicial_fluxo] [ATO][MOVIMENTO] Confirmando gravação...
[09:50:39] [atos.judicial_fluxo] [INFO] [ATO][MOVIMENTO] Movimento gravado (snackbar de sucesso)
[atos.judicial_fluxo] [ATO][MOVIMENTO] Movimento gravado (snackbar de sucesso)
[09:50:39] [atos.judicial_fluxo] [INFO] [ATO][SALVAR_FINAL] Salvando ato...
[atos.judicial_fluxo] [ATO][SALVAR_FINAL] Salvando ato...
[09:50:39] [atos.judicial_fluxo] [INFO] [ATO][SALVAR_FINAL] Ato salvo
[atos.judicial_fluxo] [ATO][SALVAR_FINAL] Ato salvo
[09:50:39] [atos.judicial_fluxo] [INFO] ============================================================
[atos.judicial_fluxo] ============================================================
[09:50:39] [atos.judicial_fluxo] [INFO] ATO JUDICIAL - CONCLUÍDO COM SUCESSO
[atos.judicial_fluxo] ATO JUDICIAL - CONCLUÍDO COM SUCESSO
[09:50:39] [atos.judicial_fluxo] [INFO] ============================================================
[atos.judicial_fluxo] ============================================================
[09:50:39] [pjeplus] [INFO] [ATO] FIM {'status': 'sucesso', 'sigilo': False, 'tempo': '13.238s'}
[pjeplus] [ATO] FIM {'status': 'sucesso', 'sigilo': False, 'tempo': '13.238s'}
[09:50:39] [atos.judicial_fluxo] [INFO] [ATO][TIMING][SUCESSO] 13.238s (fluxo completo)
[atos.judicial_fluxo] [ATO][TIMING][SUCESSO] 13.238s (fluxo completo)
[09:50:39] [pjeplus] [INFO] [TEMPO] _processar_regras_gerais._processar_regras_gerais: 17.064s
[pjeplus] [TEMPO] _processar_regras_gerais._processar_regras_gerais: 17.064s
[09:50:39] [Fix.monitoramento_progresso_unificado] [INFO] [PROGRESSO_P2B][1001986-78.2024.5.02.0703] ✅ Processo marcado como executado
[Fix.monitoramento_progresso_unificado] [PROGRESSO_P2B][1001986-78.2024.5.02.0703] ✅ Processo marcado como executado
[09:50:39] [Fix.monitoramento_progresso_unificado] [INFO] [PROGRESSO_P2B]  Progresso salvo com segurança
[Fix.monitoramento_progresso_unificado] [PROGRESSO_P2B]  Progresso salvo com segurança
[09:50:39] [Prazo.p2b_gateway] [INFO] [PRAZO_API] Processo 1001986-78.2024.5.02.0703 processado com sucesso (fluxo_pz)
[Prazo.p2b_gateway] [PRAZO_API] Processo 1001986-78.2024.5.02.0703 processado com sucesso (fluxo_pz)
[09:50:39] [Prazo.p2b_gateway] [INFO] [PRAZO_API] Abrindo processo id=7791407 numero=1001743-03.2025.5.02.0703
[Prazo.p2b_gateway] [PRAZO_API] Abrindo processo id=7791407 numero=1001743-03.2025.5.02.0703
[09:50:40] [Prazo.p2b_gateway] [INFO] [p2b_api] Data documento: 2026-09-17T08:51:09.119729 -> 2026-09-17T08:51:09.119729+00:00 (Idade: 1 dias úteis)
[Prazo.p2b_gateway] [p2b_api] Data documento: 2026-09-17T08:51:09.119729 -> 2026-09-17T08:51:09.119729+00:00 (Idade: 1 dias úteis)
[09:50:40] [Prazo.p2b_gateway] [INFO] [p2b_api] doc relevante (Decisão) tem data recente (2026-09-17T08:51:09.119729), pulando (<= 5 dias úteis).
[Prazo.p2b_gateway] [p2b_api] doc relevante (Decisão) tem data recente (2026-09-17T08:51:09.119729), pulando (<= 5 dias úteis).
[09:50:40] [Prazo.p2b_gateway] [WARNING] [p2b_api] decisao_recente_menos_5_dias
[Prazo.p2b_gateway] [p2b_api] decisao_recente_menos_5_dias
[09:50:40] [Prazo.p2b_gateway] [INFO] [FLUXO_PZ] Decisão recente (< 5 dias), executando mov_int Aguardando Prazo e pulando.
[Prazo.p2b_gateway] [FLUXO_PZ] Decisão recente (< 5 dias), executando mov_int Aguardando Prazo e pulando.
[09:50:41] [atos.core] [INFO] [API_TAREFA] Tarefa aberta via API com sucesso: processo=7791407 tarefa=333
[atos.core] [API_TAREFA] Tarefa aberta via API com sucesso: processo=7791407 tarefa=333
[09:50:42] [atos.core] [INFO] [MOV_INT] tarefa='Responsável do Processo
Sem Responsável
Tarefa:
Aguardando final do sobrestamento' destino='Aguardando Prazo'
[atos.core] [MOV_INT] tarefa='Responsável do Processo
Sem Responsável
Tarefa:
Aguardando final do sobrestamento' destino='Aguardando Prazo'
[09:50:53] [atos.core] [INFO] [NAVEGAR_TAREFA] Iniciando navegação para: análise
[atos.core] [NAVEGAR_TAREFA] Iniciando navegação para: análise
[09:50:53] [atos.core] [INFO] [NAVEGAR_TAREFA] Tarefa atual: "Responsável do Processo
Sem Responsável
Tarefa:
Aguardando final do sobrestamento" -> Destino: "análise"
[atos.core] [NAVEGAR_TAREFA] Tarefa atual: "Responsável do Processo
Sem Responsável
Tarefa:
Aguardando final do sobrestamento" -> Destino: "análise"
[09:50:53] [atos.core] [INFO] [SOBRESTAMENTO_FINAL] Movendo de aguardando final do sobrestamento
[atos.core] [SOBRESTAMENTO_FINAL] Movendo de aguardando final do sobrestamento
[09:50:59] [pjeplus] [ERROR] [ESPERAR][ERRO] Falha ao esperar elemento: 'button[aria-label*='encerrar']' (by=css selector, timeout=10, texto=None) -> Message: Page.wait_for_selector: Target page, context or browser has been closed
Call log:
  - waiting for locator("button[aria-label*='encerrar']")



============================================================
[pjeplus] [ESPERAR][ERRO] Falha ao esperar elemento: 'button[aria-label*='encerrar']' (by=css selector, timeout=10, texto=None) -> Message: Page.wait_for_selector: Target page, context or browser has been closed
Call log:
  - waiting for locator("button[aria-label*='encerrar']")


============================================================
[09:50:59] [atos.core] [WARNING] [MOVIMENTO] Falha na transicao especifica de "responsável do processo
sem responsável
tarefa:
aguardando final do sobrestamento" — tentando Analise direto
[atos.core] [MOVIMENTO] Falha na transicao especifica de "responsável do processo
sem responsável
tarefa:
aguardando final do sobrestamento" — tentando Analise direto
[09:50:59] [atos.core] [WARNING] [OBTER_TAREFA] Erro ao obter tarefa atual: Message: Nenhuma janela aberta

[atos.core] [OBTER_TAREFA] Erro ao obter tarefa atual: Message: Nenhuma janela aberta

[09:50:59] [Prazo.p2b_gateway] [WARNING] [PRAZO_API] Processo 1001743-03.2025.5.02.0703 NAO concluido (fluxo_pz_nao_executou) — nao marcado; sera retentado na proxima execucao
[Prazo.p2b_gateway] [PRAZO_API] Processo 1001743-03.2025.5.02.0703 NAO concluido (fluxo_pz_nao_executou) — nao marcado; sera retentado na proxima execucao
[09:50:59] [Prazo.p2b_gateway] [WARNING] [PRAZO_API] Nenhuma aba detectada! PJe fechou a aba via JS. Recriando aba (tentativa unica)...
[Prazo.p2b_gateway] [PRAZO_API] Nenhuma aba detectada! PJe fechou a aba via JS. Recriando aba (tentativa unica)...
[09:51:00] [Prazo.p2b_gateway] [INFO] [PRAZO_API] Abrindo processo id=8264291 numero=1000215-94.2026.5.02.0703
[Prazo.p2b_gateway] [PRAZO_API] Abrindo processo id=8264291 numero=1000215-94.2026.5.02.0703
[09:51:00] [Prazo.p2b_gateway] [INFO] [p2b_api] Data documento: 2026-08-18T09:27:52.762604 -> 2026-08-18T09:27:52.762604+00:00 (Idade: 22 dias úteis)
[Prazo.p2b_gateway] [p2b_api] Data documento: 2026-08-18T09:27:52.762604 -> 2026-08-18T09:27:52.762604+00:00 (Idade: 22 dias úteis)
[09:51:00] [Prazo.p2b_gateway] [INFO] [p2b_api] doc relevante: tipo=Despacho id=481140250 data_extraida=2026-08-18T09:27:52.762604 idade_dias=22
[Prazo.p2b_gateway] [p2b_api] doc relevante: tipo=Despacho id=481140250 data_extraida=2026-08-18T09:27:52.762604 idade_dias=22
[09:51:00] [Prazo.p2b_gateway] [INFO] [p2b_api] texto extraído: 916 chars
[Prazo.p2b_gateway] [p2b_api] texto extraído: 916 chars
[09:51:00] [Prazo.p2b_documentos] [INFO] [FLUXO_PZ] Regra casou: pattern=no[\s\.,;:!\-–—()$]*prazo[\s\.,;:!\-–—()$]*de[\s\.,;:!\-–—()$]*oito[\s\.,;:!\-–—()$]*dias,[\s\.,;:!\-–—()$]*impugnar tipo_acao=('criar_gigs[1/Ana Lucia do A/Homologação]', <function make_ato_wrapper.<locals>.wrapper at 0x0000016855F53E20>) snippet==  intime(m)-se o(s) reclamado(s) para, no prazo de oito dias, impugnar os calculos juntados pelo(a) reclamante
[Prazo.p2b_documentos] [FLUXO_PZ] Regra casou: pattern=no[\s\.,;:!\-–—()$]*prazo[\s\.,;:!\-–—()$]*de[\s\.,;:!\-–—()$]*oito[\s\.,;:!\-–—()$]*dias,[\s\.,;:!\-–—()$]*impugnar tipo_acao=('criar_gigs[1/Ana Lucia do A/Homologação]', <function make_ato_wrapper.<locals>.wrapper at 0x0000016855F53E20>) snippet==  intime(m)-se o(s) reclamado(s) para, no prazo de oito dias, impugnar os calculos juntados pelo(a) reclamante
[09:51:02] [pjeplus] [INFO] [ATO] START
[pjeplus] [ATO] START
[09:51:02] [atos.judicial_fluxo] [INFO] [ATO][TIMING][INICIO] conclusao_tipo=Homologação de Cálculos modelo_nome=HCCL
[atos.judicial_fluxo] [ATO][TIMING][INICIO] conclusao_tipo=Homologação de Cálculos modelo_nome=HCCL
[09:51:02] [atos.judicial_fluxo] [INFO] [ATO][CLS] Iniciando fluxo CLS: conclusao_tipo=Homologação de Cálculos
[atos.judicial_fluxo] [ATO][CLS] Iniciando fluxo CLS: conclusao_tipo=Homologação de Cálculos
[09:51:02] [pjeplus] [INFO] [CLS] START
[pjeplus] [CLS] START
[09:51:02] [atos.judicial_fluxo] [INFO] [CLS][TIMING][INICIO]
[atos.judicial_fluxo] [CLS][TIMING][INICIO]
[09:51:02] [atos.judicial_fluxo] [INFO] FLUXO CLS - INICIANDO
[atos.judicial_fluxo] FLUXO CLS - INICIANDO
[09:51:02] [atos.judicial_fluxo] [INFO] ============================================================
[atos.judicial_fluxo] ============================================================
[09:51:02] [atos.judicial_fluxo] [INFO] [CLS][TIMING][CHECK_ESTADO] 0.000s estado=detalhe
[atos.judicial_fluxo] [CLS][TIMING][CHECK_ESTADO] 0.000s estado=detalhe
[09:51:02] [atos.judicial_fluxo] [INFO] [CLS] Passo 1: Estamos em /detalhe — abrindo tarefa do processo...
[atos.judicial_fluxo] [CLS] Passo 1: Estamos em /detalhe — abrindo tarefa do processo...
[09:51:02] [pjeplus] [INFO] [NAVEGAÇÃO] Abrindo tarefa do processo...
[pjeplus] [NAVEGAÇÃO] Abrindo tarefa do processo...
[09:51:02] [pjeplus] [INFO] [NAVEGAÇÃO] Foco trocado para nova aba
[pjeplus] [NAVEGAÇÃO] Foco trocado para nova aba
[09:51:02] [pjeplus] [INFO] [NAVEGAÇÃO] Após abertura: já em estado final (https://pje.trt2.jus.br/pjekz/processo/8264291/tarefa/504/minutar)
[pjeplus] [NAVEGAÇÃO] Após abertura: já em estado final (https://pje.trt2.jus.br/pjekz/processo/8264291/tarefa/504/minutar)
[09:51:02] [atos.judicial_fluxo] [INFO] [CLS][TIMING][ABRIR_TAREFA] 0.421s sucesso=True
[atos.judicial_fluxo] [CLS][TIMING][ABRIR_TAREFA] 0.421s sucesso=True
[09:51:02] [atos.judicial_fluxo] [INFO] [CLS] Já em /minutar após abrir tarefa — marcando como concluído
[atos.judicial_fluxo] [CLS] Já em /minutar após abrir tarefa — marcando como concluído
[09:51:02] [atos.judicial_fluxo] [INFO] [CLS][TIMING][SUCESSO] 0.421s (já em /minutar após abrir tarefa)
[atos.judicial_fluxo] [CLS][TIMING][SUCESSO] 0.421s (já em /minutar após abrir tarefa)
[09:51:02] [pjeplus] [INFO] [TEMPO] fluxo_cls.fluxo_cls: 0.421s
[pjeplus] [TEMPO] fluxo_cls.fluxo_cls: 0.421s
[09:51:02] [atos.judicial_fluxo] [INFO] [ATO][TIMING][FLUXO_CLS] 0.422s
[atos.judicial_fluxo] [ATO][TIMING][FLUXO_CLS] 0.422s
[09:51:02] [atos.judicial_fluxo] [INFO] [ATO][CLS] Já estava em estado final — não prosseguindo com modelo/descrição/sigilo/etc
[atos.judicial_fluxo] [ATO][CLS] Já estava em estado final — não prosseguindo com modelo/descrição/sigilo/etc
[09:51:02] [atos.judicial_fluxo] [INFO] [ATO][TIMING][SUCESSO_ESTADO_FINAL] 0.422s
[atos.judicial_fluxo] [ATO][TIMING][SUCESSO_ESTADO_FINAL] 0.422s
[09:51:02] [pjeplus] [INFO] [TEMPO] _processar_regras_gerais._processar_regras_gerais: 1.858s
[pjeplus] [TEMPO] _processar_regras_gerais._processar_regras_gerais: 1.858s
[09:51:02] [Fix.monitoramento_progresso_unificado] [INFO] [PROGRESSO_P2B][1000215-94.2026.5.02.0703] ✅ Processo marcado como executado
[Fix.monitoramento_progresso_unificado] [PROGRESSO_P2B][1000215-94.2026.5.02.0703] ✅ Processo marcado como executado
[09:51:02] [Fix.monitoramento_progresso_unificado] [INFO] [PROGRESSO_P2B]  Progresso salvo com segurança
[Fix.monitoramento_progresso_unificado] [PROGRESSO_P2B]  Progresso salvo com segurança
[09:51:02] [Prazo.p2b_gateway] [INFO] [PRAZO_API] Processo 1000215-94.2026.5.02.0703 processado com sucesso (fluxo_pz)
[Prazo.p2b_gateway] [PRAZO_API] Processo 1000215-94.2026.5.02.0703 processado com sucesso (fluxo_pz)
[09:51:02] [Prazo.p2b_gateway] [INFO] [PRAZO_API] Abrindo processo id=4398755 numero=1000154-78.2022.5.02.0703
[Prazo.p2b_gateway] [PRAZO_API] Abrindo processo id=4398755 numero=1000154-78.2022.5.02.0703
[09:51:03] [Prazo.p2b_gateway] [INFO] [p2b_api] Data documento: 2026-09-17T11:14:33.738292 -> 2026-09-17T11:14:33.738292+00:00 (Idade: 1 dias úteis)
[Prazo.p2b_gateway] [p2b_api] Data documento: 2026-09-17T11:14:33.738292 -> 2026-09-17T11:14:33.738292+00:00 (Idade: 1 dias úteis)
[09:51:03] [Prazo.p2b_gateway] [INFO] [p2b_api] doc relevante (Despacho) tem data recente (2026-09-17T11:14:33.738292), pulando (<= 5 dias úteis).
[Prazo.p2b_gateway] [p2b_api] doc relevante (Despacho) tem data recente (2026-09-17T11:14:33.738292), pulando (<= 5 dias úteis).
[09:51:03] [Prazo.p2b_gateway] [WARNING] [p2b_api] decisao_recente_menos_5_dias
[Prazo.p2b_gateway] [p2b_api] decisao_recente_menos_5_dias
[09:51:03] [Prazo.p2b_gateway] [INFO] [FLUXO_PZ] Decisão recente (< 5 dias), executando mov_int Aguardando Prazo e pulando.
[Prazo.p2b_gateway] [FLUXO_PZ] Decisão recente (< 5 dias), executando mov_int Aguardando Prazo e pulando.
[09:51:03] [atos.core] [INFO] [MOV_INT] tarefa já está em 'Aguardando prazo' (via API) — nada a fazer
[atos.core] [MOV_INT] tarefa já está em 'Aguardando prazo' (via API) — nada a fazer
[09:51:03] [Fix.monitoramento_progresso_unificado] [INFO] [PROGRESSO_P2B][1000154-78.2022.5.02.0703] ✅ Processo marcado como executado
[Fix.monitoramento_progresso_unificado] [PROGRESSO_P2B][1000154-78.2022.5.02.0703] ✅ Processo marcado como executado
[09:51:04] [Fix.monitoramento_progresso_unificado] [INFO] [PROGRESSO_P2B]  Progresso salvo com segurança
[Fix.monitoramento_progresso_unificado] [PROGRESSO_P2B]  Progresso salvo com segurança
[09:51:04] [Prazo.p2b_gateway] [INFO] [PRAZO_API] Processo 1000154-78.2022.5.02.0703 processado com sucesso (fluxo_pz)
[Prazo.p2b_gateway] [PRAZO_API] Processo 1000154-78.2022.5.02.0703 processado com sucesso (fluxo_pz)
[09:51:04] [Prazo.p2b_gateway] [INFO] [PRAZO_API] Abrindo processo id=4975450 numero=1001611-48.2022.5.02.0703
[Prazo.p2b_gateway] [PRAZO_API] Abrindo processo id=4975450 numero=1001611-48.2022.5.02.0703
[09:51:05] [Prazo.p2b_gateway] [INFO] [p2b_api] Data documento: 2026-08-27T07:52:19.699465 -> 2026-08-27T07:52:19.699465+00:00 (Idade: 15 dias úteis)
[Prazo.p2b_gateway] [p2b_api] Data documento: 2026-08-27T07:52:19.699465 -> 2026-08-27T07:52:19.699465+00:00 (Idade: 15 dias úteis)
[09:51:05] [Prazo.p2b_gateway] [INFO] [p2b_api] doc relevante: tipo=Despacho id=483265832 data_extraida=2026-08-27T07:52:19.699465 idade_dias=15
[Prazo.p2b_gateway] [p2b_api] doc relevante: tipo=Despacho id=483265832 data_extraida=2026-08-27T07:52:19.699465 idade_dias=15
[09:51:05] [Prazo.p2b_gateway] [INFO] [p2b_api] texto extraído: 1022 chars
[Prazo.p2b_gateway] [p2b_api] texto extraído: 1022 chars
[09:51:05] [Prazo.p2b_documentos] [INFO] [FLUXO_PZ] Regra casou: pattern=saldo[\s\.,;:!\-–—()$]*devedor tipo_acao=('criar_gigs[1//xs saldo]',) snippet=ficando os reclamados cientes quanto ao saldo devedor remanescente, conforme planilha de calc
[Prazo.p2b_documentos] [FLUXO_PZ] Regra casou: pattern=saldo[\s\.,;:!\-–—()$]*devedor tipo_acao=('criar_gigs[1//xs saldo]',) snippet=ficando os reclamados cientes quanto ao saldo devedor remanescente, conforme planilha de calc
[09:51:07] [pjeplus] [INFO] [TEMPO] _processar_regras_gerais._processar_regras_gerais: 1.917s
[pjeplus] [TEMPO] _processar_regras_gerais._processar_regras_gerais: 1.917s
[09:51:07] [Fix.monitoramento_progresso_unificado] [INFO] [PROGRESSO_P2B][1001611-48.2022.5.02.0703] ✅ Processo marcado como executado
[Fix.monitoramento_progresso_unificado] [PROGRESSO_P2B][1001611-48.2022.5.02.0703] ✅ Processo marcado como executado
[09:51:07] [Fix.monitoramento_progresso_unificado] [INFO] [PROGRESSO_P2B]  Progresso salvo com segurança
[Fix.monitoramento_progresso_unificado] [PROGRESSO_P2B]  Progresso salvo com segurança
[09:51:07] [Prazo.p2b_gateway] [INFO] [PRAZO_API] Processo 1001611-48.2022.5.02.0703 processado com sucesso (fluxo_pz)
[Prazo.p2b_gateway] [PRAZO_API] Processo 1001611-48.2022.5.02.0703 processado com sucesso (fluxo_pz)
[09:51:07] [Prazo.p2b_gateway] [INFO] [PRAZO_API] Abrindo processo id=3966774 numero=1000543-97.2021.5.02.0703
[Prazo.p2b_gateway] [PRAZO_API] Abrindo processo id=3966774 numero=1000543-97.2021.5.02.0703
[09:51:08] [Prazo.p2b_gateway] [INFO] [p2b_api] Data documento: 2026-08-27T07:48:04.581532 -> 2026-08-27T07:48:04.581532+00:00 (Idade: 15 dias úteis)
[Prazo.p2b_gateway] [p2b_api] Data documento: 2026-08-27T07:48:04.581532 -> 2026-08-27T07:48:04.581532+00:00 (Idade: 15 dias úteis)
[09:51:08] [Prazo.p2b_gateway] [INFO] [p2b_api] doc relevante: tipo=Despacho id=483254280 data_extraida=2026-08-27T07:48:04.581532 idade_dias=15
[Prazo.p2b_gateway] [p2b_api] doc relevante: tipo=Despacho id=483254280 data_extraida=2026-08-27T07:48:04.581532 idade_dias=15
[09:51:08] [Prazo.p2b_gateway] [INFO] [p2b_api] texto extraído: 1001 chars
[Prazo.p2b_gateway] [p2b_api] texto extraído: 1001 chars
[09:51:08] [Prazo.p2b_documentos] [INFO] [FLUXO_PZ] Regra casou: pattern=saldo[\s\.,;:!\-–—()$]*devedor tipo_acao=('criar_gigs[1//xs saldo]',) snippet=6, ficando o reclamado ciente quanto ao saldo devedor remanescente, conforme planilha de calc
[Prazo.p2b_documentos] [FLUXO_PZ] Regra casou: pattern=saldo[\s\.,;:!\-–—()$]*devedor tipo_acao=('criar_gigs[1//xs saldo]',) snippet=6, ficando o reclamado ciente quanto ao saldo devedor remanescente, conforme planilha de calc
[09:51:10] [pjeplus] [INFO] [TEMPO] _processar_regras_gerais._processar_regras_gerais: 2.408s
[pjeplus] [TEMPO] _processar_regras_gerais._processar_regras_gerais: 2.408s
[09:51:10] [Fix.monitoramento_progresso_unificado] [INFO] [PROGRESSO_P2B][1000543-97.2021.5.02.0703] ✅ Processo marcado como executado
[Fix.monitoramento_progresso_unificado] [PROGRESSO_P2B][1000543-97.2021.5.02.0703] ✅ Processo marcado como executado
[09:51:10] [Fix.monitoramento_progresso_unificado] [INFO] [PROGRESSO_P2B]  Progresso salvo com segurança
[Fix.monitoramento_progresso_unificado] [PROGRESSO_P2B]  Progresso salvo com segurança
[09:51:10] [Prazo.p2b_gateway] [INFO] [PRAZO_API] Processo 1000543-97.2021.5.02.0703 processado com sucesso (fluxo_pz)
[Prazo.p2b_gateway] [PRAZO_API] Processo 1000543-97.2021.5.02.0703 processado com sucesso (fluxo_pz)
[09:51:10] [Prazo.p2b_gateway] [INFO] [PRAZO_API] Abrindo processo id=3943808 numero=1000462-51.2021.5.02.0703
[Prazo.p2b_gateway] [PRAZO_API] Abrindo processo id=3943808 numero=1000462-51.2021.5.02.0703
[09:51:12] [Prazo.p2b_gateway] [INFO] [p2b_api] Data documento: 2026-09-17T08:51:09.119743 -> 2026-09-17T08:51:09.119743+00:00 (Idade: 1 dias úteis)
[Prazo.p2b_gateway] [p2b_api] Data documento: 2026-09-17T08:51:09.119743 -> 2026-09-17T08:51:09.119743+00:00 (Idade: 1 dias úteis)
[09:51:12] [Prazo.p2b_gateway] [INFO] [p2b_api] doc relevante (Despacho) tem data recente (2026-09-17T08:51:09.119743), pulando (<= 5 dias úteis).
[Prazo.p2b_gateway] [p2b_api] doc relevante (Despacho) tem data recente (2026-09-17T08:51:09.119743), pulando (<= 5 dias úteis).
[09:51:12] [Prazo.p2b_gateway] [WARNING] [p2b_api] decisao_recente_menos_5_dias
[Prazo.p2b_gateway] [p2b_api] decisao_recente_menos_5_dias
[09:51:12] [Prazo.p2b_gateway] [INFO] [FLUXO_PZ] Decisão recente (< 5 dias), executando mov_int Aguardando Prazo e pulando.
[Prazo.p2b_gateway] [FLUXO_PZ] Decisão recente (< 5 dias), executando mov_int Aguardando Prazo e pulando.
[09:51:12] [atos.core] [INFO] [MOV_INT] tarefa já está em 'Aguardando prazo' (via API) — nada a fazer
[atos.core] [MOV_INT] tarefa já está em 'Aguardando prazo' (via API) — nada a fazer
[09:51:12] [Fix.monitoramento_progresso_unificado] [INFO] [PROGRESSO_P2B][1000462-51.2021.5.02.0703] ✅ Processo marcado como executado
[Fix.monitoramento_progresso_unificado] [PROGRESSO_P2B][1000462-51.2021.5.02.0703] ✅ Processo marcado como executado
[09:51:12] [Fix.monitoramento_progresso_unificado] [INFO] [PROGRESSO_P2B]  Progresso salvo com segurança
[Fix.monitoramento_progresso_unificado] [PROGRESSO_P2B]  Progresso salvo com segurança
[09:51:12] [Prazo.p2b_gateway] [INFO] [PRAZO_API] Processo 1000462-51.2021.5.02.0703 processado com sucesso (fluxo_pz)
[Prazo.p2b_gateway] [PRAZO_API] Processo 1000462-51.2021.5.02.0703 processado com sucesso (fluxo_pz)
[09:51:12] [Prazo.p2b_gateway] [INFO] [PRAZO_API] Abrindo processo id=4508758 numero=1000420-65.2022.5.02.0703
[Prazo.p2b_gateway] [PRAZO_API] Abrindo processo id=4508758 numero=1000420-65.2022.5.02.0703
[09:51:13] [Prazo.p2b_gateway] [INFO] [p2b_api] Data documento: 2026-09-17T08:51:09.119743 -> 2026-09-17T08:51:09.119743+00:00 (Idade: 1 dias úteis)
[Prazo.p2b_gateway] [p2b_api] Data documento: 2026-09-17T08:51:09.119743 -> 2026-09-17T08:51:09.119743+00:00 (Idade: 1 dias úteis)
[09:51:13] [Prazo.p2b_gateway] [INFO] [p2b_api] doc relevante (Despacho) tem data recente (2026-09-17T08:51:09.119743), pulando (<= 5 dias úteis).
[Prazo.p2b_gateway] [p2b_api] doc relevante (Despacho) tem data recente (2026-09-17T08:51:09.119743), pulando (<= 5 dias úteis).
[09:51:13] [Prazo.p2b_gateway] [WARNING] [p2b_api] decisao_recente_menos_5_dias
[Prazo.p2b_gateway] [p2b_api] decisao_recente_menos_5_dias
[09:51:13] [Prazo.p2b_gateway] [INFO] [FLUXO_PZ] Decisão recente (< 5 dias), executando mov_int Aguardando Prazo e pulando.
[Prazo.p2b_gateway] [FLUXO_PZ] Decisão recente (< 5 dias), executando mov_int Aguardando Prazo e pulando.
[09:51:13] [atos.core] [INFO] [MOV_INT] tarefa já está em 'Aguardando prazo' (via API) — nada a fazer
[atos.core] [MOV_INT] tarefa já está em 'Aguardando prazo' (via API) — nada a fazer
[09:51:13] [Fix.monitoramento_progresso_unificado] [INFO] [PROGRESSO_P2B][1000420-65.2022.5.02.0703] ✅ Processo marcado como executado
[Fix.monitoramento_progresso_unificado] [PROGRESSO_P2B][1000420-65.2022.5.02.0703] ✅ Processo marcado como executado
[09:51:13] [Fix.monitoramento_progresso_unificado] [INFO] [PROGRESSO_P2B]  Progresso salvo com segurança
[Fix.monitoramento_progresso_unificado] [PROGRESSO_P2B]  Progresso salvo com segurança
[09:51:13] [Prazo.p2b_gateway] [INFO] [PRAZO_API] Processo 1000420-65.2022.5.02.0703 processado com sucesso (fluxo_pz)
[Prazo.p2b_gateway] [PRAZO_API] Processo 1000420-65.2022.5.02.0703 processado com sucesso (fluxo_pz)
[09:51:13] [Prazo.p2b_gateway] [INFO] [PRAZO_API] Abrindo processo id=2212363 numero=1000685-09.2018.5.02.0703
[Prazo.p2b_gateway] [PRAZO_API] Abrindo processo id=2212363 numero=1000685-09.2018.5.02.0703
[09:51:15] [Prazo.p2b_gateway] [INFO] [p2b_api] Data documento: 2026-09-17T08:51:09.119744 -> 2026-09-17T08:51:09.119744+00:00 (Idade: 1 dias úteis)
[Prazo.p2b_gateway] [p2b_api] Data documento: 2026-09-17T08:51:09.119744 -> 2026-09-17T08:51:09.119744+00:00 (Idade: 1 dias úteis)
[09:51:15] [Prazo.p2b_gateway] [INFO] [p2b_api] doc relevante (Despacho) tem data recente (2026-09-17T08:51:09.119744), pulando (<= 5 dias úteis).
[Prazo.p2b_gateway] [p2b_api] doc relevante (Despacho) tem data recente (2026-09-17T08:51:09.119744), pulando (<= 5 dias úteis).
[09:51:15] [Prazo.p2b_gateway] [WARNING] [p2b_api] decisao_recente_menos_5_dias
[Prazo.p2b_gateway] [p2b_api] decisao_recente_menos_5_dias
[09:51:15] [Prazo.p2b_gateway] [INFO] [FLUXO_PZ] Decisão recente (< 5 dias), executando mov_int Aguardando Prazo e pulando.
[Prazo.p2b_gateway] [FLUXO_PZ] Decisão recente (< 5 dias), executando mov_int Aguardando Prazo e pulando.
[09:51:16] [atos.core] [INFO] [MOV_INT] tarefa já está em 'Aguardando prazo' (via API) — nada a fazer
[atos.core] [MOV_INT] tarefa já está em 'Aguardando prazo' (via API) — nada a fazer
[09:51:16] [Fix.monitoramento_progresso_unificado] [INFO] [PROGRESSO_P2B][1000685-09.2018.5.02.0703] ✅ Processo marcado como executado
[Fix.monitoramento_progresso_unificado] [PROGRESSO_P2B][1000685-09.2018.5.02.0703] ✅ Processo marcado como executado
[09:51:16] [Fix.monitoramento_progresso_unificado] [INFO] [PROGRESSO_P2B]  Progresso salvo com segurança
[Fix.monitoramento_progresso_unificado] [PROGRESSO_P2B]  Progresso salvo com segurança
[09:51:16] [Prazo.p2b_gateway] [INFO] [PRAZO_API] Processo 1000685-09.2018.5.02.0703 processado com sucesso (fluxo_pz)
[Prazo.p2b_gateway] [PRAZO_API] Processo 1000685-09.2018.5.02.0703 processado com sucesso (fluxo_pz)
[09:51:16] [Prazo.p2b_gateway] [INFO] [PRAZO_API] Abrindo processo id=4637813 numero=1000745-40.2022.5.02.0703
[Prazo.p2b_gateway] [PRAZO_API] Abrindo processo id=4637813 numero=1000745-40.2022.5.02.0703
[09:51:18] [Prazo.p2b_gateway] [INFO] [p2b_api] Data documento: 2026-08-28T17:43:58.052793 -> 2026-08-28T17:43:58.052793+00:00 (Idade: 14 dias úteis)
[Prazo.p2b_gateway] [p2b_api] Data documento: 2026-08-28T17:43:58.052793 -> 2026-08-28T17:43:58.052793+00:00 (Idade: 14 dias úteis)
[09:51:18] [Prazo.p2b_gateway] [INFO] [p2b_api] doc relevante: tipo=Sentença id=483533245 data_extraida=2026-08-28T17:43:58.052793 idade_dias=14
[Prazo.p2b_gateway] [p2b_api] doc relevante: tipo=Sentença id=483533245 data_extraida=2026-08-28T17:43:58.052793 idade_dias=14
[09:51:18] [Prazo.p2b_gateway] [INFO] [p2b_api] texto extraído: 2422 chars
[Prazo.p2b_gateway] [p2b_api] texto extraído: 2422 chars
[09:51:18] [Prazo.p2b_documentos] [INFO] [FLUXO_PZ] Regra casou: pattern=a[\s\.,;:!\-–—()$]*pronuncia[\s\.,;:!\-–—()$]*da tipo_acao=(<function prescreve at 0x00000168561B47C0>,) snippet=rt. 3o, recomendacao 03/2018, da cgjt). a pronuncia da prescricao intercorrente se trata de at
[Prazo.p2b_documentos] [FLUXO_PZ] Regra casou: pattern=a[\s\.,;:!\-–—()$]*pronuncia[\s\.,;:!\-–—()$]*da tipo_acao=(<function prescreve at 0x00000168561B47C0>,) snippet=rt. 3o, recomendacao 03/2018, da cgjt). a pronuncia da prescricao intercorrente se trata de at
[09:51:18] [pjeplus] [INFO] BNDT: parâmetro inclusao recebido: False (tipo: <class 'bool'>)
[pjeplus] BNDT: parâmetro inclusao recebido: False (tipo: <class 'bool'>)
[09:51:18] [pjeplus] [INFO] Iniciando operação BNDT: Exclusão
[pjeplus] Iniciando operação BNDT: Exclusão
[09:51:19] [pjeplus] [INFO] Elementos da página BNDT detectados
[pjeplus] Elementos da página BNDT detectados
[09:51:19] [pjeplus] [INFO] Nova aba BNDT aberta diretamente via URL: https://pje.trt2.jus.br/pjekz/processo/4637813/bndt
[pjeplus] Nova aba BNDT aberta diretamente via URL: https://pje.trt2.jus.br/pjekz/processo/4637813/bndt
[09:51:19] [pjeplus] [INFO] ============ Processando Polo Passivo ============
[pjeplus] ============ Processando Polo Passivo ============
[09:51:19] [pjeplus] [INFO] Procurando botão de polo Passivo...
[pjeplus] Procurando botão de polo Passivo...
[09:51:19] [pjeplus] [INFO] Polo Passivo selecionado
[pjeplus] Polo Passivo selecionado
[09:51:19] [pjeplus] [INFO] Selecionando operação: Exclusão para polo Passivo
[pjeplus] Selecionando operação: Exclusão para polo Passivo
[09:51:19] [pjeplus] [INFO] Operação Exclusão selecionada para polo Passivo via JS
[pjeplus] Operação Exclusão selecionada para polo Passivo via JS
[09:51:19] [pjeplus] [INFO] Polo Passivo: "não há registros disponíveis para inclusão no bndt." — nada a fazer
[pjeplus] Polo Passivo: "não há registros disponíveis para inclusão no bndt." — nada a fazer
[09:51:19] [pjeplus] [INFO] [TEMPO] _processar_regras_gerais._processar_regras_gerais: 1.649s
[pjeplus] [TEMPO] _processar_regras_gerais._processar_regras_gerais: 1.649s
[09:51:19] [Fix.monitoramento_progresso_unificado] [INFO] [PROGRESSO_P2B][1000745-40.2022.5.02.0703] ✅ Processo marcado como executado
[Fix.monitoramento_progresso_unificado] [PROGRESSO_P2B][1000745-40.2022.5.02.0703] ✅ Processo marcado como executado
[09:51:19] [Fix.monitoramento_progresso_unificado] [INFO] [PROGRESSO_P2B]  Progresso salvo com segurança
[Fix.monitoramento_progresso_unificado] [PROGRESSO_P2B]  Progresso salvo com segurança
[09:51:19] [Prazo.p2b_gateway] [INFO] [PRAZO_API] Processo 1000745-40.2022.5.02.0703 processado com sucesso (fluxo_pz)
[Prazo.p2b_gateway] [PRAZO_API] Processo 1000745-40.2022.5.02.0703 processado com sucesso (fluxo_pz)
[09:51:19] [Prazo.p2b_gateway] [INFO] [PRAZO_API] Abrindo processo id=5293244 numero=1000759-87.2023.5.02.0703
[Prazo.p2b_gateway] [PRAZO_API] Abrindo processo id=5293244 numero=1000759-87.2023.5.02.0703
[09:51:20] [Prazo.p2b_gateway] [INFO] [p2b_api] Data documento: 2026-08-28T17:43:58.052787 -> 2026-08-28T17:43:58.052787+00:00 (Idade: 14 dias úteis)
[Prazo.p2b_gateway] [p2b_api] Data documento: 2026-08-28T17:43:58.052787 -> 2026-08-28T17:43:58.052787+00:00 (Idade: 14 dias úteis)
[09:51:20] [Prazo.p2b_gateway] [INFO] [p2b_api] doc relevante: tipo=Sentença id=483531198 data_extraida=2026-08-28T17:43:58.052787 idade_dias=14
[Prazo.p2b_gateway] [p2b_api] doc relevante: tipo=Sentença id=483531198 data_extraida=2026-08-28T17:43:58.052787 idade_dias=14
[09:51:21] [Prazo.p2b_gateway] [INFO] [p2b_api] texto extraído: 2394 chars
[Prazo.p2b_gateway] [p2b_api] texto extraído: 2394 chars
[09:51:21] [Prazo.p2b_documentos] [INFO] [FLUXO_PZ] Regra casou: pattern=a[\s\.,;:!\-–—()$]*pronuncia[\s\.,;:!\-–—()$]*da tipo_acao=(<function prescreve at 0x00000168561B47C0>,) snippet=rt. 3o, recomendacao 03/2018, da cgjt). a pronuncia da prescricao intercorrente se trata de at
[Prazo.p2b_documentos] [FLUXO_PZ] Regra casou: pattern=a[\s\.,;:!\-–—()$]*pronuncia[\s\.,;:!\-–—()$]*da tipo_acao=(<function prescreve at 0x00000168561B47C0>,) snippet=rt. 3o, recomendacao 03/2018, da cgjt). a pronuncia da prescricao intercorrente se trata de at
[09:51:21] [pjeplus] [INFO] BNDT: parâmetro inclusao recebido: False (tipo: <class 'bool'>)
[pjeplus] BNDT: parâmetro inclusao recebido: False (tipo: <class 'bool'>)
[09:51:21] [pjeplus] [INFO] Iniciando operação BNDT: Exclusão
[pjeplus] Iniciando operação BNDT: Exclusão
[09:51:21] [pjeplus] [INFO] Elementos da página BNDT detectados
[pjeplus] Elementos da página BNDT detectados
[09:51:21] [pjeplus] [INFO] Nova aba BNDT aberta diretamente via URL: https://pje.trt2.jus.br/pjekz/processo/5293244/bndt
[pjeplus] Nova aba BNDT aberta diretamente via URL: https://pje.trt2.jus.br/pjekz/processo/5293244/bndt
[09:51:21] [pjeplus] [INFO] ============ Processando Polo Passivo ============
[pjeplus] ============ Processando Polo Passivo ============
[09:51:21] [pjeplus] [INFO] Procurando botão de polo Passivo...
[pjeplus] Procurando botão de polo Passivo...
[09:51:22] [pjeplus] [INFO] Polo Passivo selecionado
[pjeplus] Polo Passivo selecionado
[09:51:22] [pjeplus] [INFO] Selecionando operação: Exclusão para polo Passivo
[pjeplus] Selecionando operação: Exclusão para polo Passivo
[09:51:22] [pjeplus] [INFO] Operação Exclusão selecionada para polo Passivo via JS
[pjeplus] Operação Exclusão selecionada para polo Passivo via JS
[09:51:22] [pjeplus] [INFO] Procurando checkboxes para marcar no polo Passivo...
[pjeplus] Procurando checkboxes para marcar no polo Passivo...
[09:51:42] [pjeplus] [WARNING] Nenhum checkbox de débito encontrado no polo Passivo para exclusão
[pjeplus] Nenhum checkbox de débito encontrado no polo Passivo para exclusão
[09:51:42] [pjeplus] [INFO] Procurando botão Gravar para polo Passivo...
[pjeplus] Procurando botão Gravar para polo Passivo...
[09:51:45] [pjeplus] [INFO] Botão Gravar encontrado
[pjeplus] Botão Gravar encontrado
[09:51:45] [pjeplus] [INFO] Botão Gravar clicado
[pjeplus] Botão Gravar clicado
[09:51:48] [pjeplus] [WARNING] Botão "Sim" não encontrado (pode não ser necessário)
[pjeplus] Botão "Sim" não encontrado (pode não ser necessário)
[09:51:48] [pjeplus] [INFO] Aviso: Para realizar a inclusão selecione no mínimo um registro, informando a situação.
X
[pjeplus] Aviso: Para realizar a inclusão selecione no mínimo um registro, informando a situação.
X
[09:51:48] [pjeplus] [WARNING] Mensagem inesperada: Para realizar a inclusão selecione no mínimo um registro, informando a situação.
X
[pjeplus] Mensagem inesperada: Para realizar a inclusão selecione no mínimo um registro, informando a situação.
X
[09:51:48] [pjeplus] [INFO] ============ Finalizando operação Exclusão ============
[pjeplus] ============ Finalizando operação Exclusão ============
[09:51:48] [pjeplus] [INFO] Operação Exclusão concluída no polo Passivo
[pjeplus] Operação Exclusão concluída no polo Passivo
[09:51:48] [pjeplus] [INFO] [TEMPO] _processar_regras_gerais._processar_regras_gerais: 27.797s
[pjeplus] [TEMPO] _processar_regras_gerais._processar_regras_gerais: 27.797s
[09:51:48] [Fix.monitoramento_progresso_unificado] [INFO] [PROGRESSO_P2B][1000759-87.2023.5.02.0703] ✅ Processo marcado como executado
[Fix.monitoramento_progresso_unificado] [PROGRESSO_P2B][1000759-87.2023.5.02.0703] ✅ Processo marcado como executado
[09:51:48] [Fix.monitoramento_progresso_unificado] [INFO] [PROGRESSO_P2B]  Progresso salvo com segurança
[Fix.monitoramento_progresso_unificado] [PROGRESSO_P2B]  Progresso salvo com segurança
[09:51:48] [Prazo.p2b_gateway] [INFO] [PRAZO_API] Processo 1000759-87.2023.5.02.0703 processado com sucesso (fluxo_pz)
[Prazo.p2b_gateway] [PRAZO_API] Processo 1000759-87.2023.5.02.0703 processado com sucesso (fluxo_pz)
[09:51:48] [Prazo.p2b_gateway] [INFO] [PRAZO_API] Abrindo processo id=6864049 numero=1000144-29.2025.5.02.0703
[Prazo.p2b_gateway] [PRAZO_API] Abrindo processo id=6864049 numero=1000144-29.2025.5.02.0703
[09:51:49] [Prazo.p2b_gateway] [INFO] [p2b_api] Data documento: 2026-08-28T17:38:33.699404 -> 2026-08-28T17:38:33.699404+00:00 (Idade: 14 dias úteis)
[Prazo.p2b_gateway] [p2b_api] Data documento: 2026-08-28T17:38:33.699404 -> 2026-08-28T17:38:33.699404+00:00 (Idade: 14 dias úteis)
[09:51:49] [Prazo.p2b_gateway] [INFO] [p2b_api] doc relevante: tipo=Sentença id=483483132 data_extraida=2026-08-28T17:38:33.699404 idade_dias=14
[Prazo.p2b_gateway] [p2b_api] doc relevante: tipo=Sentença id=483483132 data_extraida=2026-08-28T17:38:33.699404 idade_dias=14
[09:51:49] [Prazo.p2b_gateway] [INFO] [p2b_api] texto extraído: 933 chars
[Prazo.p2b_gateway] [p2b_api] texto extraído: 933 chars
[09:51:49] [Prazo.p2b_documentos] [INFO] [FLUXO_PZ] Regra casou: pattern=julgo[\s\.,;:!\-–—()$]*extinta[\s\.,;:!\-–—()$]*a[\s\.,;:!\-–—()$]*presente[\s\.,;:!\-–—()$]*execucao,[\s\.,;:!\-–—()$]*nos[\s\.,;:!\-–—()$]*termos[\s\.,;:!\-–—()$]*do[\s\.,;:!\-–—()$]*art\.[\s\.,;:!\-–—()$]*924 tipo_acao=(<function mov_arquivar at 0x0000016855FA8A40>,) snippet=gralmente cumprido o acordo homologado. julgo extinta a presente execucao, nos termos do art. 924, ii do  === cpc. ===  registrem-se no s
[Prazo.p2b_documentos] [FLUXO_PZ] Regra casou: pattern=julgo[\s\.,;:!\-–—()$]*extinta[\s\.,;:!\-–—()$]*a[\s\.,;:!\-–—()$]*presente[\s\.,;:!\-–—()$]*execucao,[\s\.,;:!\-–—()$]*nos[\s\.,;:!\-–—()$]*termos[\s\.,;:!\-–—()$]*do[\s\.,;:!\-–—()$]*art\.[\s\.,;:!\-–—()$]*924 tipo_acao=(<function mov_arquivar at 0x0000016855FA8A40>,) snippet=gralmente cumprido o acordo homologado. julgo extinta a presente execucao, nos termos do art. 924, ii do  === cpc. ===  registrem-se no s
[09:51:50] [atos.core] [INFO] [API_TAREFA] Tarefa aberta via API com sucesso: processo=6864049 tarefa=499
[atos.core] [API_TAREFA] Tarefa aberta via API com sucesso: processo=6864049 tarefa=499
[09:51:51] [atos.core] [INFO] [MOV_INT] tarefa='Responsável do Processo
Sem Responsável
Tarefa:
Arquivo' destino='Arquivar o processo'
[atos.core] [MOV_INT] tarefa='Responsável do Processo
Sem Responsável
Tarefa:
Arquivo' destino='Arquivar o processo'
[09:51:51] [atos.core] [INFO] [NAVEGAR_TAREFA] Iniciando navegação para: análise
[atos.core] [NAVEGAR_TAREFA] Iniciando navegação para: análise
[09:51:51] [atos.core] [INFO] [NAVEGAR_TAREFA] Tarefa atual: "Responsável do Processo
Sem Responsável
Tarefa:
Arquivo" -> Destino: "análise"
[atos.core] [NAVEGAR_TAREFA] Tarefa atual: "Responsável do Processo
Sem Responsável
Tarefa:
Arquivo" -> Destino: "análise"
[09:51:52] [atos.wrappers_mov] [ERROR] [MOV_ARQUIVAR] movimentar_inteligente retornou False — movimento não executado

============================================================
[atos.wrappers_mov] [MOV_ARQUIVAR] movimentar_inteligente retornou False — movimento não executado
============================================================
[09:51:52] [Prazo.p2b_documentos] [WARNING] [FLUXO_PZ] Ação retornou False: mov_arquivar
[Prazo.p2b_documentos] [FLUXO_PZ] Ação retornou False: mov_arquivar
[09:51:52] [pjeplus] [INFO] [TEMPO] _processar_regras_gerais._processar_regras_gerais: 2.266s
[pjeplus] [TEMPO] _processar_regras_gerais._processar_regras_gerais: 2.266s
[09:51:52] [Prazo.p2b_gateway] [WARNING] [FLUXO_PZ] Regra casou mas ação falhou (retornou False)
[Prazo.p2b_gateway] [FLUXO_PZ] Regra casou mas ação falhou (retornou False)
[09:51:52] [Prazo.p2b_gateway] [WARNING] [PRAZO_API] Processo 1000144-29.2025.5.02.0703 NAO concluido (fluxo_pz_nao_executou) — nao marcado; sera retentado na proxima execucao
[Prazo.p2b_gateway] [PRAZO_API] Processo 1000144-29.2025.5.02.0703 NAO concluido (fluxo_pz_nao_executou) — nao marcado; sera retentado na proxima execucao
[09:51:52] [Prazo.p2b_gateway] [INFO] [PRAZO_API] Abrindo processo id=8563015 numero=1000793-57.2026.5.02.0703
[Prazo.p2b_gateway] [PRAZO_API] Abrindo processo id=8563015 numero=1000793-57.2026.5.02.0703
[09:51:53] [Prazo.p2b_gateway] [INFO] [p2b_api] Data documento: 2026-08-28T17:46:41.153656 -> 2026-08-28T17:46:41.153656+00:00 (Idade: 14 dias úteis)
[Prazo.p2b_gateway] [p2b_api] Data documento: 2026-08-28T17:46:41.153656 -> 2026-08-28T17:46:41.153656+00:00 (Idade: 14 dias úteis)
[09:51:53] [Prazo.p2b_gateway] [INFO] [p2b_api] doc relevante: tipo=Sentença id=483851155 data_extraida=2026-08-28T17:46:41.153656 idade_dias=14
[Prazo.p2b_gateway] [p2b_api] doc relevante: tipo=Sentença id=483851155 data_extraida=2026-08-28T17:46:41.153656 idade_dias=14
[09:51:53] [Prazo.p2b_gateway] [INFO] [p2b_api] texto extraído: 1560 chars
[Prazo.p2b_gateway] [p2b_api] texto extraído: 1560 chars
[09:51:53] [Prazo.p2b_documentos] [INFO] [FLUXO_PZ] Regra casou: pattern=aguarde\-se tipo_acao=(<function checar_prox at 0x0000016856082160>,) snippet=xecutada. intimem-se as partes e, apos, aguarde-se devolucao do processo principal, sobres
[Prazo.p2b_documentos] [FLUXO_PZ] Regra casou: pattern=aguarde\-se tipo_acao=(<function checar_prox at 0x0000016856082160>,) snippet=xecutada. intimem-se as partes e, apos, aguarde-se devolucao do processo principal, sobres
[09:51:54] [pjeplus] [INFO] [TEMPO] _processar_regras_gerais._processar_regras_gerais: 1.032s
[pjeplus] [TEMPO] _processar_regras_gerais._processar_regras_gerais: 1.032s
[09:51:54] [Fix.monitoramento_progresso_unificado] [INFO] [PROGRESSO_P2B][1000793-57.2026.5.02.0703] ✅ Processo marcado como executado
[Fix.monitoramento_progresso_unificado] [PROGRESSO_P2B][1000793-57.2026.5.02.0703] ✅ Processo marcado como executado
[09:51:54] [Fix.monitoramento_progresso_unificado] [INFO] [PROGRESSO_P2B]  Progresso salvo com segurança
[Fix.monitoramento_progresso_unificado] [PROGRESSO_P2B]  Progresso salvo com segurança
[09:51:54] [Prazo.p2b_gateway] [INFO] [PRAZO_API] Processo 1000793-57.2026.5.02.0703 processado com sucesso (fluxo_pz)
[Prazo.p2b_gateway] [PRAZO_API] Processo 1000793-57.2026.5.02.0703 processado com sucesso (fluxo_pz)
[09:51:54] [Prazo.p2b_gateway] [INFO] [PRAZO_API] Abrindo processo id=8068850 numero=1002252-31.2025.5.02.0703
[Prazo.p2b_gateway] [PRAZO_API] Abrindo processo id=8068850 numero=1002252-31.2025.5.02.0703
[09:51:55] [Prazo.p2b_gateway] [INFO] [p2b_api] Data documento: 2026-08-28T17:38:33.699404 -> 2026-08-28T17:38:33.699404+00:00 (Idade: 14 dias úteis)
[Prazo.p2b_gateway] [p2b_api] Data documento: 2026-08-28T17:38:33.699404 -> 2026-08-28T17:38:33.699404+00:00 (Idade: 14 dias úteis)
[09:51:55] [Prazo.p2b_gateway] [INFO] [p2b_api] doc relevante: tipo=Sentença id=483485064 data_extraida=2026-08-28T17:38:33.699404 idade_dias=14
[Prazo.p2b_gateway] [p2b_api] doc relevante: tipo=Sentença id=483485064 data_extraida=2026-08-28T17:38:33.699404 idade_dias=14
[09:51:55] [Prazo.p2b_gateway] [INFO] [p2b_api] texto extraído: 911 chars
[Prazo.p2b_gateway] [p2b_api] texto extraído: 911 chars
[09:51:55] [Prazo.p2b_documentos] [INFO] [FLUXO_PZ] Regra casou: pattern=julgo[\s\.,;:!\-–—()$]*extinta[\s\.,;:!\-–—()$]*a[\s\.,;:!\-–—()$]*presente[\s\.,;:!\-–—()$]*execucao,[\s\.,;:!\-–—()$]*nos[\s\.,;:!\-–—()$]*termos[\s\.,;:!\-–—()$]*do[\s\.,;:!\-–—()$]*art\.[\s\.,;:!\-–—()$]*924 tipo_acao=(<function mov_arquivar at 0x0000016855FA8A40>,) snippet=gralmente cumprido o acordo homologado. julgo extinta a presente execucao, nos termos do art. 924, ii do  === cpc. ===  registrem-se no s
[Prazo.p2b_documentos] [FLUXO_PZ] Regra casou: pattern=julgo[\s\.,;:!\-–—()$]*extinta[\s\.,;:!\-–—()$]*a[\s\.,;:!\-–—()$]*presente[\s\.,;:!\-–—()$]*execucao,[\s\.,;:!\-–—()$]*nos[\s\.,;:!\-–—()$]*termos[\s\.,;:!\-–—()$]*do[\s\.,;:!\-–—()$]*art\.[\s\.,;:!\-–—()$]*924 tipo_acao=(<function mov_arquivar at 0x0000016855FA8A40>,) snippet=gralmente cumprido o acordo homologado. julgo extinta a presente execucao, nos termos do art. 924, ii do  === cpc. ===  registrem-se no s
[09:51:56] [atos.core] [INFO] [API_TAREFA] Tarefa aberta via API com sucesso: processo=8068850 tarefa=499
[atos.core] [API_TAREFA] Tarefa aberta via API com sucesso: processo=8068850 tarefa=499
[09:51:56] [atos.core] [INFO] [MOV_INT] tarefa='Responsável do Processo
Sem Responsável
Tarefa:
Arquivo' destino='Arquivar o processo'
[atos.core] [MOV_INT] tarefa='Responsável do Processo
Sem Responsável
Tarefa:
Arquivo' destino='Arquivar o processo'
[09:51:57] [atos.core] [INFO] [NAVEGAR_TAREFA] Iniciando navegação para: análise
[atos.core] [NAVEGAR_TAREFA] Iniciando navegação para: análise
[09:51:57] [atos.core] [INFO] [NAVEGAR_TAREFA] Tarefa atual: "Responsável do Processo
Sem Responsável
Tarefa:
Arquivo" -> Destino: "análise"
[atos.core] [NAVEGAR_TAREFA] Tarefa atual: "Responsável do Processo
Sem Responsável
Tarefa:
Arquivo" -> Destino: "análise"
[09:51:57] [atos.wrappers_mov] [ERROR] [MOV_ARQUIVAR] movimentar_inteligente retornou False — movimento não executado

============================================================
[atos.wrappers_mov] [MOV_ARQUIVAR] movimentar_inteligente retornou False — movimento não executado
============================================================
[09:51:57] [Prazo.p2b_documentos] [WARNING] [FLUXO_PZ] Ação retornou False: mov_arquivar
[Prazo.p2b_documentos] [FLUXO_PZ] Ação retornou False: mov_arquivar
[09:51:57] [pjeplus] [INFO] [TEMPO] _processar_regras_gerais._processar_regras_gerais: 2.079s
[pjeplus] [TEMPO] _processar_regras_gerais._processar_regras_gerais: 2.079s
[09:51:57] [Prazo.p2b_gateway] [WARNING] [FLUXO_PZ] Regra casou mas ação falhou (retornou False)
[Prazo.p2b_gateway] [FLUXO_PZ] Regra casou mas ação falhou (retornou False)
[09:51:57] [Prazo.p2b_gateway] [WARNING] [PRAZO_API] Processo 1002252-31.2025.5.02.0703 NAO concluido (fluxo_pz_nao_executou) — nao marcado; sera retentado na proxima execucao
[Prazo.p2b_gateway] [PRAZO_API] Processo 1002252-31.2025.5.02.0703 NAO concluido (fluxo_pz_nao_executou) — nao marcado; sera retentado na proxima execucao
[09:51:57] [Prazo.p2b_gateway] [INFO] [PRAZO_API] Abrindo processo id=5925243 numero=1000193-07.2024.5.02.0703
[Prazo.p2b_gateway] [PRAZO_API] Abrindo processo id=5925243 numero=1000193-07.2024.5.02.0703
[09:51:57] [Prazo.p2b_gateway] [INFO] [p2b_api] Data documento: 2026-08-28T17:43:58.052715 -> 2026-08-28T17:43:58.052715+00:00 (Idade: 14 dias úteis)
[Prazo.p2b_gateway] [p2b_api] Data documento: 2026-08-28T17:43:58.052715 -> 2026-08-28T17:43:58.052715+00:00 (Idade: 14 dias úteis)
[09:51:57] [Prazo.p2b_gateway] [INFO] [p2b_api] doc relevante: tipo=Sentença id=483525764 data_extraida=2026-08-28T17:43:58.052715 idade_dias=14
[Prazo.p2b_gateway] [p2b_api] doc relevante: tipo=Sentença id=483525764 data_extraida=2026-08-28T17:43:58.052715 idade_dias=14
[09:51:57] [Prazo.p2b_gateway] [INFO] [p2b_api] texto extraído: 2111 chars
[Prazo.p2b_gateway] [p2b_api] texto extraído: 2111 chars
[09:51:57] [Prazo.p2b_documentos] [INFO] [FLUXO_PZ] Regra casou: pattern=a[\s\.,;:!\-–—()$]*pronuncia[\s\.,;:!\-–—()$]*da tipo_acao=(<function prescreve at 0x00000168561B47C0>,) snippet=rt. 3o, recomendacao 03/2018, da cgjt). a pronuncia da prescricao intercorrente se trata de at
[Prazo.p2b_documentos] [FLUXO_PZ] Regra casou: pattern=a[\s\.,;:!\-–—()$]*pronuncia[\s\.,;:!\-–—()$]*da tipo_acao=(<function prescreve at 0x00000168561B47C0>,) snippet=rt. 3o, recomendacao 03/2018, da cgjt). a pronuncia da prescricao intercorrente se trata de at
[09:51:58] [Prazo.p2b_documentos] [WARNING] [FLUXO_PZ] Ação retornou False: prescreve
[Prazo.p2b_documentos] [FLUXO_PZ] Ação retornou False: prescreve
[09:51:58] [pjeplus] [INFO] [TEMPO] _processar_regras_gerais._processar_regras_gerais: 0.136s
[pjeplus] [TEMPO] _processar_regras_gerais._processar_regras_gerais: 0.136s
[09:51:58] [Prazo.p2b_gateway] [WARNING] [FLUXO_PZ] Regra casou mas ação falhou (retornou False)
[Prazo.p2b_gateway] [FLUXO_PZ] Regra casou mas ação falhou (retornou False)
[09:51:58] [Prazo.p2b_gateway] [WARNING] [PRAZO_API] Processo 1000193-07.2024.5.02.0703 NAO concluido (fluxo_pz_nao_executou) — nao marcado; sera retentado na proxima execucao
[Prazo.p2b_gateway] [PRAZO_API] Processo 1000193-07.2024.5.02.0703 NAO concluido (fluxo_pz_nao_executou) — nao marcado; sera retentado na proxima execucao
[09:51:58] [Prazo.p2b_gateway] [INFO] [PRAZO_API] Abrindo processo id=6820156 numero=1000060-28.2025.5.02.0703
[Prazo.p2b_gateway] [PRAZO_API] Abrindo processo id=6820156 numero=1000060-28.2025.5.02.0703
[09:51:58] [Prazo.p2b_gateway] [INFO] [p2b_api] Data documento: 2026-08-31T14:39:36.115705 -> 2026-08-31T14:39:36.115705+00:00 (Idade: 13 dias úteis)
[Prazo.p2b_gateway] [p2b_api] Data documento: 2026-08-31T14:39:36.115705 -> 2026-08-31T14:39:36.115705+00:00 (Idade: 13 dias úteis)
[09:51:59] [Prazo.p2b_gateway] [INFO] [p2b_api] doc relevante: tipo=Despacho id=484003373 data_extraida=2026-08-31T14:39:36.115705 idade_dias=13
[Prazo.p2b_gateway] [p2b_api] doc relevante: tipo=Despacho id=484003373 data_extraida=2026-08-31T14:39:36.115705 idade_dias=13
[09:51:59] [Prazo.p2b_gateway] [INFO] [p2b_api] texto extraído: 911 chars
[Prazo.p2b_gateway] [p2b_api] texto extraído: 911 chars
[09:51:59] [Prazo.p2b_documentos] [INFO] [FLUXO_PZ] Regra casou: pattern=no[\s\.,;:!\-–—()$]*prazo[\s\.,;:!\-–—()$]*de[\s\.,;:!\-–—()$]*oito[\s\.,;:!\-–—()$]*dias,[\s\.,;:!\-–—()$]*impugnar tipo_acao=('criar_gigs[1/Ana Lucia do A/Homologação]', <function make_ato_wrapper.<locals>.wrapper at 0x0000016855F53E20>) snippet=e-se o reclamante, ora executado, para, no prazo de oito dias, impugnar os calculos juntados e apresentar os se
[Prazo.p2b_documentos] [FLUXO_PZ] Regra casou: pattern=no[\s\.,;:!\-–—()$]*prazo[\s\.,;:!\-–—()$]*de[\s\.,;:!\-–—()$]*oito[\s\.,;:!\-–—()$]*dias,[\s\.,;:!\-–—()$]*impugnar tipo_acao=('criar_gigs[1/Ana Lucia do A/Homologação]', <function make_ato_wrapper.<locals>.wrapper at 0x0000016855F53E20>) snippet=e-se o reclamante, ora executado, para, no prazo de oito dias, impugnar os calculos juntados e apresentar os se
[09:52:00] [pjeplus] [INFO] [ATO] START
[pjeplus] [ATO] START
[09:52:00] [atos.judicial_fluxo] [INFO] [ATO][TIMING][INICIO] conclusao_tipo=Homologação de Cálculos modelo_nome=HCCL
[atos.judicial_fluxo] [ATO][TIMING][INICIO] conclusao_tipo=Homologação de Cálculos modelo_nome=HCCL
[09:52:00] [atos.judicial_fluxo] [INFO] [ATO][CLS] Iniciando fluxo CLS: conclusao_tipo=Homologação de Cálculos
[atos.judicial_fluxo] [ATO][CLS] Iniciando fluxo CLS: conclusao_tipo=Homologação de Cálculos
[09:52:00] [pjeplus] [INFO] [CLS] START
[pjeplus] [CLS] START
[09:52:00] [atos.judicial_fluxo] [INFO] [CLS][TIMING][INICIO]
[atos.judicial_fluxo] [CLS][TIMING][INICIO]
[09:52:00] [atos.judicial_fluxo] [INFO] FLUXO CLS - INICIANDO
[atos.judicial_fluxo] FLUXO CLS - INICIANDO
[09:52:00] [atos.judicial_fluxo] [INFO] ============================================================
[atos.judicial_fluxo] ============================================================
[09:52:00] [atos.judicial_fluxo] [INFO] [CLS][TIMING][CHECK_ESTADO] 0.000s estado=detalhe
[atos.judicial_fluxo] [CLS][TIMING][CHECK_ESTADO] 0.000s estado=detalhe
[09:52:00] [atos.judicial_fluxo] [INFO] [CLS] Passo 1: Estamos em /detalhe — abrindo tarefa do processo...
[atos.judicial_fluxo] [CLS] Passo 1: Estamos em /detalhe — abrindo tarefa do processo...
[09:52:00] [pjeplus] [INFO] [NAVEGAÇÃO] Abrindo tarefa do processo...
[pjeplus] [NAVEGAÇÃO] Abrindo tarefa do processo...
[09:52:00] [pjeplus] [INFO] [NAVEGAÇÃO] Foco trocado para nova aba
[pjeplus] [NAVEGAÇÃO] Foco trocado para nova aba
[09:52:00] [pjeplus] [INFO] [NAVEGAÇÃO] Após abertura: já em estado final (https://pje.trt2.jus.br/pjekz/processo/6820156/tarefa/504/minutar)
[pjeplus] [NAVEGAÇÃO] Após abertura: já em estado final (https://pje.trt2.jus.br/pjekz/processo/6820156/tarefa/504/minutar)
[09:52:00] [atos.judicial_fluxo] [INFO] [CLS][TIMING][ABRIR_TAREFA] 0.544s sucesso=True
[atos.judicial_fluxo] [CLS][TIMING][ABRIR_TAREFA] 0.544s sucesso=True
[09:52:00] [atos.judicial_fluxo] [INFO] [CLS] Já em /minutar após abrir tarefa — marcando como concluído
[atos.judicial_fluxo] [CLS] Já em /minutar após abrir tarefa — marcando como concluído
[09:52:00] [atos.judicial_fluxo] [INFO] [CLS][TIMING][SUCESSO] 0.544s (já em /minutar após abrir tarefa)
[atos.judicial_fluxo] [CLS][TIMING][SUCESSO] 0.544s (já em /minutar após abrir tarefa)
[09:52:00] [pjeplus] [INFO] [TEMPO] fluxo_cls.fluxo_cls: 0.545s
[pjeplus] [TEMPO] fluxo_cls.fluxo_cls: 0.545s
[09:52:00] [atos.judicial_fluxo] [INFO] [ATO][TIMING][FLUXO_CLS] 0.545s
[atos.judicial_fluxo] [ATO][TIMING][FLUXO_CLS] 0.545s
[09:52:00] [atos.judicial_fluxo] [INFO] [ATO][CLS] Já estava em estado final — não prosseguindo com modelo/descrição/sigilo/etc
[atos.judicial_fluxo] [ATO][CLS] Já estava em estado final — não prosseguindo com modelo/descrição/sigilo/etc
[09:52:00] [atos.judicial_fluxo] [INFO] [ATO][TIMING][SUCESSO_ESTADO_FINAL] 0.545s
[atos.judicial_fluxo] [ATO][TIMING][SUCESSO_ESTADO_FINAL] 0.545s
[09:52:00] [pjeplus] [INFO] [TEMPO] _processar_regras_gerais._processar_regras_gerais: 1.798s
[pjeplus] [TEMPO] _processar_regras_gerais._processar_regras_gerais: 1.798s
[09:52:00] [Fix.monitoramento_progresso_unificado] [INFO] [PROGRESSO_P2B][1000060-28.2025.5.02.0703] ✅ Processo marcado como executado
[Fix.monitoramento_progresso_unificado] [PROGRESSO_P2B][1000060-28.2025.5.02.0703] ✅ Processo marcado como executado
[09:52:00] [Fix.monitoramento_progresso_unificado] [INFO] [PROGRESSO_P2B]  Progresso salvo com segurança
[Fix.monitoramento_progresso_unificado] [PROGRESSO_P2B]  Progresso salvo com segurança
[09:52:00] [Prazo.p2b_gateway] [INFO] [PRAZO_API] Processo 1000060-28.2025.5.02.0703 processado com sucesso (fluxo_pz)
[Prazo.p2b_gateway] [PRAZO_API] Processo 1000060-28.2025.5.02.0703 processado com sucesso (fluxo_pz)
[09:52:00] [Prazo.p2b_gateway] [INFO] [PRAZO_API] Abrindo processo id=5374421 numero=1000933-96.2023.5.02.0703
[Prazo.p2b_gateway] [PRAZO_API] Abrindo processo id=5374421 numero=1000933-96.2023.5.02.0703
[09:52:01] [Prazo.p2b_gateway] [INFO] [p2b_api] Data documento: 2026-08-20T07:59:36.784223 -> 2026-08-20T07:59:36.784223+00:00 (Idade: 20 dias úteis)
[Prazo.p2b_gateway] [p2b_api] Data documento: 2026-08-20T07:59:36.784223 -> 2026-08-20T07:59:36.784223+00:00 (Idade: 20 dias úteis)
[09:52:01] [Prazo.p2b_gateway] [INFO] [p2b_api] doc relevante: tipo=Despacho id=481752649 data_extraida=2026-08-20T07:59:36.784223 idade_dias=20
[Prazo.p2b_gateway] [p2b_api] doc relevante: tipo=Despacho id=481752649 data_extraida=2026-08-20T07:59:36.784223 idade_dias=20
[09:52:02] [Prazo.p2b_gateway] [INFO] [p2b_api] texto extraído: 1129 chars
[Prazo.p2b_gateway] [p2b_api] texto extraído: 1129 chars
[09:52:02] [pjeplus] [INFO] [TEMPO] _processar_regras_gerais._processar_regras_gerais: 0.013s
[pjeplus] [TEMPO] _processar_regras_gerais._processar_regras_gerais: 0.013s
[09:52:02] [Fix.monitoramento_progresso_unificado] [INFO] [PROGRESSO_P2B][1000933-96.2023.5.02.0703] ✅ Processo marcado como executado
[Fix.monitoramento_progresso_unificado] [PROGRESSO_P2B][1000933-96.2023.5.02.0703] ✅ Processo marcado como executado
[09:52:02] [Fix.monitoramento_progresso_unificado] [INFO] [PROGRESSO_P2B]  Progresso salvo com segurança
[Fix.monitoramento_progresso_unificado] [PROGRESSO_P2B]  Progresso salvo com segurança
[09:52:02] [Prazo.p2b_gateway] [INFO] [PRAZO_API] Processo 1000933-96.2023.5.02.0703 processado com sucesso (fluxo_pz)
[Prazo.p2b_gateway] [PRAZO_API] Processo 1000933-96.2023.5.02.0703 processado com sucesso (fluxo_pz)
[09:52:02] [Prazo.p2b_gateway] [INFO] [PRAZO_API] Abrindo processo id=7240055 numero=1000805-08.2025.5.02.0703
[Prazo.p2b_gateway] [PRAZO_API] Abrindo processo id=7240055 numero=1000805-08.2025.5.02.0703
[09:52:03] [Prazo.p2b_gateway] [INFO] [p2b_api] Data documento: 2026-08-25T08:44:27.973269 -> 2026-08-25T08:44:27.973269+00:00 (Idade: 17 dias úteis)
[Prazo.p2b_gateway] [p2b_api] Data documento: 2026-08-25T08:44:27.973269 -> 2026-08-25T08:44:27.973269+00:00 (Idade: 17 dias úteis)
[09:52:03] [Prazo.p2b_gateway] [INFO] [p2b_api] doc relevante: tipo=Despacho id=482610679 data_extraida=2026-08-25T08:44:27.973269 idade_dias=17
[Prazo.p2b_gateway] [p2b_api] doc relevante: tipo=Despacho id=482610679 data_extraida=2026-08-25T08:44:27.973269 idade_dias=17
[09:52:03] [Prazo.p2b_gateway] [INFO] [p2b_api] texto extraído: 967 chars
[Prazo.p2b_gateway] [p2b_api] texto extraído: 967 chars
[09:52:03] [pjeplus] [INFO] [TEMPO] _processar_regras_gerais._processar_regras_gerais: 0.014s
[pjeplus] [TEMPO] _processar_regras_gerais._processar_regras_gerais: 0.014s
[09:52:03] [Fix.monitoramento_progresso_unificado] [INFO] [PROGRESSO_P2B][1000805-08.2025.5.02.0703] ✅ Processo marcado como executado
[Fix.monitoramento_progresso_unificado] [PROGRESSO_P2B][1000805-08.2025.5.02.0703] ✅ Processo marcado como executado
[09:52:03] [Fix.monitoramento_progresso_unificado] [INFO] [PROGRESSO_P2B]  Progresso salvo com segurança
[Fix.monitoramento_progresso_unificado] [PROGRESSO_P2B]  Progresso salvo com segurança
[09:52:03] [Prazo.p2b_gateway] [INFO] [PRAZO_API] Processo 1000805-08.2025.5.02.0703 processado com sucesso (fluxo_pz)
[Prazo.p2b_gateway] [PRAZO_API] Processo 1000805-08.2025.5.02.0703 processado com sucesso (fluxo_pz)
[09:52:03] [Prazo.p2b_gateway] [INFO] [PRAZO_API] Abrindo processo id=1748744 numero=1001211-10.2017.5.02.0703
[Prazo.p2b_gateway] [PRAZO_API] Abrindo processo id=1748744 numero=1001211-10.2017.5.02.0703
[09:52:04] [Prazo.p2b_gateway] [INFO] [p2b_api] Data documento: 2026-08-20T07:58:01.752317 -> 2026-08-20T07:58:01.752317+00:00 (Idade: 20 dias úteis)
[Prazo.p2b_gateway] [p2b_api] Data documento: 2026-08-20T07:58:01.752317 -> 2026-08-20T07:58:01.752317+00:00 (Idade: 20 dias úteis)
[09:52:04] [Prazo.p2b_gateway] [INFO] [p2b_api] doc relevante: tipo=Despacho id=481665806 data_extraida=2026-08-20T07:58:01.752317 idade_dias=20
[Prazo.p2b_gateway] [p2b_api] doc relevante: tipo=Despacho id=481665806 data_extraida=2026-08-20T07:58:01.752317 idade_dias=20
[09:52:04] [Prazo.p2b_gateway] [INFO] [p2b_api] texto extraído: 886 chars
[Prazo.p2b_gateway] [p2b_api] texto extraído: 886 chars
[09:52:04] [pjeplus] [INFO] [TEMPO] _processar_regras_gerais._processar_regras_gerais: 0.010s
[pjeplus] [TEMPO] _processar_regras_gerais._processar_regras_gerais: 0.010s
[09:52:04] [Fix.monitoramento_progresso_unificado] [INFO] [PROGRESSO_P2B][1001211-10.2017.5.02.0703] ✅ Processo marcado como executado
[Fix.monitoramento_progresso_unificado] [PROGRESSO_P2B][1001211-10.2017.5.02.0703] ✅ Processo marcado como executado
[09:52:04] [Fix.monitoramento_progresso_unificado] [INFO] [PROGRESSO_P2B]  Progresso salvo com segurança
[Fix.monitoramento_progresso_unificado] [PROGRESSO_P2B]  Progresso salvo com segurança
[09:52:04] [Prazo.p2b_gateway] [INFO] [PRAZO_API] Processo 1001211-10.2017.5.02.0703 processado com sucesso (fluxo_pz)
[Prazo.p2b_gateway] [PRAZO_API] Processo 1001211-10.2017.5.02.0703 processado com sucesso (fluxo_pz)
[09:52:04] [Prazo.p2b_gateway] [INFO] [PRAZO_API] Abrindo processo id=7305495 numero=1000902-08.2025.5.02.0703
[Prazo.p2b_gateway] [PRAZO_API] Abrindo processo id=7305495 numero=1000902-08.2025.5.02.0703
[09:52:05] [Prazo.p2b_gateway] [INFO] [p2b_api] Data documento: 2026-09-02T11:35:04.155484 -> 2026-09-02T11:35:04.155484+00:00 (Idade: 11 dias úteis)
[Prazo.p2b_gateway] [p2b_api] Data documento: 2026-09-02T11:35:04.155484 -> 2026-09-02T11:35:04.155484+00:00 (Idade: 11 dias úteis)
[09:52:05] [Prazo.p2b_gateway] [INFO] [p2b_api] doc relevante: tipo=Despacho id=484607729 data_extraida=2026-09-02T11:35:04.155484 idade_dias=11
[Prazo.p2b_gateway] [p2b_api] doc relevante: tipo=Despacho id=484607729 data_extraida=2026-09-02T11:35:04.155484 idade_dias=11
[09:52:05] [Prazo.p2b_gateway] [INFO] [p2b_api] texto extraído: 1040 chars
[Prazo.p2b_gateway] [p2b_api] texto extraído: 1040 chars
[09:52:05] [pjeplus] [INFO] [TEMPO] _processar_regras_gerais._processar_regras_gerais: 0.012s
[pjeplus] [TEMPO] _processar_regras_gerais._processar_regras_gerais: 0.012s
[09:52:05] [Fix.monitoramento_progresso_unificado] [INFO] [PROGRESSO_P2B][1000902-08.2025.5.02.0703] ✅ Processo marcado como executado
[Fix.monitoramento_progresso_unificado] [PROGRESSO_P2B][1000902-08.2025.5.02.0703] ✅ Processo marcado como executado
[09:52:05] [Fix.monitoramento_progresso_unificado] [INFO] [PROGRESSO_P2B]  Progresso salvo com segurança
[Fix.monitoramento_progresso_unificado] [PROGRESSO_P2B]  Progresso salvo com segurança
[09:52:05] [Prazo.p2b_gateway] [INFO] [PRAZO_API] Processo 1000902-08.2025.5.02.0703 processado com sucesso (fluxo_pz)
[Prazo.p2b_gateway] [PRAZO_API] Processo 1000902-08.2025.5.02.0703 processado com sucesso (fluxo_pz)
[09:52:05] [Prazo.p2b_gateway] [INFO] [PRAZO_API] Abrindo processo id=1972766 numero=1002087-58.2017.5.02.0090
[Prazo.p2b_gateway] [PRAZO_API] Abrindo processo id=1972766 numero=1002087-58.2017.5.02.0090
[09:52:07] [Prazo.p2b_gateway] [INFO] [p2b_api] Data documento: 2026-09-02T15:36:30.337424 -> 2026-09-02T15:36:30.337424+00:00 (Idade: 11 dias úteis)
[Prazo.p2b_gateway] [p2b_api] Data documento: 2026-09-02T15:36:30.337424 -> 2026-09-02T15:36:30.337424+00:00 (Idade: 11 dias úteis)
[09:52:07] [Prazo.p2b_gateway] [INFO] [p2b_api] doc relevante: tipo=Despacho id=484719104 data_extraida=2026-09-02T15:36:30.337424 idade_dias=11
[Prazo.p2b_gateway] [p2b_api] doc relevante: tipo=Despacho id=484719104 data_extraida=2026-09-02T15:36:30.337424 idade_dias=11
[09:52:07] [Prazo.p2b_gateway] [INFO] [p2b_api] texto extraído: 706 chars
[Prazo.p2b_gateway] [p2b_api] texto extraído: 706 chars
[09:52:07] [pjeplus] [INFO] [TEMPO] _processar_regras_gerais._processar_regras_gerais: 0.006s
[pjeplus] [TEMPO] _processar_regras_gerais._processar_regras_gerais: 0.006s
[09:52:07] [Fix.monitoramento_progresso_unificado] [INFO] [PROGRESSO_P2B][1002087-58.2017.5.02.0090] ✅ Processo marcado como executado
[Fix.monitoramento_progresso_unificado] [PROGRESSO_P2B][1002087-58.2017.5.02.0090] ✅ Processo marcado como executado
[09:52:07] [Fix.monitoramento_progresso_unificado] [INFO] [PROGRESSO_P2B]  Progresso salvo com segurança
[Fix.monitoramento_progresso_unificado] [PROGRESSO_P2B]  Progresso salvo com segurança
[09:52:07] [Prazo.p2b_gateway] [INFO] [PRAZO_API] Processo 1002087-58.2017.5.02.0090 processado com sucesso (fluxo_pz)
[Prazo.p2b_gateway] [PRAZO_API] Processo 1002087-58.2017.5.02.0090 processado com sucesso (fluxo_pz)
[09:52:07] [Prazo.p2b_gateway] [INFO] [PRAZO_API] Abrindo processo id=8594053 numero=1000845-53.2026.5.02.0703
[Prazo.p2b_gateway] [PRAZO_API] Abrindo processo id=8594053 numero=1000845-53.2026.5.02.0703
[09:52:09] [Prazo.p2b_gateway] [INFO] [p2b_api] Data documento: 2026-09-10T07:55:06.034913 -> 2026-09-10T07:55:06.034913+00:00 (Idade: 6 dias úteis)
[Prazo.p2b_gateway] [p2b_api] Data documento: 2026-09-10T07:55:06.034913 -> 2026-09-10T07:55:06.034913+00:00 (Idade: 6 dias úteis)
[09:52:09] [Prazo.p2b_gateway] [INFO] [p2b_api] doc relevante: tipo=Despacho id=486047788 data_extraida=2026-09-10T07:55:06.034913 idade_dias=6
[Prazo.p2b_gateway] [p2b_api] doc relevante: tipo=Despacho id=486047788 data_extraida=2026-09-10T07:55:06.034913 idade_dias=6
[09:52:09] [Prazo.p2b_gateway] [INFO] [p2b_api] texto extraído: 1579 chars
[Prazo.p2b_gateway] [p2b_api] texto extraído: 1579 chars
[09:52:09] [pjeplus] [INFO] [TEMPO] _processar_regras_gerais._processar_regras_gerais: 0.026s
[pjeplus] [TEMPO] _processar_regras_gerais._processar_regras_gerais: 0.026s
[09:52:09] [Fix.monitoramento_progresso_unificado] [INFO] [PROGRESSO_P2B][1000845-53.2026.5.02.0703] ✅ Processo marcado como executado
[Fix.monitoramento_progresso_unificado] [PROGRESSO_P2B][1000845-53.2026.5.02.0703] ✅ Processo marcado como executado
[09:52:09] [Fix.monitoramento_progresso_unificado] [INFO] [PROGRESSO_P2B]  Progresso salvo com segurança
[Fix.monitoramento_progresso_unificado] [PROGRESSO_P2B]  Progresso salvo com segurança
[09:52:09] [Prazo.p2b_gateway] [INFO] [PRAZO_API] Processo 1000845-53.2026.5.02.0703 processado com sucesso (fluxo_pz)
[Prazo.p2b_gateway] [PRAZO_API] Processo 1000845-53.2026.5.02.0703 processado com sucesso (fluxo_pz)
[09:52:09] [Prazo.p2b_gateway] [INFO] [PRAZO_API] Abrindo processo id=5587992 numero=1001382-42.2023.5.02.0707
[Prazo.p2b_gateway] [PRAZO_API] Abrindo processo id=5587992 numero=1001382-42.2023.5.02.0707
[09:52:10] [Prazo.p2b_gateway] [INFO] [p2b_api] Data documento: 2026-08-26T07:46:15.044176 -> 2026-08-26T07:46:15.044176+00:00 (Idade: 16 dias úteis)
[Prazo.p2b_gateway] [p2b_api] Data documento: 2026-08-26T07:46:15.044176 -> 2026-08-26T07:46:15.044176+00:00 (Idade: 16 dias úteis)
[09:52:10] [Prazo.p2b_gateway] [INFO] [p2b_api] doc relevante: tipo=Sentença id=483045244 data_extraida=2026-08-26T07:46:15.044176 idade_dias=16
[Prazo.p2b_gateway] [p2b_api] doc relevante: tipo=Sentença id=483045244 data_extraida=2026-08-26T07:46:15.044176 idade_dias=16
[09:52:10] [Prazo.p2b_gateway] [INFO] [p2b_api] texto extraído: 3310 chars
[Prazo.p2b_gateway] [p2b_api] texto extraído: 3310 chars
[09:52:10] [Prazo.p2b_documentos] [INFO] [FLUXO_PZ] Regra casou: pattern=incidente[\s\.,;:!\-–—()$]*de[\s\.,;:!\-–—()$]*desconsideracao[\s\.,;:!\-–—()$]*da[\s\.,;:!\-–—()$]*personalidade[\s\.,;:!\-–—()$]*juridica[\s\.,;:!\-–—()$]*instaurado[\s\.,;:!\-–—()$]*em[\s\.,;:!\-–—()$]*face tipo_acao=(<function make_ato_wrapper.<locals>.wrapper at 0x0000016855F52340>,) snippet= === decisao ===  === vistos, etc. ===  incidente de desconsideracao da personalidade juridica instaurado em face de amazonas servicos de limpeza e comer
[Prazo.p2b_documentos] [FLUXO_PZ] Regra casou: pattern=incidente[\s\.,;:!\-–—()$]*de[\s\.,;:!\-–—()$]*desconsideracao[\s\.,;:!\-–—()$]*da[\s\.,;:!\-–—()$]*personalidade[\s\.,;:!\-–—()$]*juridica[\s\.,;:!\-–—()$]*instaurado[\s\.,;:!\-–—()$]*em[\s\.,;:!\-–—()$]*face tipo_acao=(<function make_ato_wrapper.<locals>.wrapper at 0x0000016855F52340>,) snippet= === decisao ===  === vistos, etc. ===  incidente de desconsideracao da personalidade juridica instaurado em face de amazonas servicos de limpeza e comer
[09:52:10] [pjeplus] [INFO] [ATO] START
[pjeplus] [ATO] START
[09:52:10] [atos.judicial_fluxo] [INFO] [ATO][TIMING][INICIO] conclusao_tipo=Despacho modelo_nome=xsmeios
[atos.judicial_fluxo] [ATO][TIMING][INICIO] conclusao_tipo=Despacho modelo_nome=xsmeios
[09:52:10] [atos.judicial_fluxo] [INFO] [ATO][CLS] Iniciando fluxo CLS: conclusao_tipo=Despacho
[atos.judicial_fluxo] [ATO][CLS] Iniciando fluxo CLS: conclusao_tipo=Despacho
[09:52:10] [pjeplus] [INFO] [CLS] START
[pjeplus] [CLS] START
[09:52:10] [atos.judicial_fluxo] [INFO] [CLS][TIMING][INICIO]
[atos.judicial_fluxo] [CLS][TIMING][INICIO]
[09:52:10] [atos.judicial_fluxo] [INFO] FLUXO CLS - INICIANDO
[atos.judicial_fluxo] FLUXO CLS - INICIANDO
[09:52:10] [atos.judicial_fluxo] [INFO] ============================================================
[atos.judicial_fluxo] ============================================================
[09:52:10] [atos.judicial_fluxo] [INFO] [CLS][TIMING][CHECK_ESTADO] 0.000s estado=detalhe
[atos.judicial_fluxo] [CLS][TIMING][CHECK_ESTADO] 0.000s estado=detalhe
[09:52:10] [atos.judicial_fluxo] [INFO] [CLS] Passo 1: Estamos em /detalhe — abrindo tarefa do processo...
[atos.judicial_fluxo] [CLS] Passo 1: Estamos em /detalhe — abrindo tarefa do processo...
[09:52:10] [pjeplus] [INFO] [NAVEGAÇÃO] Abrindo tarefa do processo...
[pjeplus] [NAVEGAÇÃO] Abrindo tarefa do processo...
[09:52:11] [pjeplus] [INFO] [NAVEGAÇÃO] Foco trocado para nova aba
[pjeplus] [NAVEGAÇÃO] Foco trocado para nova aba
[09:52:11] [atos.judicial_fluxo] [INFO] [CLS][TIMING][ABRIR_TAREFA] 1.422s sucesso=True
[atos.judicial_fluxo] [CLS][TIMING][ABRIR_TAREFA] 1.422s sucesso=True
[09:52:11] [atos.judicial_fluxo] [INFO] [CLS] Passo 2: Limpando overlays...
[atos.judicial_fluxo] [CLS] Passo 2: Limpando overlays...
[09:52:12] [atos.judicial_fluxo] [INFO] [CLS][TIMING][LIMPAR_OVERLAYS] 0.093s
[atos.judicial_fluxo] [CLS][TIMING][LIMPAR_OVERLAYS] 0.093s
[09:52:12] [atos.judicial_fluxo] [INFO] [CLS] Passo 3: Navegando para conclusão...
[atos.judicial_fluxo] [CLS] Passo 3: Navegando para conclusão...
[09:52:12] [pjeplus] [INFO] [NAVEGAÇÃO] Navegando para Conclusão ao Magistrado...
[pjeplus] [NAVEGAÇÃO] Navegando para Conclusão ao Magistrado...
[09:52:12] [pjeplus] [INFO] [NAVEGAÇÃO] Nome da Tarefa Detectado: "aguardando prazo"
[pjeplus] [NAVEGAÇÃO] Nome da Tarefa Detectado: "aguardando prazo"
[09:52:13] [pjeplus] [INFO] [NAVEGAÇÃO] Clique direto em "Conclusão ao magistrado" realizado
[pjeplus] [NAVEGAÇÃO] Clique direto em "Conclusão ao magistrado" realizado
[09:52:13] [pjeplus] [INFO] [NAVEGAÇÃO] Verificando overlays...
[pjeplus] [NAVEGAÇÃO] Verificando overlays...
[09:52:13] [pjeplus] [INFO] [NAVEGAÇÃO] Navegação para conclusão concluída com sucesso
[pjeplus] [NAVEGAÇÃO] Navegação para conclusão concluída com sucesso
[09:52:13] [atos.judicial_fluxo] [INFO] [CLS][TIMING][NAVEGAR_CONCLUSAO] 1.091s
[atos.judicial_fluxo] [CLS][TIMING][NAVEGAR_CONCLUSAO] 1.091s
[09:52:13] [atos.judicial_fluxo] [INFO] [CLS] Passo 4: Escolhendo tipo de conclusão: Despacho
[atos.judicial_fluxo] [CLS] Passo 4: Escolhendo tipo de conclusão: Despacho
[09:52:13] [pjeplus] [INFO] [CONCLUSÃO] Escolhendo tipo de conclusão: Despacho
[pjeplus] [CONCLUSÃO] Escolhendo tipo de conclusão: Despacho
[09:52:14] [pjeplus] [INFO] [CONCLUSÃO] ✅ Botão de conclusão "Despacho" clicado com sucesso
[pjeplus] [CONCLUSÃO] ✅ Botão de conclusão "Despacho" clicado com sucesso
[09:52:14] [atos.judicial_fluxo] [INFO] [CLS][TIMING][ESCOLHER_TIPO] 1.534s tipo=Despacho
[atos.judicial_fluxo] [CLS][TIMING][ESCOLHER_TIPO] 1.534s tipo=Despacho
[09:52:14] [atos.judicial_fluxo] [INFO] [CLS] Passo 5: Aguardando transição para minutar...
[atos.judicial_fluxo] [CLS] Passo 5: Aguardando transição para minutar...
[09:52:14] [pjeplus] [INFO] [CONCLUSÃO] Aguardando transição para tela de minutar (DOM Observer)...
[pjeplus] [CONCLUSÃO] Aguardando transição para tela de minutar (DOM Observer)...
[09:52:14] [pjeplus] [INFO] [CONCLUSÃO] Transição detectada via renderização do DOM (pje-arvore-modelo-documento)
[pjeplus] [CONCLUSÃO] Transição detectada via renderização do DOM (pje-arvore-modelo-documento)
[09:52:14] [atos.judicial_fluxo] [INFO] [CLS][TIMING][TRANSICAO_MINUTAR] 0.004s
[atos.judicial_fluxo] [CLS][TIMING][TRANSICAO_MINUTAR] 0.004s
[09:52:14] [atos.judicial_fluxo] [INFO] [CLS] Passo 6: Preparando campo de minutar...
[atos.judicial_fluxo] [CLS] Passo 6: Preparando campo de minutar...
[09:52:14] [pjeplus] [INFO] [NAVEGAÇÃO] Preparando campo de filtro para minutar...
[pjeplus] [NAVEGAÇÃO] Preparando campo de filtro para minutar...
[09:52:19] [pjeplus] [INFO] [NAVEGAÇÃO] Campo de filtro preparado com sucesso
[pjeplus] [NAVEGAÇÃO] Campo de filtro preparado com sucesso
[09:52:19] [atos.judicial_fluxo] [INFO] [CLS][TIMING][PREPARAR_CAMPO] 4.974s
[atos.judicial_fluxo] [CLS][TIMING][PREPARAR_CAMPO] 4.974s
[09:52:19] [atos.judicial_fluxo] [INFO] ============================================================
[atos.judicial_fluxo] ============================================================
[09:52:19] [atos.judicial_fluxo] [INFO] FLUXO CLS - CONCLUÍDO COM SUCESSO
[atos.judicial_fluxo] FLUXO CLS - CONCLUÍDO COM SUCESSO
[09:52:19] [atos.judicial_fluxo] [INFO] ============================================================
[atos.judicial_fluxo] ============================================================
[09:52:19] [pjeplus] [INFO] [CLS] FIM {'status': 'sucesso', 'tempo': '9.120s'}
[pjeplus] [CLS] FIM {'status': 'sucesso', 'tempo': '9.120s'}
[09:52:19] [atos.judicial_fluxo] [INFO] [CLS][TIMING][SUCESSO] 9.120s (fluxo completo)
[atos.judicial_fluxo] [CLS][TIMING][SUCESSO] 9.120s (fluxo completo)
[09:52:19] [pjeplus] [INFO] [TEMPO] fluxo_cls.fluxo_cls: 9.120s
[pjeplus] [TEMPO] fluxo_cls.fluxo_cls: 9.120s
[09:52:19] [atos.judicial_fluxo] [INFO] [ATO][TIMING][FLUXO_CLS] 9.120s
[atos.judicial_fluxo] [ATO][TIMING][FLUXO_CLS] 9.120s
[09:52:19] [atos.judicial_fluxo] [INFO] [ATO][MODELO] Preenchendo filtro com modelo: xsmeios
[atos.judicial_fluxo] [ATO][MODELO] Preenchendo filtro com modelo: xsmeios
[09:52:20] [atos.judicial_fluxo] [INFO] [ATO][MODELO] Modelo "xsmeios" preenchido via JS e ENTER pressionado no filtro.
[atos.judicial_fluxo] [ATO][MODELO] Modelo "xsmeios" preenchido via JS e ENTER pressionado no filtro.
[09:52:22] [atos.judicial_fluxo] [INFO] [ATO][MODELO] Clique em nodo-filtrado realizado!
[atos.judicial_fluxo] [ATO][MODELO] Clique em nodo-filtrado realizado!
[09:52:23] [atos.judicial_fluxo] [INFO] [ATO][MODELO] Clique em inserir realizado
[atos.judicial_fluxo] [ATO][MODELO] Clique em inserir realizado
[09:52:23] [atos.judicial_fluxo] [INFO] [ATO][MODELO] Snackbar de inserção detectada — sinal para prosseguir
[atos.judicial_fluxo] [ATO][MODELO] Snackbar de inserção detectada — sinal para prosseguir
[09:52:24] [atos.judicial_fluxo] [INFO] [ATO][MODELO] Modelo inserido (conteúdo confirmado no editor)
[atos.judicial_fluxo] [ATO][MODELO] Modelo inserido (conteúdo confirmado no editor)
[09:52:24] [atos.judicial_fluxo] [INFO] [ATO][SALVAR] Salvando modelo após inserção...
[atos.judicial_fluxo] [ATO][SALVAR] Salvando modelo após inserção...
[09:52:24] [atos.judicial_fluxo] [INFO] [ATO][SALVAR] Clique no botao Salvar realizado
[atos.judicial_fluxo] [ATO][SALVAR] Clique no botao Salvar realizado
[09:52:24] [atos.judicial_fluxo] [INFO] [ATO][SALVAR] Aguardando ativação da aba destinatários...
[atos.judicial_fluxo] [ATO][SALVAR] Aguardando ativação da aba destinatários...
[09:52:25] [atos.judicial_fluxo] [INFO] [ATO][PRAZO] Configurando destinatários/prazos: prazo=5 (apenas_primeiro=True)
[atos.judicial_fluxo] [ATO][PRAZO] Configurando destinatários/prazos: prazo=5 (apenas_primeiro=True)
[09:52:25] [pjeplus] [INFO] [PRAZOS] Preenchendo prazos: 5
[pjeplus] [PRAZOS] Preenchendo prazos: 5
[09:52:25] [pjeplus] [INFO] [PRAZOS] Tabela de destinatários carregada
[pjeplus] [PRAZOS] Tabela de destinatários carregada
[09:52:25] [pjeplus] [INFO] [PRAZOS] Clicando no botão #selecionar-polo-ativo...
[pjeplus] [PRAZOS] Clicando no botão #selecionar-polo-ativo...
[09:52:25] [pjeplus] [INFO] [PRAZOS] Botão #selecionar-polo-ativo clicado com sucesso
[pjeplus] [PRAZOS] Botão #selecionar-polo-ativo clicado com sucesso
[09:52:25] [pjeplus] [INFO] [PRAZOS] Encontrados 1 campos de prazo
[pjeplus] [PRAZOS] Encontrados 1 campos de prazo
[09:52:25] [pjeplus] [INFO] [PRAZOS] Campo 1 preenchido com prazo: 5
[pjeplus] [PRAZOS] Campo 1 preenchido com prazo: 5
[09:52:25] [pjeplus] [INFO] [PRAZOS] Preenchimento de destinatários e prazos concluído
[pjeplus] [PRAZOS] Preenchimento de destinatários e prazos concluído
[09:52:25] [atos.judicial_fluxo] [INFO] [ATO][PRAZO] Destinatários e prazos concluídos com sucesso
[atos.judicial_fluxo] [ATO][PRAZO] Destinatários e prazos concluídos com sucesso
[09:52:25] [atos.judicial_fluxo] [INFO] [ATO][PEC] Parâmetro marcar_pec=False (desejado: desmarcar)
[atos.judicial_fluxo] [ATO][PEC] Parâmetro marcar_pec=False (desejado: desmarcar)
[09:52:25] [atos.judicial_fluxo] [INFO] [ATO][PEC] Estado inicial: marcado → alterado para: desmarcado
[atos.judicial_fluxo] [ATO][PEC] Estado inicial: marcado → alterado para: desmarcado
[09:52:25] [atos.judicial_fluxo] [INFO] [ATO][GRAVAR] Gravando intimações...
[atos.judicial_fluxo] [ATO][GRAVAR] Gravando intimações...
[09:52:25] [atos.judicial_fluxo] [INFO] [ATO][GRAVAR] Intimações gravadas
[atos.judicial_fluxo] [ATO][GRAVAR] Intimações gravadas
[09:52:25] [atos.judicial_fluxo] [INFO] [ATO][SALVAR_FINAL] Salvando ato...
[atos.judicial_fluxo] [ATO][SALVAR_FINAL] Salvando ato...
[09:52:25] [atos.judicial_fluxo] [INFO] [ATO][SALVAR_FINAL] Ato salvo
[atos.judicial_fluxo] [ATO][SALVAR_FINAL] Ato salvo
[09:52:25] [atos.judicial_fluxo] [INFO] ============================================================
[atos.judicial_fluxo] ============================================================
[09:52:25] [atos.judicial_fluxo] [INFO] ATO JUDICIAL - CONCLUÍDO COM SUCESSO
[atos.judicial_fluxo] ATO JUDICIAL - CONCLUÍDO COM SUCESSO
[09:52:25] [atos.judicial_fluxo] [INFO] ============================================================
[atos.judicial_fluxo] ============================================================
[09:52:25] [pjeplus] [INFO] [ATO] FIM {'status': 'sucesso', 'sigilo': False, 'tempo': '14.988s'}
[pjeplus] [ATO] FIM {'status': 'sucesso', 'sigilo': False, 'tempo': '14.988s'}
[09:52:25] [atos.judicial_fluxo] [INFO] [ATO][TIMING][SUCESSO] 14.988s (fluxo completo)
[atos.judicial_fluxo] [ATO][TIMING][SUCESSO] 14.988s (fluxo completo)
[09:52:25] [pjeplus] [INFO] [TEMPO] _processar_regras_gerais._processar_regras_gerais: 15.006s
[pjeplus] [TEMPO] _processar_regras_gerais._processar_regras_gerais: 15.006s
[09:52:25] [Fix.monitoramento_progresso_unificado] [INFO] [PROGRESSO_P2B][1001382-42.2023.5.02.0707] ✅ Processo marcado como executado
[Fix.monitoramento_progresso_unificado] [PROGRESSO_P2B][1001382-42.2023.5.02.0707] ✅ Processo marcado como executado
[09:52:25] [Fix.monitoramento_progresso_unificado] [INFO] [PROGRESSO_P2B]  Progresso salvo com segurança
[Fix.monitoramento_progresso_unificado] [PROGRESSO_P2B]  Progresso salvo com segurança
[09:52:25] [Prazo.p2b_gateway] [INFO] [PRAZO_API] Processo 1001382-42.2023.5.02.0707 processado com sucesso (fluxo_pz)
[Prazo.p2b_gateway] [PRAZO_API] Processo 1001382-42.2023.5.02.0707 processado com sucesso (fluxo_pz)
[09:52:25] [Prazo.p2b_gateway] [INFO] [PRAZO_API] Abrindo processo id=8619933 numero=1000899-19.2026.5.02.0703
[Prazo.p2b_gateway] [PRAZO_API] Abrindo processo id=8619933 numero=1000899-19.2026.5.02.0703
[09:52:26] [Prazo.p2b_gateway] [INFO] [p2b_api] Data documento: 2026-09-08T09:00:42.094194 -> 2026-09-08T09:00:42.094194+00:00 (Idade: 8 dias úteis)
[Prazo.p2b_gateway] [p2b_api] Data documento: 2026-09-08T09:00:42.094194 -> 2026-09-08T09:00:42.094194+00:00 (Idade: 8 dias úteis)
[09:52:26] [Prazo.p2b_gateway] [INFO] [p2b_api] doc relevante: tipo=Despacho id=485483711 data_extraida=2026-09-08T09:00:42.094194 idade_dias=8
[Prazo.p2b_gateway] [p2b_api] doc relevante: tipo=Despacho id=485483711 data_extraida=2026-09-08T09:00:42.094194 idade_dias=8
[09:52:26] [Prazo.p2b_gateway] [INFO] [p2b_api] texto extraído: 785 chars
[Prazo.p2b_gateway] [p2b_api] texto extraído: 785 chars
[09:52:26] [Prazo.p2b_documentos] [INFO] [FLUXO_PZ] Regra casou: pattern=comunique\-se[\s\.,;:!\-–—()$]*de[\s\.,;:!\-–—()$]*forma[\s\.,;:!\-–—()$]*concomitante tipo_acao=(<function checar_prox at 0x0000016856082160>,) snippet=nte a informacao supra, por celeridade, comunique-se de forma concomitante, por edital, as partes indicadas. sao p
[Prazo.p2b_documentos] [FLUXO_PZ] Regra casou: pattern=comunique\-se[\s\.,;:!\-–—()$]*de[\s\.,;:!\-–—()$]*forma[\s\.,;:!\-–—()$]*concomitante tipo_acao=(<function checar_prox at 0x0000016856082160>,) snippet=nte a informacao supra, por celeridade, comunique-se de forma concomitante, por edital, as partes indicadas. sao p
[09:52:26] [pjeplus] [INFO] [TEMPO] _processar_regras_gerais._processar_regras_gerais: 0.578s
[pjeplus] [TEMPO] _processar_regras_gerais._processar_regras_gerais: 0.578s
[09:52:26] [Fix.monitoramento_progresso_unificado] [INFO] [PROGRESSO_P2B][1000899-19.2026.5.02.0703] ✅ Processo marcado como executado
[Fix.monitoramento_progresso_unificado] [PROGRESSO_P2B][1000899-19.2026.5.02.0703] ✅ Processo marcado como executado
[09:52:26] [Fix.monitoramento_progresso_unificado] [INFO] [PROGRESSO_P2B]  Progresso salvo com segurança
[Fix.monitoramento_progresso_unificado] [PROGRESSO_P2B]  Progresso salvo com segurança
[09:52:26] [Prazo.p2b_gateway] [INFO] [PRAZO_API] Processo 1000899-19.2026.5.02.0703 processado com sucesso (fluxo_pz)
[Prazo.p2b_gateway] [PRAZO_API] Processo 1000899-19.2026.5.02.0703 processado com sucesso (fluxo_pz)
[09:52:26] [Prazo.p2b_gateway] [INFO] [PRAZO_API] Abrindo processo id=6877089 numero=1000168-57.2025.5.02.0703
[Prazo.p2b_gateway] [PRAZO_API] Abrindo processo id=6877089 numero=1000168-57.2025.5.02.0703
[09:52:27] [Prazo.p2b_gateway] [INFO] [p2b_api] Data documento: 2026-08-06T08:18:39.854937 -> 2026-08-06T08:18:39.854937+00:00 (Idade: 29 dias úteis)
[Prazo.p2b_gateway] [p2b_api] Data documento: 2026-08-06T08:18:39.854937 -> 2026-08-06T08:18:39.854937+00:00 (Idade: 29 dias úteis)
[09:52:27] [Prazo.p2b_gateway] [INFO] [p2b_api] doc relevante: tipo=Sentença id=478635280 data_extraida=2026-08-06T08:18:39.854937 idade_dias=29
[Prazo.p2b_gateway] [p2b_api] doc relevante: tipo=Sentença id=478635280 data_extraida=2026-08-06T08:18:39.854937 idade_dias=29
[09:52:27] [Prazo.p2b_gateway] [INFO] [p2b_api] texto extraído: 2933 chars
[Prazo.p2b_gateway] [p2b_api] texto extraído: 2933 chars
[09:52:27] [Prazo.p2b_documentos] [INFO] [FLUXO_PZ] Regra casou: pattern=incidente[\s\.,;:!\-–—()$]*de[\s\.,;:!\-–—()$]*desconsideracao[\s\.,;:!\-–—()$]*da[\s\.,;:!\-–—()$]*personalidade[\s\.,;:!\-–—()$]*juridica[\s\.,;:!\-–—()$]*instaurado[\s\.,;:!\-–—()$]*em[\s\.,;:!\-–—()$]*face tipo_acao=(<function make_ato_wrapper.<locals>.wrapper at 0x0000016855F52340>,) snippet= === decisao ===  === vistos, etc. ===  incidente de desconsideracao da personalidade juridica instaurado em face de valdeny pereira da silva, cpf: 216.3
[Prazo.p2b_documentos] [FLUXO_PZ] Regra casou: pattern=incidente[\s\.,;:!\-–—()$]*de[\s\.,;:!\-–—()$]*desconsideracao[\s\.,;:!\-–—()$]*da[\s\.,;:!\-–—()$]*personalidade[\s\.,;:!\-–—()$]*juridica[\s\.,;:!\-–—()$]*instaurado[\s\.,;:!\-–—()$]*em[\s\.,;:!\-–—()$]*face tipo_acao=(<function make_ato_wrapper.<locals>.wrapper at 0x0000016855F52340>,) snippet= === decisao ===  === vistos, etc. ===  incidente de desconsideracao da personalidade juridica instaurado em face de valdeny pereira da silva, cpf: 216.3
[09:52:27] [pjeplus] [INFO] [ATO] START
[pjeplus] [ATO] START
[09:52:27] [atos.judicial_fluxo] [INFO] [ATO][TIMING][INICIO] conclusao_tipo=Despacho modelo_nome=xsmeios
[atos.judicial_fluxo] [ATO][TIMING][INICIO] conclusao_tipo=Despacho modelo_nome=xsmeios
[09:52:27] [atos.judicial_fluxo] [INFO] [ATO][CLS] Iniciando fluxo CLS: conclusao_tipo=Despacho
[atos.judicial_fluxo] [ATO][CLS] Iniciando fluxo CLS: conclusao_tipo=Despacho
[09:52:27] [pjeplus] [INFO] [CLS] START
[pjeplus] [CLS] START
[09:52:27] [atos.judicial_fluxo] [INFO] [CLS][TIMING][INICIO]
[atos.judicial_fluxo] [CLS][TIMING][INICIO]
[09:52:27] [atos.judicial_fluxo] [INFO] FLUXO CLS - INICIANDO
[atos.judicial_fluxo] FLUXO CLS - INICIANDO
[09:52:27] [atos.judicial_fluxo] [INFO] ============================================================
[atos.judicial_fluxo] ============================================================
[09:52:27] [atos.judicial_fluxo] [INFO] [CLS][TIMING][CHECK_ESTADO] 0.000s estado=detalhe
[atos.judicial_fluxo] [CLS][TIMING][CHECK_ESTADO] 0.000s estado=detalhe
[09:52:27] [atos.judicial_fluxo] [INFO] [CLS] Passo 1: Estamos em /detalhe — abrindo tarefa do processo...
[atos.judicial_fluxo] [CLS] Passo 1: Estamos em /detalhe — abrindo tarefa do processo...
[09:52:27] [pjeplus] [INFO] [NAVEGAÇÃO] Abrindo tarefa do processo...
[pjeplus] [NAVEGAÇÃO] Abrindo tarefa do processo...
[09:52:28] [pjeplus] [INFO] [NAVEGAÇÃO] Foco trocado para nova aba
[pjeplus] [NAVEGAÇÃO] Foco trocado para nova aba
[09:52:28] [atos.judicial_fluxo] [INFO] [CLS][TIMING][ABRIR_TAREFA] 0.836s sucesso=True
[atos.judicial_fluxo] [CLS][TIMING][ABRIR_TAREFA] 0.836s sucesso=True
[09:52:28] [atos.judicial_fluxo] [INFO] [CLS] Passo 2: Limpando overlays...
[atos.judicial_fluxo] [CLS] Passo 2: Limpando overlays...
[09:52:28] [atos.judicial_fluxo] [INFO] [CLS][TIMING][LIMPAR_OVERLAYS] 0.028s
[atos.judicial_fluxo] [CLS][TIMING][LIMPAR_OVERLAYS] 0.028s
[09:52:28] [atos.judicial_fluxo] [INFO] [CLS] Passo 3: Navegando para conclusão...
[atos.judicial_fluxo] [CLS] Passo 3: Navegando para conclusão...
[09:52:28] [pjeplus] [INFO] [NAVEGAÇÃO] Navegando para Conclusão ao Magistrado...
[pjeplus] [NAVEGAÇÃO] Navegando para Conclusão ao Magistrado...
[09:52:28] [pjeplus] [INFO] [NAVEGAÇÃO] Nome da Tarefa Detectado: "cumprimento de providências"
[pjeplus] [NAVEGAÇÃO] Nome da Tarefa Detectado: "cumprimento de providências"
[09:52:30] [pjeplus] [INFO] [NAVEGAÇÃO] Conclusão não disponível diretamente, tentando via "Análise"...
[pjeplus] [NAVEGAÇÃO] Conclusão não disponível diretamente, tentando via "Análise"...
[09:52:30] [pjeplus] [INFO] [NAVEGAÇÃO] Tentando via "Análise"...
[pjeplus] [NAVEGAÇÃO] Tentando via "Análise"...
[09:52:30] [pjeplus] [INFO] [NAVEGAÇÃO] Clique em "Análise" realizado
[pjeplus] [NAVEGAÇÃO] Clique em "Análise" realizado
[09:52:30] [pjeplus] [INFO] [NAVEGAÇÃO] Verificando overlays...
[pjeplus] [NAVEGAÇÃO] Verificando overlays...
[09:52:31] [pjeplus] [INFO] [NAVEGAÇÃO] Clique em "Conclusão ao magistrado" realizado após Análise
[pjeplus] [NAVEGAÇÃO] Clique em "Conclusão ao magistrado" realizado após Análise
[09:52:31] [pjeplus] [INFO] [NAVEGAÇÃO] Navegação para conclusão concluída com sucesso
[pjeplus] [NAVEGAÇÃO] Navegação para conclusão concluída com sucesso
[09:52:31] [atos.judicial_fluxo] [INFO] [CLS][TIMING][NAVEGAR_CONCLUSAO] 3.032s
[atos.judicial_fluxo] [CLS][TIMING][NAVEGAR_CONCLUSAO] 3.032s
[09:52:31] [atos.judicial_fluxo] [INFO] [CLS] Passo 4: Escolhendo tipo de conclusão: Despacho
[atos.judicial_fluxo] [CLS] Passo 4: Escolhendo tipo de conclusão: Despacho
[09:52:31] [pjeplus] [INFO] [CONCLUSÃO] Escolhendo tipo de conclusão: Despacho
[pjeplus] [CONCLUSÃO] Escolhendo tipo de conclusão: Despacho
[09:52:32] [pjeplus] [INFO] [CONCLUSÃO] ✅ Botão de conclusão "Despacho" clicado com sucesso
[pjeplus] [CONCLUSÃO] ✅ Botão de conclusão "Despacho" clicado com sucesso
[09:52:32] [atos.judicial_fluxo] [INFO] [CLS][TIMING][ESCOLHER_TIPO] 1.027s tipo=Despacho
[atos.judicial_fluxo] [CLS][TIMING][ESCOLHER_TIPO] 1.027s tipo=Despacho
[09:52:32] [atos.judicial_fluxo] [INFO] [CLS] Passo 5: Aguardando transição para minutar...
[atos.judicial_fluxo] [CLS] Passo 5: Aguardando transição para minutar...
[09:52:32] [pjeplus] [INFO] [CONCLUSÃO] Aguardando transição para tela de minutar (DOM Observer)...
[pjeplus] [CONCLUSÃO] Aguardando transição para tela de minutar (DOM Observer)...
[09:52:32] [pjeplus] [INFO] [CONCLUSÃO] Transição detectada via renderização do DOM (pje-arvore-modelo-documento)
[pjeplus] [CONCLUSÃO] Transição detectada via renderização do DOM (pje-arvore-modelo-documento)
[09:52:32] [atos.judicial_fluxo] [INFO] [CLS][TIMING][TRANSICAO_MINUTAR] 0.004s
[atos.judicial_fluxo] [CLS][TIMING][TRANSICAO_MINUTAR] 0.004s
[09:52:32] [atos.judicial_fluxo] [INFO] [CLS] Passo 6: Preparando campo de minutar...
[atos.judicial_fluxo] [CLS] Passo 6: Preparando campo de minutar...
[09:52:32] [pjeplus] [INFO] [NAVEGAÇÃO] Preparando campo de filtro para minutar...
[pjeplus] [NAVEGAÇÃO] Preparando campo de filtro para minutar...
[09:52:37] [pjeplus] [INFO] [NAVEGAÇÃO] Campo de filtro preparado com sucesso
[pjeplus] [NAVEGAÇÃO] Campo de filtro preparado com sucesso
[09:52:37] [atos.judicial_fluxo] [INFO] [CLS][TIMING][PREPARAR_CAMPO] 5.079s
[atos.judicial_fluxo] [CLS][TIMING][PREPARAR_CAMPO] 5.079s
[09:52:37] [atos.judicial_fluxo] [INFO] ============================================================
[atos.judicial_fluxo] ============================================================
[09:52:37] [atos.judicial_fluxo] [INFO] FLUXO CLS - CONCLUÍDO COM SUCESSO
[atos.judicial_fluxo] FLUXO CLS - CONCLUÍDO COM SUCESSO
[09:52:37] [atos.judicial_fluxo] [INFO] ============================================================
[atos.judicial_fluxo] ============================================================
[09:52:37] [pjeplus] [INFO] [CLS] FIM {'status': 'sucesso', 'tempo': '10.008s'}
[pjeplus] [CLS] FIM {'status': 'sucesso', 'tempo': '10.008s'}
[09:52:37] [atos.judicial_fluxo] [INFO] [CLS][TIMING][SUCESSO] 10.008s (fluxo completo)
[atos.judicial_fluxo] [CLS][TIMING][SUCESSO] 10.008s (fluxo completo)
[09:52:37] [pjeplus] [INFO] [TEMPO] fluxo_cls.fluxo_cls: 10.008s
[pjeplus] [TEMPO] fluxo_cls.fluxo_cls: 10.008s
[09:52:37] [atos.judicial_fluxo] [INFO] [ATO][TIMING][FLUXO_CLS] 10.008s
[atos.judicial_fluxo] [ATO][TIMING][FLUXO_CLS] 10.008s
[09:52:37] [atos.judicial_fluxo] [INFO] [ATO][MODELO] Preenchendo filtro com modelo: xsmeios
[atos.judicial_fluxo] [ATO][MODELO] Preenchendo filtro com modelo: xsmeios
[09:52:38] [atos.judicial_fluxo] [INFO] [ATO][MODELO] Modelo "xsmeios" preenchido via JS e ENTER pressionado no filtro.
[atos.judicial_fluxo] [ATO][MODELO] Modelo "xsmeios" preenchido via JS e ENTER pressionado no filtro.
[09:52:40] [atos.judicial_fluxo] [INFO] [ATO][MODELO] Clique em nodo-filtrado realizado!
[atos.judicial_fluxo] [ATO][MODELO] Clique em nodo-filtrado realizado!
[09:52:41] [atos.judicial_fluxo] [INFO] [ATO][MODELO] Clique em inserir realizado
[atos.judicial_fluxo] [ATO][MODELO] Clique em inserir realizado
[09:52:41] [atos.judicial_fluxo] [INFO] [ATO][MODELO] Snackbar de inserção detectada — sinal para prosseguir
[atos.judicial_fluxo] [ATO][MODELO] Snackbar de inserção detectada — sinal para prosseguir
[09:52:42] [atos.judicial_fluxo] [INFO] [ATO][MODELO] Modelo inserido (conteúdo confirmado no editor)
[atos.judicial_fluxo] [ATO][MODELO] Modelo inserido (conteúdo confirmado no editor)
[09:52:42] [atos.judicial_fluxo] [INFO] [ATO][SALVAR] Salvando modelo após inserção...
[atos.judicial_fluxo] [ATO][SALVAR] Salvando modelo após inserção...
[09:52:42] [atos.judicial_fluxo] [INFO] [ATO][SALVAR] Clique no botao Salvar realizado
[atos.judicial_fluxo] [ATO][SALVAR] Clique no botao Salvar realizado
[09:52:42] [atos.judicial_fluxo] [INFO] [ATO][SALVAR] Aguardando ativação da aba destinatários...
[atos.judicial_fluxo] [ATO][SALVAR] Aguardando ativação da aba destinatários...
[09:52:43] [atos.judicial_fluxo] [INFO] [ATO][PRAZO] Configurando destinatários/prazos: prazo=5 (apenas_primeiro=True)
[atos.judicial_fluxo] [ATO][PRAZO] Configurando destinatários/prazos: prazo=5 (apenas_primeiro=True)
[09:52:43] [pjeplus] [INFO] [PRAZOS] Preenchendo prazos: 5
[pjeplus] [PRAZOS] Preenchendo prazos: 5
[09:52:43] [pjeplus] [INFO] [PRAZOS] Tabela de destinatários carregada
[pjeplus] [PRAZOS] Tabela de destinatários carregada
[09:52:43] [pjeplus] [INFO] [PRAZOS] Clicando no botão #selecionar-polo-ativo...
[pjeplus] [PRAZOS] Clicando no botão #selecionar-polo-ativo...
[09:52:43] [pjeplus] [INFO] [PRAZOS] Botão #selecionar-polo-ativo clicado com sucesso
[pjeplus] [PRAZOS] Botão #selecionar-polo-ativo clicado com sucesso
[09:52:43] [pjeplus] [INFO] [PRAZOS] Encontrados 1 campos de prazo
[pjeplus] [PRAZOS] Encontrados 1 campos de prazo
[09:52:43] [pjeplus] [INFO] [PRAZOS] Campo 1 preenchido com prazo: 5
[pjeplus] [PRAZOS] Campo 1 preenchido com prazo: 5
[09:52:43] [pjeplus] [INFO] [PRAZOS] Preenchimento de destinatários e prazos concluído
[pjeplus] [PRAZOS] Preenchimento de destinatários e prazos concluído
[09:52:43] [atos.judicial_fluxo] [INFO] [ATO][PRAZO] Destinatários e prazos concluídos com sucesso
[atos.judicial_fluxo] [ATO][PRAZO] Destinatários e prazos concluídos com sucesso
[09:52:43] [atos.judicial_fluxo] [INFO] [ATO][PEC] Parâmetro marcar_pec=False (desejado: desmarcar)
[atos.judicial_fluxo] [ATO][PEC] Parâmetro marcar_pec=False (desejado: desmarcar)
[09:52:43] [atos.judicial_fluxo] [INFO] [ATO][PEC] Estado inicial: marcado → alterado para: desmarcado
[atos.judicial_fluxo] [ATO][PEC] Estado inicial: marcado → alterado para: desmarcado
[09:52:43] [atos.judicial_fluxo] [INFO] [ATO][GRAVAR] Gravando intimações...
[atos.judicial_fluxo] [ATO][GRAVAR] Gravando intimações...
[09:52:43] [atos.judicial_fluxo] [INFO] [ATO][GRAVAR] Intimações gravadas
[atos.judicial_fluxo] [ATO][GRAVAR] Intimações gravadas
[09:52:43] [atos.judicial_fluxo] [INFO] [ATO][SALVAR_FINAL] Salvando ato...
[atos.judicial_fluxo] [ATO][SALVAR_FINAL] Salvando ato...
[09:52:43] [atos.judicial_fluxo] [INFO] [ATO][SALVAR_FINAL] Ato salvo
[atos.judicial_fluxo] [ATO][SALVAR_FINAL] Ato salvo
[09:52:43] [atos.judicial_fluxo] [INFO] ============================================================
[atos.judicial_fluxo] ============================================================
[09:52:43] [atos.judicial_fluxo] [INFO] ATO JUDICIAL - CONCLUÍDO COM SUCESSO
[atos.judicial_fluxo] ATO JUDICIAL - CONCLUÍDO COM SUCESSO
[09:52:43] [atos.judicial_fluxo] [INFO] ============================================================
[atos.judicial_fluxo] ============================================================
[09:52:43] [pjeplus] [INFO] [ATO] FIM {'status': 'sucesso', 'sigilo': False, 'tempo': '15.793s'}
[pjeplus] [ATO] FIM {'status': 'sucesso', 'sigilo': False, 'tempo': '15.793s'}
[09:52:43] [atos.judicial_fluxo] [INFO] [ATO][TIMING][SUCESSO] 15.793s (fluxo completo)
[atos.judicial_fluxo] [ATO][TIMING][SUCESSO] 15.793s (fluxo completo)
[09:52:43] [pjeplus] [INFO] [TEMPO] _processar_regras_gerais._processar_regras_gerais: 15.810s
[pjeplus] [TEMPO] _processar_regras_gerais._processar_regras_gerais: 15.810s
[09:52:43] [Fix.monitoramento_progresso_unificado] [INFO] [PROGRESSO_P2B][1000168-57.2025.5.02.0703] ✅ Processo marcado como executado
[Fix.monitoramento_progresso_unificado] [PROGRESSO_P2B][1000168-57.2025.5.02.0703] ✅ Processo marcado como executado
[09:52:43] [Fix.monitoramento_progresso_unificado] [INFO] [PROGRESSO_P2B]  Progresso salvo com segurança
[Fix.monitoramento_progresso_unificado] [PROGRESSO_P2B]  Progresso salvo com segurança
[09:52:43] [Prazo.p2b_gateway] [INFO] [PRAZO_API] Processo 1000168-57.2025.5.02.0703 processado com sucesso (fluxo_pz)
[Prazo.p2b_gateway] [PRAZO_API] Processo 1000168-57.2025.5.02.0703 processado com sucesso (fluxo_pz)
[09:52:43] [Prazo.p2b_gateway] [INFO] [PRAZO_API] Abrindo processo id=8045838 numero=1002208-12.2025.5.02.0703
[Prazo.p2b_gateway] [PRAZO_API] Abrindo processo id=8045838 numero=1002208-12.2025.5.02.0703
[09:52:44] [Prazo.p2b_gateway] [INFO] [p2b_api] Data documento: 2026-09-04T10:19:58.002286 -> 2026-09-04T10:19:58.002286+00:00 (Idade: 9 dias úteis)
[Prazo.p2b_gateway] [p2b_api] Data documento: 2026-09-04T10:19:58.002286 -> 2026-09-04T10:19:58.002286+00:00 (Idade: 9 dias úteis)
[09:52:44] [Prazo.p2b_gateway] [INFO] [p2b_api] doc relevante: tipo=Despacho id=484920304 data_extraida=2026-09-04T10:19:58.002286 idade_dias=9
[Prazo.p2b_gateway] [p2b_api] doc relevante: tipo=Despacho id=484920304 data_extraida=2026-09-04T10:19:58.002286 idade_dias=9
[09:52:44] [Prazo.p2b_gateway] [INFO] [p2b_api] texto extraído: 733 chars
[Prazo.p2b_gateway] [p2b_api] texto extraído: 733 chars
[09:52:44] [pjeplus] [INFO] [TEMPO] _processar_regras_gerais._processar_regras_gerais: 0.007s
[pjeplus] [TEMPO] _processar_regras_gerais._processar_regras_gerais: 0.007s
[09:52:44] [Fix.monitoramento_progresso_unificado] [INFO] [PROGRESSO_P2B][1002208-12.2025.5.02.0703] ✅ Processo marcado como executado
[Fix.monitoramento_progresso_unificado] [PROGRESSO_P2B][1002208-12.2025.5.02.0703] ✅ Processo marcado como executado
[09:52:44] [Fix.monitoramento_progresso_unificado] [INFO] [PROGRESSO_P2B]  Progresso salvo com segurança
[Fix.monitoramento_progresso_unificado] [PROGRESSO_P2B]  Progresso salvo com segurança
[09:52:44] [Prazo.p2b_gateway] [INFO] [PRAZO_API] Processo 1002208-12.2025.5.02.0703 processado com sucesso (fluxo_pz)
[Prazo.p2b_gateway] [PRAZO_API] Processo 1002208-12.2025.5.02.0703 processado com sucesso (fluxo_pz)
[09:52:44] [Prazo.p2b_gateway] [INFO] [PRAZO_API] Abrindo processo id=8484631 numero=1000637-69.2026.5.02.0703
[Prazo.p2b_gateway] [PRAZO_API] Abrindo processo id=8484631 numero=1000637-69.2026.5.02.0703
[09:52:45] [Prazo.p2b_gateway] [INFO] [p2b_api] Data documento: 2026-09-08T09:00:42.094131 -> 2026-09-08T09:00:42.094131+00:00 (Idade: 8 dias úteis)
[Prazo.p2b_gateway] [p2b_api] Data documento: 2026-09-08T09:00:42.094131 -> 2026-09-08T09:00:42.094131+00:00 (Idade: 8 dias úteis)
[09:52:45] [Prazo.p2b_gateway] [INFO] [p2b_api] doc relevante: tipo=Despacho id=485486428 data_extraida=2026-09-08T09:00:42.094131 idade_dias=8
[Prazo.p2b_gateway] [p2b_api] doc relevante: tipo=Despacho id=485486428 data_extraida=2026-09-08T09:00:42.094131 idade_dias=8
[09:52:45] [Prazo.p2b_gateway] [INFO] [p2b_api] texto extraído: 820 chars
[Prazo.p2b_gateway] [p2b_api] texto extraído: 820 chars
[09:52:45] [pjeplus] [INFO] [TEMPO] _processar_regras_gerais._processar_regras_gerais: 0.008s
[pjeplus] [TEMPO] _processar_regras_gerais._processar_regras_gerais: 0.008s
[09:52:45] [Fix.monitoramento_progresso_unificado] [INFO] [PROGRESSO_P2B][1000637-69.2026.5.02.0703] ✅ Processo marcado como executado
[Fix.monitoramento_progresso_unificado] [PROGRESSO_P2B][1000637-69.2026.5.02.0703] ✅ Processo marcado como executado
[09:52:45] [Fix.monitoramento_progresso_unificado] [INFO] [PROGRESSO_P2B]  Progresso salvo com segurança
[Fix.monitoramento_progresso_unificado] [PROGRESSO_P2B]  Progresso salvo com segurança
[09:52:45] [Prazo.p2b_gateway] [INFO] [PRAZO_API] Processo 1000637-69.2026.5.02.0703 processado com sucesso (fluxo_pz)
[Prazo.p2b_gateway] [PRAZO_API] Processo 1000637-69.2026.5.02.0703 processado com sucesso (fluxo_pz)
[09:52:45] [Prazo.p2b_gateway] [INFO] [PRAZO_API] Abrindo processo id=1204722 numero=1001645-33.2016.5.02.0703
[Prazo.p2b_gateway] [PRAZO_API] Abrindo processo id=1204722 numero=1001645-33.2016.5.02.0703
[09:52:47] [Prazo.p2b_gateway] [INFO] [p2b_api] Data documento: 2026-09-17T07:38:03.476852 -> 2026-09-17T07:38:03.476852+00:00 (Idade: 1 dias úteis)
[Prazo.p2b_gateway] [p2b_api] Data documento: 2026-09-17T07:38:03.476852 -> 2026-09-17T07:38:03.476852+00:00 (Idade: 1 dias úteis)
[09:52:47] [Prazo.p2b_gateway] [INFO] [p2b_api] doc relevante (Decisão) tem data recente (2026-09-17T07:38:03.476852), pulando (<= 5 dias úteis).
[Prazo.p2b_gateway] [p2b_api] doc relevante (Decisão) tem data recente (2026-09-17T07:38:03.476852), pulando (<= 5 dias úteis).
[09:52:47] [Prazo.p2b_gateway] [WARNING] [p2b_api] decisao_recente_menos_5_dias
[Prazo.p2b_gateway] [p2b_api] decisao_recente_menos_5_dias
[09:52:47] [Prazo.p2b_gateway] [INFO] [FLUXO_PZ] Decisão recente (< 5 dias), executando mov_int Aguardando Prazo e pulando.
[Prazo.p2b_gateway] [FLUXO_PZ] Decisão recente (< 5 dias), executando mov_int Aguardando Prazo e pulando.
[09:52:48] [atos.core] [INFO] [API_TAREFA] Tarefa aberta via API com sucesso: processo=1204722 tarefa=500
[atos.core] [API_TAREFA] Tarefa aberta via API com sucesso: processo=1204722 tarefa=500
[09:52:49] [atos.core] [INFO] [MOV_INT] tarefa='Responsável do Processo
Sem Responsável
Tarefa:
Análise' destino='Aguardando Prazo'
[atos.core] [MOV_INT] tarefa='Responsável do Processo
Sem Responsável
Tarefa:
Análise' destino='Aguardando Prazo'
[09:52:51] [atos.core] [INFO] [MOV_INT] clicando botão destino direto: Aguardando Prazo
[atos.core] [MOV_INT] clicando botão destino direto: Aguardando Prazo
[09:52:51] [Fix.monitoramento_progresso_unificado] [INFO] [PROGRESSO_P2B][1001645-33.2016.5.02.0703] ✅ Processo marcado como executado
[Fix.monitoramento_progresso_unificado] [PROGRESSO_P2B][1001645-33.2016.5.02.0703] ✅ Processo marcado como executado
[09:52:51] [Fix.monitoramento_progresso_unificado] [INFO] [PROGRESSO_P2B]  Progresso salvo com segurança
[Fix.monitoramento_progresso_unificado] [PROGRESSO_P2B]  Progresso salvo com segurança
[09:52:51] [Prazo.p2b_gateway] [INFO] [PRAZO_API] Processo 1001645-33.2016.5.02.0703 processado com sucesso (fluxo_pz)
[Prazo.p2b_gateway] [PRAZO_API] Processo 1001645-33.2016.5.02.0703 processado com sucesso (fluxo_pz)
[09:52:51] [Prazo.p2b_gateway] [INFO] [PRAZO_API] Abrindo processo id=2485752 numero=1000076-89.2019.5.02.0703
[Prazo.p2b_gateway] [PRAZO_API] Abrindo processo id=2485752 numero=1000076-89.2019.5.02.0703
[09:52:53] [Prazo.p2b_gateway] [INFO] [p2b_api] Data documento: 2026-08-18T09:25:05.111614 -> 2026-08-18T09:25:05.111614+00:00 (Idade: 22 dias úteis)
[Prazo.p2b_gateway] [p2b_api] Data documento: 2026-08-18T09:25:05.111614 -> 2026-08-18T09:25:05.111614+00:00 (Idade: 22 dias úteis)
[09:52:53] [Prazo.p2b_gateway] [INFO] [p2b_api] doc relevante: tipo=Despacho id=480711701 data_extraida=2026-08-18T09:25:05.111614 idade_dias=22
[Prazo.p2b_gateway] [p2b_api] doc relevante: tipo=Despacho id=480711701 data_extraida=2026-08-18T09:25:05.111614 idade_dias=22
[09:52:53] [Prazo.p2b_gateway] [INFO] [p2b_api] texto extraído: 758 chars
[Prazo.p2b_gateway] [p2b_api] texto extraído: 758 chars
[09:52:53] [pjeplus] [INFO] [TEMPO] _processar_regras_gerais._processar_regras_gerais: 0.007s
[pjeplus] [TEMPO] _processar_regras_gerais._processar_regras_gerais: 0.007s
[09:52:53] [Fix.monitoramento_progresso_unificado] [INFO] [PROGRESSO_P2B][1000076-89.2019.5.02.0703] ✅ Processo marcado como executado
[Fix.monitoramento_progresso_unificado] [PROGRESSO_P2B][1000076-89.2019.5.02.0703] ✅ Processo marcado como executado
[09:52:53] [Fix.monitoramento_progresso_unificado] [INFO] [PROGRESSO_P2B]  Progresso salvo com segurança
[Fix.monitoramento_progresso_unificado] [PROGRESSO_P2B]  Progresso salvo com segurança
[09:52:53] [Prazo.p2b_gateway] [INFO] [PRAZO_API] Processo 1000076-89.2019.5.02.0703 processado com sucesso (fluxo_pz)
[Prazo.p2b_gateway] [PRAZO_API] Processo 1000076-89.2019.5.02.0703 processado com sucesso (fluxo_pz)
[09:52:53] [Prazo.p2b_gateway] [INFO] [PRAZO_API] Abrindo processo id=3914872 numero=1000370-34.2021.5.02.0716
[Prazo.p2b_gateway] [PRAZO_API] Abrindo processo id=3914872 numero=1000370-34.2021.5.02.0716
[09:52:55] [Prazo.p2b_gateway] [INFO] [p2b_api] Data documento: 2026-09-04T17:01:51.526256 -> 2026-09-04T17:01:51.526256+00:00 (Idade: 9 dias úteis)
[Prazo.p2b_gateway] [p2b_api] Data documento: 2026-09-04T17:01:51.526256 -> 2026-09-04T17:01:51.526256+00:00 (Idade: 9 dias úteis)
[09:52:55] [Prazo.p2b_gateway] [INFO] [p2b_api] doc relevante: tipo=Despacho id=485390909 data_extraida=2026-09-04T17:01:51.526256 idade_dias=9
[Prazo.p2b_gateway] [p2b_api] doc relevante: tipo=Despacho id=485390909 data_extraida=2026-09-04T17:01:51.526256 idade_dias=9
[09:52:56] [Prazo.p2b_gateway] [INFO] [p2b_api] texto extraído: 809 chars
[Prazo.p2b_gateway] [p2b_api] texto extraído: 809 chars
[09:52:56] [pjeplus] [INFO] [TEMPO] _processar_regras_gerais._processar_regras_gerais: 0.008s
[pjeplus] [TEMPO] _processar_regras_gerais._processar_regras_gerais: 0.008s
[09:52:56] [Fix.monitoramento_progresso_unificado] [INFO] [PROGRESSO_P2B][1000370-34.2021.5.02.0716] ✅ Processo marcado como executado
[Fix.monitoramento_progresso_unificado] [PROGRESSO_P2B][1000370-34.2021.5.02.0716] ✅ Processo marcado como executado
[09:52:56] [Fix.monitoramento_progresso_unificado] [INFO] [PROGRESSO_P2B]  Progresso salvo com segurança
[Fix.monitoramento_progresso_unificado] [PROGRESSO_P2B]  Progresso salvo com segurança
[09:52:56] [Prazo.p2b_gateway] [INFO] [PRAZO_API] Processo 1000370-34.2021.5.02.0716 processado com sucesso (fluxo_pz)
[Prazo.p2b_gateway] [PRAZO_API] Processo 1000370-34.2021.5.02.0716 processado com sucesso (fluxo_pz)
[09:52:56] [Prazo.p2b_gateway] [INFO] [PRAZO_API] Abrindo processo id=2596214 numero=1000471-81.2019.5.02.0703
[Prazo.p2b_gateway] [PRAZO_API] Abrindo processo id=2596214 numero=1000471-81.2019.5.02.0703
[09:52:58] [Prazo.p2b_gateway] [INFO] [p2b_api] Data documento: 2026-09-04T17:01:51.526262 -> 2026-09-04T17:01:51.526262+00:00 (Idade: 9 dias úteis)
[Prazo.p2b_gateway] [p2b_api] Data documento: 2026-09-04T17:01:51.526262 -> 2026-09-04T17:01:51.526262+00:00 (Idade: 9 dias úteis)
[09:52:58] [Prazo.p2b_gateway] [INFO] [p2b_api] doc relevante: tipo=Despacho id=485309016 data_extraida=2026-09-04T17:01:51.526262 idade_dias=9
[Prazo.p2b_gateway] [p2b_api] doc relevante: tipo=Despacho id=485309016 data_extraida=2026-09-04T17:01:51.526262 idade_dias=9
[09:52:58] [Prazo.p2b_gateway] [INFO] [p2b_api] texto extraído: 1254 chars
[Prazo.p2b_gateway] [p2b_api] texto extraído: 1254 chars
[09:52:58] [Prazo.p2b_documentos] [INFO] [FLUXO_PZ] Regra casou: pattern=abre\-se,[\s\.,;:!\-–—()$]*como[\s\.,;:!\-–—()$]*reiteracao tipo_acao=('criar_gigs[1//xs sob 24]', <function make_ato_wrapper.<locals>.wrapper at 0x0000016855F53420>) snippet==== despacho ===  === vistos, etc. ===  abre-se, como reiteracao, novo prazo para oferta de novos meios 
[Prazo.p2b_documentos] [FLUXO_PZ] Regra casou: pattern=abre\-se,[\s\.,;:!\-–—()$]*como[\s\.,;:!\-–—()$]*reiteracao tipo_acao=('criar_gigs[1//xs sob 24]', <function make_ato_wrapper.<locals>.wrapper at 0x0000016855F53420>) snippet==== despacho ===  === vistos, etc. ===  abre-se, como reiteracao, novo prazo para oferta de novos meios 
[09:53:01] [pjeplus] [INFO] [ATO] START
[pjeplus] [ATO] START
[09:53:01] [atos.judicial_fluxo] [INFO] [ATO][TIMING][INICIO] conclusao_tipo=Suspensão modelo_nome=suspf
[atos.judicial_fluxo] [ATO][TIMING][INICIO] conclusao_tipo=Suspensão modelo_nome=suspf
[09:53:01] [atos.judicial_fluxo] [INFO] [ATO][CLS] Iniciando fluxo CLS: conclusao_tipo=Suspensão
[atos.judicial_fluxo] [ATO][CLS] Iniciando fluxo CLS: conclusao_tipo=Suspensão
[09:53:01] [pjeplus] [INFO] [CLS] START
[pjeplus] [CLS] START
[09:53:01] [atos.judicial_fluxo] [INFO] [CLS][TIMING][INICIO]
[atos.judicial_fluxo] [CLS][TIMING][INICIO]
[09:53:01] [atos.judicial_fluxo] [INFO] FLUXO CLS - INICIANDO
[atos.judicial_fluxo] FLUXO CLS - INICIANDO
[09:53:01] [atos.judicial_fluxo] [INFO] ============================================================
[atos.judicial_fluxo] ============================================================
[09:53:01] [atos.judicial_fluxo] [INFO] [CLS][TIMING][CHECK_ESTADO] 0.000s estado=detalhe
[atos.judicial_fluxo] [CLS][TIMING][CHECK_ESTADO] 0.000s estado=detalhe
[09:53:01] [atos.judicial_fluxo] [INFO] [CLS] Passo 1: Estamos em /detalhe — abrindo tarefa do processo...
[atos.judicial_fluxo] [CLS] Passo 1: Estamos em /detalhe — abrindo tarefa do processo...
[09:53:01] [pjeplus] [INFO] [NAVEGAÇÃO] Abrindo tarefa do processo...
[pjeplus] [NAVEGAÇÃO] Abrindo tarefa do processo...
[09:53:01] [pjeplus] [INFO] [NAVEGAÇÃO] Foco trocado para nova aba
[pjeplus] [NAVEGAÇÃO] Foco trocado para nova aba
[09:53:01] [atos.judicial_fluxo] [INFO] [CLS][TIMING][ABRIR_TAREFA] 0.545s sucesso=True
[atos.judicial_fluxo] [CLS][TIMING][ABRIR_TAREFA] 0.545s sucesso=True
[09:53:01] [atos.judicial_fluxo] [INFO] [CLS] Passo 2: Limpando overlays...
[atos.judicial_fluxo] [CLS] Passo 2: Limpando overlays...
[09:53:02] [atos.judicial_fluxo] [INFO] [CLS][TIMING][LIMPAR_OVERLAYS] 0.031s
[atos.judicial_fluxo] [CLS][TIMING][LIMPAR_OVERLAYS] 0.031s
[09:53:02] [atos.judicial_fluxo] [INFO] [CLS] Passo 3: Navegando para conclusão...
[atos.judicial_fluxo] [CLS] Passo 3: Navegando para conclusão...
[09:53:02] [pjeplus] [INFO] [NAVEGAÇÃO] Navegando para Conclusão ao Magistrado...
[pjeplus] [NAVEGAÇÃO] Navegando para Conclusão ao Magistrado...
[09:53:02] [pjeplus] [INFO] [NAVEGAÇÃO] Nome da Tarefa Detectado: "análise"
[pjeplus] [NAVEGAÇÃO] Nome da Tarefa Detectado: "análise"
[09:53:02] [pjeplus] [INFO] [NAVEGAÇÃO] Conclusão não disponível diretamente, tentando via "Análise"...
[pjeplus] [NAVEGAÇÃO] Conclusão não disponível diretamente, tentando via "Análise"...
[09:53:02] [pjeplus] [INFO] [NAVEGAÇÃO] Tentando via "Análise"...
[pjeplus] [NAVEGAÇÃO] Tentando via "Análise"...
[09:53:02] [pjeplus] [INFO] [NAVEGAÇÃO] Clique em "Análise" realizado
[pjeplus] [NAVEGAÇÃO] Clique em "Análise" realizado
[09:53:02] [pjeplus] [INFO] [NAVEGAÇÃO] Verificando overlays...
[pjeplus] [NAVEGAÇÃO] Verificando overlays...
[09:53:04] [pjeplus] [INFO] [NAVEGAÇÃO] Clique em "Conclusão ao magistrado" realizado após Análise
[pjeplus] [NAVEGAÇÃO] Clique em "Conclusão ao magistrado" realizado após Análise
[09:53:04] [pjeplus] [INFO] [NAVEGAÇÃO] Navegação para conclusão concluída com sucesso
[pjeplus] [NAVEGAÇÃO] Navegação para conclusão concluída com sucesso
[09:53:04] [atos.judicial_fluxo] [INFO] [CLS][TIMING][NAVEGAR_CONCLUSAO] 2.934s
[atos.judicial_fluxo] [CLS][TIMING][NAVEGAR_CONCLUSAO] 2.934s
[09:53:04] [atos.judicial_fluxo] [INFO] [CLS] Passo 4: Escolhendo tipo de conclusão: Suspensão
[atos.judicial_fluxo] [CLS] Passo 4: Escolhendo tipo de conclusão: Suspensão
[09:53:04] [pjeplus] [INFO] [CONCLUSÃO] Escolhendo tipo de conclusão: Suspensão
[pjeplus] [CONCLUSÃO] Escolhendo tipo de conclusão: Suspensão
[09:53:06] [pjeplus] [INFO] [CONCLUSÃO] ✅ Botão de conclusão "Suspensão" clicado com sucesso
[pjeplus] [CONCLUSÃO] ✅ Botão de conclusão "Suspensão" clicado com sucesso
[09:53:06] [atos.judicial_fluxo] [INFO] [CLS][TIMING][ESCOLHER_TIPO] 1.548s tipo=Suspensão
[atos.judicial_fluxo] [CLS][TIMING][ESCOLHER_TIPO] 1.548s tipo=Suspensão
[09:53:06] [atos.judicial_fluxo] [INFO] [CLS] Passo 5: Aguardando transição para minutar...
[atos.judicial_fluxo] [CLS] Passo 5: Aguardando transição para minutar...
[09:53:06] [pjeplus] [INFO] [CONCLUSÃO] Aguardando transição para tela de minutar (DOM Observer)...
[pjeplus] [CONCLUSÃO] Aguardando transição para tela de minutar (DOM Observer)...
[09:53:06] [pjeplus] [INFO] [CONCLUSÃO] Transição detectada via renderização do DOM (pje-arvore-modelo-documento)
[pjeplus] [CONCLUSÃO] Transição detectada via renderização do DOM (pje-arvore-modelo-documento)
[09:53:06] [atos.judicial_fluxo] [INFO] [CLS][TIMING][TRANSICAO_MINUTAR] 0.010s
[atos.judicial_fluxo] [CLS][TIMING][TRANSICAO_MINUTAR] 0.010s
[09:53:06] [atos.judicial_fluxo] [INFO] [CLS] Passo 6: Preparando campo de minutar...
[atos.judicial_fluxo] [CLS] Passo 6: Preparando campo de minutar...
[09:53:06] [pjeplus] [INFO] [NAVEGAÇÃO] Preparando campo de filtro para minutar...
[pjeplus] [NAVEGAÇÃO] Preparando campo de filtro para minutar...
[09:53:11] [pjeplus] [INFO] [NAVEGAÇÃO] Campo de filtro preparado com sucesso
[pjeplus] [NAVEGAÇÃO] Campo de filtro preparado com sucesso
[09:53:11] [atos.judicial_fluxo] [INFO] [CLS][TIMING][PREPARAR_CAMPO] 5.140s
[atos.judicial_fluxo] [CLS][TIMING][PREPARAR_CAMPO] 5.140s
[09:53:11] [atos.judicial_fluxo] [INFO] ============================================================
[atos.judicial_fluxo] ============================================================
[09:53:11] [atos.judicial_fluxo] [INFO] FLUXO CLS - CONCLUÍDO COM SUCESSO
[atos.judicial_fluxo] FLUXO CLS - CONCLUÍDO COM SUCESSO
[09:53:11] [atos.judicial_fluxo] [INFO] ============================================================
[atos.judicial_fluxo] ============================================================
[09:53:11] [pjeplus] [INFO] [CLS] FIM {'status': 'sucesso', 'tempo': '10.210s'}
[pjeplus] [CLS] FIM {'status': 'sucesso', 'tempo': '10.210s'}
[09:53:11] [atos.judicial_fluxo] [INFO] [CLS][TIMING][SUCESSO] 10.210s (fluxo completo)
[atos.judicial_fluxo] [CLS][TIMING][SUCESSO] 10.210s (fluxo completo)
[09:53:11] [pjeplus] [INFO] [TEMPO] fluxo_cls.fluxo_cls: 10.210s
[pjeplus] [TEMPO] fluxo_cls.fluxo_cls: 10.210s
[09:53:11] [atos.judicial_fluxo] [INFO] [ATO][TIMING][FLUXO_CLS] 10.210s
[atos.judicial_fluxo] [ATO][TIMING][FLUXO_CLS] 10.210s
[09:53:11] [atos.judicial_fluxo] [INFO] [ATO][DESCRICAO] Preenchendo descrição: Sobrestamento
[atos.judicial_fluxo] [ATO][DESCRICAO] Preenchendo descrição: Sobrestamento
[09:53:11] [atos.judicial_fluxo] [INFO] [ATO][DESCRICAO]  Descrição preenchida
[atos.judicial_fluxo] [ATO][DESCRICAO]  Descrição preenchida
[09:53:11] [atos.judicial_fluxo] [INFO] [ATO][MODELO] Preenchendo filtro com modelo: suspf
[atos.judicial_fluxo] [ATO][MODELO] Preenchendo filtro com modelo: suspf
[09:53:12] [atos.judicial_fluxo] [INFO] [ATO][MODELO] Modelo "suspf" preenchido via JS e ENTER pressionado no filtro.
[atos.judicial_fluxo] [ATO][MODELO] Modelo "suspf" preenchido via JS e ENTER pressionado no filtro.
[09:53:14] [atos.judicial_fluxo] [INFO] [ATO][MODELO] Clique em nodo-filtrado realizado!
[atos.judicial_fluxo] [ATO][MODELO] Clique em nodo-filtrado realizado!
[09:53:15] [atos.judicial_fluxo] [INFO] [ATO][MODELO] Clique em inserir realizado
[atos.judicial_fluxo] [ATO][MODELO] Clique em inserir realizado
[09:53:15] [atos.judicial_fluxo] [INFO] [ATO][MODELO] Snackbar de inserção detectada — sinal para prosseguir
[atos.judicial_fluxo] [ATO][MODELO] Snackbar de inserção detectada — sinal para prosseguir
[09:53:16] [atos.judicial_fluxo] [INFO] [ATO][MODELO] Modelo inserido (conteúdo confirmado no editor)
[atos.judicial_fluxo] [ATO][MODELO] Modelo inserido (conteúdo confirmado no editor)
[09:53:16] [atos.judicial_fluxo] [INFO] [ATO][SALVAR] Salvando modelo após inserção...
[atos.judicial_fluxo] [ATO][SALVAR] Salvando modelo após inserção...
[09:53:16] [atos.judicial_fluxo] [INFO] [ATO][SALVAR] Clique no botao Salvar realizado
[atos.judicial_fluxo] [ATO][SALVAR] Clique no botao Salvar realizado
[09:53:16] [atos.judicial_fluxo] [INFO] [ATO][SALVAR] Aguardando ativação da aba destinatários...
[atos.judicial_fluxo] [ATO][SALVAR] Aguardando ativação da aba destinatários...
[09:53:17] [atos.judicial_fluxo] [INFO] [ATO][PRAZO] Configurando destinatários/prazos: prazo=0 (apenas_primeiro=False)
[atos.judicial_fluxo] [ATO][PRAZO] Configurando destinatários/prazos: prazo=0 (apenas_primeiro=False)
[09:53:17] [pjeplus] [INFO] [PRAZOS] Preenchendo prazos: 0
[pjeplus] [PRAZOS] Preenchendo prazos: 0
[09:53:17] [pjeplus] [INFO] [PRAZOS] Tabela de destinatários carregada
[pjeplus] [PRAZOS] Tabela de destinatários carregada
[09:53:17] [pjeplus] [INFO] [PRAZOS] Todas as partes selecionadas
[pjeplus] [PRAZOS] Todas as partes selecionadas
[09:53:17] [pjeplus] [INFO] [PRAZOS] Encontrados 4 campos de prazo
[pjeplus] [PRAZOS] Encontrados 4 campos de prazo
[09:53:17] [pjeplus] [INFO] [PRAZOS] Campo 1 preenchido com prazo: 0
[pjeplus] [PRAZOS] Campo 1 preenchido com prazo: 0
[09:53:17] [pjeplus] [INFO] [PRAZOS] Campo 2 preenchido com prazo: 0
[pjeplus] [PRAZOS] Campo 2 preenchido com prazo: 0
[09:53:17] [pjeplus] [INFO] [PRAZOS] Campo 3 preenchido com prazo: 0
[pjeplus] [PRAZOS] Campo 3 preenchido com prazo: 0
[09:53:17] [pjeplus] [INFO] [PRAZOS] Campo 4 preenchido com prazo: 0
[pjeplus] [PRAZOS] Campo 4 preenchido com prazo: 0
[09:53:17] [pjeplus] [INFO] [PRAZOS] Preenchimento de destinatários e prazos concluído
[pjeplus] [PRAZOS] Preenchimento de destinatários e prazos concluído
[09:53:17] [atos.judicial_fluxo] [INFO] [ATO][PRAZO] Destinatários e prazos concluídos com sucesso
[atos.judicial_fluxo] [ATO][PRAZO] Destinatários e prazos concluídos com sucesso
[09:53:17] [atos.judicial_fluxo] [INFO] [ATO][PEC] Parâmetro marcar_pec='nao' (desejado: desmarcar)
[atos.judicial_fluxo] [ATO][PEC] Parâmetro marcar_pec='nao' (desejado: desmarcar)
[09:53:17] [atos.judicial_fluxo] [INFO] [ATO][PEC] Estado inicial: marcado → alterado para: desmarcado
[atos.judicial_fluxo] [ATO][PEC] Estado inicial: marcado → alterado para: desmarcado
[09:53:18] [atos.judicial_fluxo] [INFO] [ATO][GRAVAR] Gravando intimações...
[atos.judicial_fluxo] [ATO][GRAVAR] Gravando intimações...
[09:53:18] [atos.judicial_fluxo] [INFO] [ATO][GRAVAR] Intimações gravadas
[atos.judicial_fluxo] [ATO][GRAVAR] Intimações gravadas
[09:53:18] [atos.judicial_fluxo] [INFO] [ATO][MOVIMENTO] Selecionando movimento: frustrada
[atos.judicial_fluxo] [ATO][MOVIMENTO] Selecionando movimento: frustrada
[09:53:18] [atos.judicial_fluxo] [INFO] [ATO][MOVIMENTO]  Checkbox marcado:   Suspenso o processo por execução frustrada (276)
[atos.judicial_fluxo] [ATO][MOVIMENTO]  Checkbox marcado:   Suspenso o processo por execução frustrada (276)
[09:53:18] [atos.judicial_fluxo] [INFO] [ATO][MOVIMENTO] Gravando movimento...
[atos.judicial_fluxo] [ATO][MOVIMENTO] Gravando movimento...
[09:53:18] [atos.judicial_fluxo] [INFO] [ATO][MOVIMENTO] Confirmando gravação...
[atos.judicial_fluxo] [ATO][MOVIMENTO] Confirmando gravação...
[09:53:18] [atos.judicial_fluxo] [WARNING] [ATO][MOVIMENTO] Sem confirmação de gravação do movimento (snackbar ausente), assumindo sucesso
[atos.judicial_fluxo] [ATO][MOVIMENTO] Sem confirmação de gravação do movimento (snackbar ausente), assumindo sucesso
[09:53:18] [atos.judicial_fluxo] [INFO] [ATO][SALVAR_FINAL] Salvando ato...
[atos.judicial_fluxo] [ATO][SALVAR_FINAL] Salvando ato...
[09:53:18] [atos.judicial_fluxo] [INFO] [ATO][SALVAR_FINAL] Ato salvo
[atos.judicial_fluxo] [ATO][SALVAR_FINAL] Ato salvo
[09:53:18] [atos.judicial_fluxo] [INFO] ============================================================
[atos.judicial_fluxo] ============================================================
[09:53:18] [atos.judicial_fluxo] [INFO] ATO JUDICIAL - CONCLUÍDO COM SUCESSO
[atos.judicial_fluxo] ATO JUDICIAL - CONCLUÍDO COM SUCESSO
[09:53:18] [atos.judicial_fluxo] [INFO] ============================================================
[atos.judicial_fluxo] ============================================================
[09:53:18] [pjeplus] [INFO] [ATO] FIM {'status': 'sucesso', 'sigilo': False, 'tempo': '16.886s'}
[pjeplus] [ATO] FIM {'status': 'sucesso', 'sigilo': False, 'tempo': '16.886s'}
[09:53:18] [atos.judicial_fluxo] [INFO] [ATO][TIMING][SUCESSO] 16.886s (fluxo completo)
[atos.judicial_fluxo] [ATO][TIMING][SUCESSO] 16.886s (fluxo completo)
[09:53:18] [pjeplus] [INFO] [TEMPO] _processar_regras_gerais._processar_regras_gerais: 19.907s
[pjeplus] [TEMPO] _processar_regras_gerais._processar_regras_gerais: 19.907s
[09:53:18] [Fix.monitoramento_progresso_unificado] [INFO] [PROGRESSO_P2B][1000471-81.2019.5.02.0703] ✅ Processo marcado como executado
[Fix.monitoramento_progresso_unificado] [PROGRESSO_P2B][1000471-81.2019.5.02.0703] ✅ Processo marcado como executado
[09:53:18] [Fix.monitoramento_progresso_unificado] [INFO] [PROGRESSO_P2B]  Progresso salvo com segurança
[Fix.monitoramento_progresso_unificado] [PROGRESSO_P2B]  Progresso salvo com segurança
[09:53:18] [Prazo.p2b_gateway] [INFO] [PRAZO_API] Processo 1000471-81.2019.5.02.0703 processado com sucesso (fluxo_pz)
[Prazo.p2b_gateway] [PRAZO_API] Processo 1000471-81.2019.5.02.0703 processado com sucesso (fluxo_pz)
[09:53:18] [Prazo.p2b_gateway] [INFO] [PRAZO_API] Abrindo processo id=8363491 numero=1000390-88.2026.5.02.0703
[Prazo.p2b_gateway] [PRAZO_API] Abrindo processo id=8363491 numero=1000390-88.2026.5.02.0703
[09:53:19] [Prazo.p2b_gateway] [INFO] [p2b_api] Data documento: 2026-09-04T10:19:58.002261 -> 2026-09-04T10:19:58.002261+00:00 (Idade: 9 dias úteis)
[Prazo.p2b_gateway] [p2b_api] Data documento: 2026-09-04T10:19:58.002261 -> 2026-09-04T10:19:58.002261+00:00 (Idade: 9 dias úteis)
[09:53:19] [Prazo.p2b_gateway] [INFO] [p2b_api] doc relevante: tipo=Despacho id=485022175 data_extraida=2026-09-04T10:19:58.002261 idade_dias=9
[Prazo.p2b_gateway] [p2b_api] doc relevante: tipo=Despacho id=485022175 data_extraida=2026-09-04T10:19:58.002261 idade_dias=9
[09:53:19] [Prazo.p2b_gateway] [INFO] [p2b_api] texto extraído: 771 chars
[Prazo.p2b_gateway] [p2b_api] texto extraído: 771 chars
[09:53:19] [pjeplus] [INFO] [TEMPO] _processar_regras_gerais._processar_regras_gerais: 0.007s
[pjeplus] [TEMPO] _processar_regras_gerais._processar_regras_gerais: 0.007s
[09:53:19] [Fix.monitoramento_progresso_unificado] [INFO] [PROGRESSO_P2B][1000390-88.2026.5.02.0703] ✅ Processo marcado como executado
[Fix.monitoramento_progresso_unificado] [PROGRESSO_P2B][1000390-88.2026.5.02.0703] ✅ Processo marcado como executado
[09:53:19] [Fix.monitoramento_progresso_unificado] [INFO] [PROGRESSO_P2B]  Progresso salvo com segurança
[Fix.monitoramento_progresso_unificado] [PROGRESSO_P2B]  Progresso salvo com segurança
[09:53:19] [Prazo.p2b_gateway] [INFO] [PRAZO_API] Processo 1000390-88.2026.5.02.0703 processado com sucesso (fluxo_pz)
[Prazo.p2b_gateway] [PRAZO_API] Processo 1000390-88.2026.5.02.0703 processado com sucesso (fluxo_pz)
[09:53:19] [Prazo.p2b_gateway] [INFO] [PRAZO_API] Abrindo processo id=8184684 numero=1000071-23.2026.5.02.0703
[Prazo.p2b_gateway] [PRAZO_API] Abrindo processo id=8184684 numero=1000071-23.2026.5.02.0703
[09:53:19] [Prazo.p2b_gateway] [INFO] [p2b_api] Data documento: 2026-09-02T11:31:18.185665 -> 2026-09-02T11:31:18.185665+00:00 (Idade: 11 dias úteis)
[Prazo.p2b_gateway] [p2b_api] Data documento: 2026-09-02T11:31:18.185665 -> 2026-09-02T11:31:18.185665+00:00 (Idade: 11 dias úteis)
[09:53:19] [Prazo.p2b_gateway] [INFO] [p2b_api] doc relevante: tipo=Sentença id=482910364 data_extraida=2026-09-02T11:31:18.185665 idade_dias=11
[Prazo.p2b_gateway] [p2b_api] doc relevante: tipo=Sentença id=482910364 data_extraida=2026-09-02T11:31:18.185665 idade_dias=11
[09:53:19] [Prazo.p2b_gateway] [INFO] [p2b_api] texto extraído: 929 chars
[Prazo.p2b_gateway] [p2b_api] texto extraído: 929 chars
[09:53:19] [Prazo.p2b_documentos] [INFO] [FLUXO_PZ] Regra casou: pattern=julgo[\s\.,;:!\-–—()$]*extinta[\s\.,;:!\-–—()$]*a[\s\.,;:!\-–—()$]*presente[\s\.,;:!\-–—()$]*execucao,[\s\.,;:!\-–—()$]*nos[\s\.,;:!\-–—()$]*termos[\s\.,;:!\-–—()$]*do[\s\.,;:!\-–—()$]*art\.[\s\.,;:!\-–—()$]*924 tipo_acao=(<function mov_arquivar at 0x0000016855FA8A40>,) snippet=gralmente cumprido o acordo homologado. julgo extinta a presente execucao, nos termos do art. 924, ii do  === cpc. ===  registrem-se no s
[Prazo.p2b_documentos] [FLUXO_PZ] Regra casou: pattern=julgo[\s\.,;:!\-–—()$]*extinta[\s\.,;:!\-–—()$]*a[\s\.,;:!\-–—()$]*presente[\s\.,;:!\-–—()$]*execucao,[\s\.,;:!\-–—()$]*nos[\s\.,;:!\-–—()$]*termos[\s\.,;:!\-–—()$]*do[\s\.,;:!\-–—()$]*art\.[\s\.,;:!\-–—()$]*924 tipo_acao=(<function mov_arquivar at 0x0000016855FA8A40>,) snippet=gralmente cumprido o acordo homologado. julgo extinta a presente execucao, nos termos do art. 924, ii do  === cpc. ===  registrem-se no s
[09:53:20] [atos.core] [INFO] [API_TAREFA] Tarefa aberta via API com sucesso: processo=8184684 tarefa=500
[atos.core] [API_TAREFA] Tarefa aberta via API com sucesso: processo=8184684 tarefa=500
[09:53:21] [atos.core] [INFO] [MOV_INT] tarefa='Responsável do Processo
Sem Responsável
Tarefa:
Análise' destino='Arquivar o processo'
[atos.core] [MOV_INT] tarefa='Responsável do Processo
Sem Responsável
Tarefa:
Análise' destino='Arquivar o processo'
[09:53:21] [atos.core] [INFO] [MOV_INT] clicando botão destino direto: Arquivar o processo
[atos.core] [MOV_INT] clicando botão destino direto: Arquivar o processo
[09:53:21] [atos.wrappers_mov] [INFO] [MOV_ARQUIVAR] Aguardando carregamento da página após arquivar...
[atos.wrappers_mov] [MOV_ARQUIVAR] Aguardando carregamento da página após arquivar...
[09:53:21] [pjeplus] [INFO] [TEMPO] _processar_regras_gerais._processar_regras_gerais: 1.897s
[pjeplus] [TEMPO] _processar_regras_gerais._processar_regras_gerais: 1.897s
[09:53:21] [Fix.monitoramento_progresso_unificado] [INFO] [PROGRESSO_P2B][1000071-23.2026.5.02.0703] ✅ Processo marcado como executado
[Fix.monitoramento_progresso_unificado] [PROGRESSO_P2B][1000071-23.2026.5.02.0703] ✅ Processo marcado como executado
[09:53:21] [Fix.monitoramento_progresso_unificado] [INFO] [PROGRESSO_P2B]  Progresso salvo com segurança
[Fix.monitoramento_progresso_unificado] [PROGRESSO_P2B]  Progresso salvo com segurança
[09:53:21] [Prazo.p2b_gateway] [INFO] [PRAZO_API] Processo 1000071-23.2026.5.02.0703 processado com sucesso (fluxo_pz)
[Prazo.p2b_gateway] [PRAZO_API] Processo 1000071-23.2026.5.02.0703 processado com sucesso (fluxo_pz)
[09:53:21] [Prazo.p2b_gateway] [INFO] [PRAZO_API] Abrindo processo id=3985239 numero=1000596-78.2021.5.02.0703
[Prazo.p2b_gateway] [PRAZO_API] Abrindo processo id=3985239 numero=1000596-78.2021.5.02.0703
[09:53:55] [Prazo.p2b_gateway] [INFO] [p2b_api] Data documento: 2026-09-04T10:19:58.002268 -> 2026-09-04T10:19:58.002268+00:00 (Idade: 9 dias úteis)
[Prazo.p2b_gateway] [p2b_api] Data documento: 2026-09-04T10:19:58.002268 -> 2026-09-04T10:19:58.002268+00:00 (Idade: 9 dias úteis)
[09:53:55] [Prazo.p2b_gateway] [INFO] [p2b_api] doc relevante: tipo=Despacho id=484756792 data_extraida=2026-09-04T10:19:58.002268 idade_dias=9
[Prazo.p2b_gateway] [p2b_api] doc relevante: tipo=Despacho id=484756792 data_extraida=2026-09-04T10:19:58.002268 idade_dias=9
[09:53:55] [Prazo.p2b_gateway] [INFO] [p2b_api] texto extraído: 1277 chars
[Prazo.p2b_gateway] [p2b_api] texto extraído: 1277 chars
[09:53:55] [Prazo.p2b_documentos] [INFO] [FLUXO_PZ] Regra casou: pattern=abre\-se,[\s\.,;:!\-–—()$]*como[\s\.,;:!\-–—()$]*reiteracao tipo_acao=('criar_gigs[1//xs sob 24]', <function make_ato_wrapper.<locals>.wrapper at 0x0000016855F53420>) snippet==== despacho ===  === vistos, etc. ===  abre-se, como reiteracao, novo prazo para oferta de novos meios 
[Prazo.p2b_documentos] [FLUXO_PZ] Regra casou: pattern=abre\-se,[\s\.,;:!\-–—()$]*como[\s\.,;:!\-–—()$]*reiteracao tipo_acao=('criar_gigs[1//xs sob 24]', <function make_ato_wrapper.<locals>.wrapper at 0x0000016855F53420>) snippet==== despacho ===  === vistos, etc. ===  abre-se, como reiteracao, novo prazo para oferta de novos meios 
[09:53:56] [pjeplus] [INFO] [ATO] START
[pjeplus] [ATO] START
[09:53:56] [atos.judicial_fluxo] [INFO] [ATO][TIMING][INICIO] conclusao_tipo=Suspensão modelo_nome=suspf
[atos.judicial_fluxo] [ATO][TIMING][INICIO] conclusao_tipo=Suspensão modelo_nome=suspf
[09:53:56] [atos.judicial_fluxo] [INFO] [ATO][CLS] Iniciando fluxo CLS: conclusao_tipo=Suspensão
[atos.judicial_fluxo] [ATO][CLS] Iniciando fluxo CLS: conclusao_tipo=Suspensão
[09:53:56] [pjeplus] [INFO] [CLS] START
[pjeplus] [CLS] START
[09:53:56] [atos.judicial_fluxo] [INFO] [CLS][TIMING][INICIO]
[atos.judicial_fluxo] [CLS][TIMING][INICIO]
[09:53:56] [atos.judicial_fluxo] [INFO] FLUXO CLS - INICIANDO
[atos.judicial_fluxo] FLUXO CLS - INICIANDO
[09:53:56] [atos.judicial_fluxo] [INFO] ============================================================
[atos.judicial_fluxo] ============================================================
[09:53:56] [atos.judicial_fluxo] [INFO] [CLS][TIMING][CHECK_ESTADO] 0.000s estado=detalhe
[atos.judicial_fluxo] [CLS][TIMING][CHECK_ESTADO] 0.000s estado=detalhe
[09:53:56] [atos.judicial_fluxo] [INFO] [CLS] Passo 1: Estamos em /detalhe — abrindo tarefa do processo...
[atos.judicial_fluxo] [CLS] Passo 1: Estamos em /detalhe — abrindo tarefa do processo...
[09:53:56] [pjeplus] [INFO] [NAVEGAÇÃO] Abrindo tarefa do processo...
[pjeplus] [NAVEGAÇÃO] Abrindo tarefa do processo...
[09:53:56] [pjeplus] [INFO] [NAVEGAÇÃO] Foco trocado para nova aba
[pjeplus] [NAVEGAÇÃO] Foco trocado para nova aba
[09:53:57] [atos.judicial_fluxo] [INFO] [CLS][TIMING][ABRIR_TAREFA] 0.445s sucesso=True
[atos.judicial_fluxo] [CLS][TIMING][ABRIR_TAREFA] 0.445s sucesso=True
[09:53:57] [atos.judicial_fluxo] [INFO] [CLS] Passo 2: Limpando overlays...
[atos.judicial_fluxo] [CLS] Passo 2: Limpando overlays...
[09:53:57] [atos.judicial_fluxo] [INFO] [CLS][TIMING][LIMPAR_OVERLAYS] 0.025s
[atos.judicial_fluxo] [CLS][TIMING][LIMPAR_OVERLAYS] 0.025s
[09:53:57] [atos.judicial_fluxo] [INFO] [CLS] Passo 3: Navegando para conclusão...
[atos.judicial_fluxo] [CLS] Passo 3: Navegando para conclusão...
[09:53:57] [pjeplus] [INFO] [NAVEGAÇÃO] Navegando para Conclusão ao Magistrado...
[pjeplus] [NAVEGAÇÃO] Navegando para Conclusão ao Magistrado...
[09:53:57] [pjeplus] [INFO] [NAVEGAÇÃO] Nome da Tarefa Detectado: "análise"
[pjeplus] [NAVEGAÇÃO] Nome da Tarefa Detectado: "análise"
[09:53:58] [pjeplus] [INFO] [NAVEGAÇÃO] Conclusão não disponível diretamente, tentando via "Análise"...
[pjeplus] [NAVEGAÇÃO] Conclusão não disponível diretamente, tentando via "Análise"...
[09:53:58] [pjeplus] [INFO] [NAVEGAÇÃO] Tentando via "Análise"...
[pjeplus] [NAVEGAÇÃO] Tentando via "Análise"...
[09:53:58] [pjeplus] [INFO] [NAVEGAÇÃO] Clique em "Análise" realizado
[pjeplus] [NAVEGAÇÃO] Clique em "Análise" realizado
[09:53:58] [pjeplus] [INFO] [NAVEGAÇÃO] Verificando overlays...
[pjeplus] [NAVEGAÇÃO] Verificando overlays...
[09:53:59] [pjeplus] [INFO] [NAVEGAÇÃO] Clique em "Conclusão ao magistrado" realizado após Análise
[pjeplus] [NAVEGAÇÃO] Clique em "Conclusão ao magistrado" realizado após Análise
[09:53:59] [pjeplus] [INFO] [NAVEGAÇÃO] Navegação para conclusão concluída com sucesso
[pjeplus] [NAVEGAÇÃO] Navegação para conclusão concluída com sucesso
[09:53:59] [atos.judicial_fluxo] [INFO] [CLS][TIMING][NAVEGAR_CONCLUSAO] 2.478s
[atos.judicial_fluxo] [CLS][TIMING][NAVEGAR_CONCLUSAO] 2.478s
[09:53:59] [atos.judicial_fluxo] [INFO] [CLS] Passo 4: Escolhendo tipo de conclusão: Suspensão
[atos.judicial_fluxo] [CLS] Passo 4: Escolhendo tipo de conclusão: Suspensão
[09:53:59] [pjeplus] [INFO] [CONCLUSÃO] Escolhendo tipo de conclusão: Suspensão
[pjeplus] [CONCLUSÃO] Escolhendo tipo de conclusão: Suspensão
[09:54:01] [pjeplus] [INFO] [CONCLUSÃO] ✅ Botão de conclusão "Suspensão" clicado com sucesso
[pjeplus] [CONCLUSÃO] ✅ Botão de conclusão "Suspensão" clicado com sucesso
[09:54:01] [atos.judicial_fluxo] [INFO] [CLS][TIMING][ESCOLHER_TIPO] 1.533s tipo=Suspensão
[atos.judicial_fluxo] [CLS][TIMING][ESCOLHER_TIPO] 1.533s tipo=Suspensão
[09:54:01] [atos.judicial_fluxo] [INFO] [CLS] Passo 5: Aguardando transição para minutar...
[atos.judicial_fluxo] [CLS] Passo 5: Aguardando transição para minutar...
[09:54:01] [pjeplus] [INFO] [CONCLUSÃO] Aguardando transição para tela de minutar (DOM Observer)...
[pjeplus] [CONCLUSÃO] Aguardando transição para tela de minutar (DOM Observer)...
[09:54:01] [pjeplus] [INFO] [CONCLUSÃO] Transição detectada via renderização do DOM (pje-arvore-modelo-documento)
[pjeplus] [CONCLUSÃO] Transição detectada via renderização do DOM (pje-arvore-modelo-documento)
[09:54:01] [atos.judicial_fluxo] [INFO] [CLS][TIMING][TRANSICAO_MINUTAR] 0.003s
[atos.judicial_fluxo] [CLS][TIMING][TRANSICAO_MINUTAR] 0.003s
[09:54:01] [atos.judicial_fluxo] [INFO] [CLS] Passo 6: Preparando campo de minutar...
[atos.judicial_fluxo] [CLS] Passo 6: Preparando campo de minutar...
[09:54:01] [pjeplus] [INFO] [NAVEGAÇÃO] Preparando campo de filtro para minutar...
[pjeplus] [NAVEGAÇÃO] Preparando campo de filtro para minutar...
[09:54:06] [pjeplus] [INFO] [NAVEGAÇÃO] Campo de filtro preparado com sucesso
[pjeplus] [NAVEGAÇÃO] Campo de filtro preparado com sucesso
[09:54:06] [atos.judicial_fluxo] [INFO] [CLS][TIMING][PREPARAR_CAMPO] 4.937s
[atos.judicial_fluxo] [CLS][TIMING][PREPARAR_CAMPO] 4.937s
[09:54:06] [atos.judicial_fluxo] [INFO] ============================================================
[atos.judicial_fluxo] ============================================================
[09:54:06] [atos.judicial_fluxo] [INFO] FLUXO CLS - CONCLUÍDO COM SUCESSO
[atos.judicial_fluxo] FLUXO CLS - CONCLUÍDO COM SUCESSO
[09:54:06] [atos.judicial_fluxo] [INFO] ============================================================
[atos.judicial_fluxo] ============================================================
[09:54:06] [pjeplus] [INFO] [CLS] FIM {'status': 'sucesso', 'tempo': '9.423s'}
[pjeplus] [CLS] FIM {'status': 'sucesso', 'tempo': '9.423s'}
[09:54:06] [atos.judicial_fluxo] [INFO] [CLS][TIMING][SUCESSO] 9.423s (fluxo completo)
[atos.judicial_fluxo] [CLS][TIMING][SUCESSO] 9.423s (fluxo completo)
[09:54:06] [pjeplus] [INFO] [TEMPO] fluxo_cls.fluxo_cls: 9.423s
[pjeplus] [TEMPO] fluxo_cls.fluxo_cls: 9.423s
[09:54:06] [atos.judicial_fluxo] [INFO] [ATO][TIMING][FLUXO_CLS] 9.423s
[atos.judicial_fluxo] [ATO][TIMING][FLUXO_CLS] 9.423s
[09:54:06] [atos.judicial_fluxo] [INFO] [ATO][DESCRICAO] Preenchendo descrição: Sobrestamento
[atos.judicial_fluxo] [ATO][DESCRICAO] Preenchendo descrição: Sobrestamento
[09:54:06] [atos.judicial_fluxo] [INFO] [ATO][DESCRICAO]  Descrição preenchida
[atos.judicial_fluxo] [ATO][DESCRICAO]  Descrição preenchida
[09:54:06] [atos.judicial_fluxo] [INFO] [ATO][MODELO] Preenchendo filtro com modelo: suspf
[atos.judicial_fluxo] [ATO][MODELO] Preenchendo filtro com modelo: suspf
[09:54:06] [atos.judicial_fluxo] [INFO] [ATO][MODELO] Modelo "suspf" preenchido via JS e ENTER pressionado no filtro.
[atos.judicial_fluxo] [ATO][MODELO] Modelo "suspf" preenchido via JS e ENTER pressionado no filtro.
[09:54:08] [atos.judicial_fluxo] [INFO] [ATO][MODELO] Clique em nodo-filtrado realizado!
[atos.judicial_fluxo] [ATO][MODELO] Clique em nodo-filtrado realizado!
[09:54:09] [atos.judicial_fluxo] [INFO] [ATO][MODELO] Clique em inserir realizado
[atos.judicial_fluxo] [ATO][MODELO] Clique em inserir realizado
[09:54:09] [atos.judicial_fluxo] [INFO] [ATO][MODELO] Snackbar de inserção detectada — sinal para prosseguir
[atos.judicial_fluxo] [ATO][MODELO] Snackbar de inserção detectada — sinal para prosseguir
[09:54:10] [atos.judicial_fluxo] [INFO] [ATO][MODELO] Modelo inserido (conteúdo confirmado no editor)
[atos.judicial_fluxo] [ATO][MODELO] Modelo inserido (conteúdo confirmado no editor)
[09:54:10] [atos.judicial_fluxo] [INFO] [ATO][SALVAR] Salvando modelo após inserção...
[atos.judicial_fluxo] [ATO][SALVAR] Salvando modelo após inserção...
[09:54:10] [atos.judicial_fluxo] [INFO] [ATO][SALVAR] Clique no botao Salvar realizado
[atos.judicial_fluxo] [ATO][SALVAR] Clique no botao Salvar realizado
[09:54:10] [atos.judicial_fluxo] [INFO] [ATO][SALVAR] Aguardando ativação da aba destinatários...
[atos.judicial_fluxo] [ATO][SALVAR] Aguardando ativação da aba destinatários...
[09:54:12] [atos.judicial_fluxo] [INFO] [ATO][PRAZO] Configurando destinatários/prazos: prazo=0 (apenas_primeiro=False)
[atos.judicial_fluxo] [ATO][PRAZO] Configurando destinatários/prazos: prazo=0 (apenas_primeiro=False)
[09:54:12] [pjeplus] [INFO] [PRAZOS] Preenchendo prazos: 0
[pjeplus] [PRAZOS] Preenchendo prazos: 0
[09:54:12] [pjeplus] [INFO] [PRAZOS] Tabela de destinatários carregada
[pjeplus] [PRAZOS] Tabela de destinatários carregada
[09:54:12] [pjeplus] [INFO] [PRAZOS] Todas as partes selecionadas
[pjeplus] [PRAZOS] Todas as partes selecionadas
[09:54:12] [pjeplus] [INFO] [PRAZOS] Encontrados 3 campos de prazo
[pjeplus] [PRAZOS] Encontrados 3 campos de prazo
[09:54:12] [pjeplus] [INFO] [PRAZOS] Campo 1 preenchido com prazo: 0
[pjeplus] [PRAZOS] Campo 1 preenchido com prazo: 0
[09:54:12] [pjeplus] [INFO] [PRAZOS] Campo 2 preenchido com prazo: 0
[pjeplus] [PRAZOS] Campo 2 preenchido com prazo: 0
[09:54:12] [pjeplus] [INFO] [PRAZOS] Campo 3 preenchido com prazo: 0
[pjeplus] [PRAZOS] Campo 3 preenchido com prazo: 0
[09:54:12] [pjeplus] [INFO] [PRAZOS] Preenchimento de destinatários e prazos concluído
[pjeplus] [PRAZOS] Preenchimento de destinatários e prazos concluído
[09:54:12] [atos.judicial_fluxo] [INFO] [ATO][PRAZO] Destinatários e prazos concluídos com sucesso
[atos.judicial_fluxo] [ATO][PRAZO] Destinatários e prazos concluídos com sucesso
[09:54:12] [atos.judicial_fluxo] [INFO] [ATO][PEC] Parâmetro marcar_pec='nao' (desejado: desmarcar)
[atos.judicial_fluxo] [ATO][PEC] Parâmetro marcar_pec='nao' (desejado: desmarcar)
[09:54:12] [atos.judicial_fluxo] [INFO] [ATO][PEC] Estado inicial: marcado → alterado para: desmarcado
[atos.judicial_fluxo] [ATO][PEC] Estado inicial: marcado → alterado para: desmarcado
[09:54:12] [atos.judicial_fluxo] [INFO] [ATO][GRAVAR] Gravando intimações...
[atos.judicial_fluxo] [ATO][GRAVAR] Gravando intimações...
[09:54:12] [atos.judicial_fluxo] [INFO] [ATO][GRAVAR] Intimações gravadas
[atos.judicial_fluxo] [ATO][GRAVAR] Intimações gravadas
[09:54:12] [atos.judicial_fluxo] [INFO] [ATO][MOVIMENTO] Selecionando movimento: frustrada
[atos.judicial_fluxo] [ATO][MOVIMENTO] Selecionando movimento: frustrada
[09:54:12] [atos.judicial_fluxo] [INFO] [ATO][MOVIMENTO]  Checkbox marcado:   Suspenso o processo por execução frustrada (276)
[atos.judicial_fluxo] [ATO][MOVIMENTO]  Checkbox marcado:   Suspenso o processo por execução frustrada (276)
[09:54:12] [atos.judicial_fluxo] [INFO] [ATO][MOVIMENTO] Gravando movimento...
[atos.judicial_fluxo] [ATO][MOVIMENTO] Gravando movimento...
[09:54:12] [atos.judicial_fluxo] [INFO] [ATO][MOVIMENTO] Confirmando gravação...
[atos.judicial_fluxo] [ATO][MOVIMENTO] Confirmando gravação...
[09:54:13] [atos.judicial_fluxo] [INFO] [ATO][MOVIMENTO] Movimento gravado (snackbar de sucesso)
[atos.judicial_fluxo] [ATO][MOVIMENTO] Movimento gravado (snackbar de sucesso)
[09:54:13] [atos.judicial_fluxo] [INFO] [ATO][SALVAR_FINAL] Salvando ato...
[atos.judicial_fluxo] [ATO][SALVAR_FINAL] Salvando ato...
[09:54:13] [atos.judicial_fluxo] [INFO] [ATO][SALVAR_FINAL] Ato salvo
[atos.judicial_fluxo] [ATO][SALVAR_FINAL] Ato salvo
[09:54:13] [atos.judicial_fluxo] [INFO] ============================================================
[atos.judicial_fluxo] ============================================================
[09:54:13] [atos.judicial_fluxo] [INFO] ATO JUDICIAL - CONCLUÍDO COM SUCESSO
[atos.judicial_fluxo] ATO JUDICIAL - CONCLUÍDO COM SUCESSO
[09:54:13] [atos.judicial_fluxo] [INFO] ============================================================
[atos.judicial_fluxo] ============================================================
[09:54:13] [pjeplus] [INFO] [ATO] FIM {'status': 'sucesso', 'sigilo': False, 'tempo': '16.663s'}
[pjeplus] [ATO] FIM {'status': 'sucesso', 'sigilo': False, 'tempo': '16.663s'}
[09:54:13] [atos.judicial_fluxo] [INFO] [ATO][TIMING][SUCESSO] 16.663s (fluxo completo)
[atos.judicial_fluxo] [ATO][TIMING][SUCESSO] 16.663s (fluxo completo)
[09:54:13] [pjeplus] [INFO] [TEMPO] _processar_regras_gerais._processar_regras_gerais: 17.483s
[pjeplus] [TEMPO] _processar_regras_gerais._processar_regras_gerais: 17.483s
[09:54:13] [Fix.monitoramento_progresso_unificado] [INFO] [PROGRESSO_P2B][1000596-78.2021.5.02.0703] ✅ Processo marcado como executado
[Fix.monitoramento_progresso_unificado] [PROGRESSO_P2B][1000596-78.2021.5.02.0703] ✅ Processo marcado como executado
[09:54:13] [Fix.monitoramento_progresso_unificado] [INFO] [PROGRESSO_P2B]  Progresso salvo com segurança
[Fix.monitoramento_progresso_unificado] [PROGRESSO_P2B]  Progresso salvo com segurança
[09:54:13] [Prazo.p2b_gateway] [INFO] [PRAZO_API] Processo 1000596-78.2021.5.02.0703 processado com sucesso (fluxo_pz)
[Prazo.p2b_gateway] [PRAZO_API] Processo 1000596-78.2021.5.02.0703 processado com sucesso (fluxo_pz)
[09:54:13] [Prazo.p2b_gateway] [INFO] [PRAZO_API] Abrindo processo id=7869696 numero=1001987-29.2025.5.02.0703
[Prazo.p2b_gateway] [PRAZO_API] Abrindo processo id=7869696 numero=1001987-29.2025.5.02.0703
[09:54:14] [Prazo.p2b_gateway] [INFO] [p2b_api] Data documento: 2026-09-08T09:00:42.094193 -> 2026-09-08T09:00:42.094193+00:00 (Idade: 8 dias úteis)
[Prazo.p2b_gateway] [p2b_api] Data documento: 2026-09-08T09:00:42.094193 -> 2026-09-08T09:00:42.094193+00:00 (Idade: 8 dias úteis)
[09:54:14] [Prazo.p2b_gateway] [INFO] [p2b_api] doc relevante: tipo=Decisão id=485615523 data_extraida=2026-09-08T09:00:42.094193 idade_dias=8
[Prazo.p2b_gateway] [p2b_api] doc relevante: tipo=Decisão id=485615523 data_extraida=2026-09-08T09:00:42.094193 idade_dias=8
[09:54:14] [Prazo.p2b_gateway] [INFO] [p2b_api] texto extraído: 1829 chars
[Prazo.p2b_gateway] [p2b_api] texto extraído: 1829 chars
[09:54:14] [Prazo.p2b_documentos] [INFO] [FLUXO_PZ] Regra casou: pattern=05[\s\.,;:!\-–—()$]*dias[\s\.,;:!\-–—()$]*para[\s\.,;:!\-–—()$]*oferta tipo_acao=(<function make_ato_wrapper.<locals>.wrapper at 0x0000016855F52480>,) snippet=dados protegidos por sigilo. concede-se 05 dias para oferta de novos meios de execucao nao diligenc
[Prazo.p2b_documentos] [FLUXO_PZ] Regra casou: pattern=05[\s\.,;:!\-–—()$]*dias[\s\.,;:!\-–—()$]*para[\s\.,;:!\-–—()$]*oferta tipo_acao=(<function make_ato_wrapper.<locals>.wrapper at 0x0000016855F52480>,) snippet=dados protegidos por sigilo. concede-se 05 dias para oferta de novos meios de execucao nao diligenc
[09:54:14] [pjeplus] [INFO] [ATO] START
[pjeplus] [ATO] START
[09:54:14] [atos.judicial_fluxo] [INFO] [ATO][TIMING][INICIO] conclusao_tipo=Despacho modelo_nome=reiterame
[atos.judicial_fluxo] [ATO][TIMING][INICIO] conclusao_tipo=Despacho modelo_nome=reiterame
[09:54:14] [atos.judicial_fluxo] [INFO] [ATO][CLS] Iniciando fluxo CLS: conclusao_tipo=Despacho
[atos.judicial_fluxo] [ATO][CLS] Iniciando fluxo CLS: conclusao_tipo=Despacho
[09:54:14] [pjeplus] [INFO] [CLS] START
[pjeplus] [CLS] START
[09:54:14] [atos.judicial_fluxo] [INFO] [CLS][TIMING][INICIO]
[atos.judicial_fluxo] [CLS][TIMING][INICIO]
[09:54:14] [atos.judicial_fluxo] [INFO] FLUXO CLS - INICIANDO
[atos.judicial_fluxo] FLUXO CLS - INICIANDO
[09:54:14] [atos.judicial_fluxo] [INFO] ============================================================
[atos.judicial_fluxo] ============================================================
[09:54:14] [atos.judicial_fluxo] [INFO] [CLS][TIMING][CHECK_ESTADO] 0.000s estado=detalhe
[atos.judicial_fluxo] [CLS][TIMING][CHECK_ESTADO] 0.000s estado=detalhe
[09:54:14] [atos.judicial_fluxo] [INFO] [CLS] Passo 1: Estamos em /detalhe — abrindo tarefa do processo...
[atos.judicial_fluxo] [CLS] Passo 1: Estamos em /detalhe — abrindo tarefa do processo...
[09:54:14] [pjeplus] [INFO] [NAVEGAÇÃO] Abrindo tarefa do processo...
[pjeplus] [NAVEGAÇÃO] Abrindo tarefa do processo...
[09:54:14] [pjeplus] [INFO] [NAVEGAÇÃO] Foco trocado para nova aba
[pjeplus] [NAVEGAÇÃO] Foco trocado para nova aba
[09:54:14] [atos.judicial_fluxo] [INFO] [CLS][TIMING][ABRIR_TAREFA] 0.721s sucesso=True
[atos.judicial_fluxo] [CLS][TIMING][ABRIR_TAREFA] 0.721s sucesso=True
[09:54:14] [atos.judicial_fluxo] [INFO] [CLS] Passo 2: Limpando overlays...
[atos.judicial_fluxo] [CLS] Passo 2: Limpando overlays...
[09:54:14] [atos.judicial_fluxo] [INFO] [CLS][TIMING][LIMPAR_OVERLAYS] 0.033s
[atos.judicial_fluxo] [CLS][TIMING][LIMPAR_OVERLAYS] 0.033s
[09:54:14] [atos.judicial_fluxo] [INFO] [CLS] Passo 3: Navegando para conclusão...
[atos.judicial_fluxo] [CLS] Passo 3: Navegando para conclusão...
[09:54:14] [pjeplus] [INFO] [NAVEGAÇÃO] Navegando para Conclusão ao Magistrado...
[pjeplus] [NAVEGAÇÃO] Navegando para Conclusão ao Magistrado...
[09:54:14] [pjeplus] [INFO] [NAVEGAÇÃO] Nome da Tarefa Detectado: "análise"
[pjeplus] [NAVEGAÇÃO] Nome da Tarefa Detectado: "análise"
[09:54:15] [pjeplus] [INFO] [NAVEGAÇÃO] Conclusão não disponível diretamente, tentando via "Análise"...
[pjeplus] [NAVEGAÇÃO] Conclusão não disponível diretamente, tentando via "Análise"...
[09:54:15] [pjeplus] [INFO] [NAVEGAÇÃO] Tentando via "Análise"...
[pjeplus] [NAVEGAÇÃO] Tentando via "Análise"...
[09:54:15] [pjeplus] [INFO] [NAVEGAÇÃO] Clique em "Análise" realizado
[pjeplus] [NAVEGAÇÃO] Clique em "Análise" realizado
[09:54:15] [pjeplus] [INFO] [NAVEGAÇÃO] Verificando overlays...
[pjeplus] [NAVEGAÇÃO] Verificando overlays...
[09:54:17] [pjeplus] [INFO] [NAVEGAÇÃO] Clique em "Conclusão ao magistrado" realizado após Análise
[pjeplus] [NAVEGAÇÃO] Clique em "Conclusão ao magistrado" realizado após Análise
[09:54:17] [pjeplus] [INFO] [NAVEGAÇÃO] Navegação para conclusão concluída com sucesso
[pjeplus] [NAVEGAÇÃO] Navegação para conclusão concluída com sucesso
[09:54:17] [atos.judicial_fluxo] [INFO] [CLS][TIMING][NAVEGAR_CONCLUSAO] 2.927s
[atos.judicial_fluxo] [CLS][TIMING][NAVEGAR_CONCLUSAO] 2.927s
[09:54:17] [atos.judicial_fluxo] [INFO] [CLS] Passo 4: Escolhendo tipo de conclusão: Despacho
[atos.judicial_fluxo] [CLS] Passo 4: Escolhendo tipo de conclusão: Despacho
[09:54:17] [pjeplus] [INFO] [CONCLUSÃO] Escolhendo tipo de conclusão: Despacho
[pjeplus] [CONCLUSÃO] Escolhendo tipo de conclusão: Despacho
[09:54:19] [pjeplus] [INFO] [CONCLUSÃO] ✅ Botão de conclusão "Despacho" clicado com sucesso
[pjeplus] [CONCLUSÃO] ✅ Botão de conclusão "Despacho" clicado com sucesso
[09:54:19] [atos.judicial_fluxo] [INFO] [CLS][TIMING][ESCOLHER_TIPO] 1.542s tipo=Despacho
[atos.judicial_fluxo] [CLS][TIMING][ESCOLHER_TIPO] 1.542s tipo=Despacho
[09:54:19] [atos.judicial_fluxo] [INFO] [CLS] Passo 5: Aguardando transição para minutar...
[atos.judicial_fluxo] [CLS] Passo 5: Aguardando transição para minutar...
[09:54:19] [pjeplus] [INFO] [CONCLUSÃO] Aguardando transição para tela de minutar (DOM Observer)...
[pjeplus] [CONCLUSÃO] Aguardando transição para tela de minutar (DOM Observer)...
[09:54:19] [pjeplus] [INFO] [CONCLUSÃO] Transição detectada via renderização do DOM (pje-arvore-modelo-documento)
[pjeplus] [CONCLUSÃO] Transição detectada via renderização do DOM (pje-arvore-modelo-documento)
[09:54:19] [atos.judicial_fluxo] [INFO] [CLS][TIMING][TRANSICAO_MINUTAR] 0.003s
[atos.judicial_fluxo] [CLS][TIMING][TRANSICAO_MINUTAR] 0.003s
[09:54:19] [atos.judicial_fluxo] [INFO] [CLS] Passo 6: Preparando campo de minutar...
[atos.judicial_fluxo] [CLS] Passo 6: Preparando campo de minutar...
[09:54:19] [pjeplus] [INFO] [NAVEGAÇÃO] Preparando campo de filtro para minutar...
[pjeplus] [NAVEGAÇÃO] Preparando campo de filtro para minutar...
[09:54:24] [pjeplus] [INFO] [NAVEGAÇÃO] Campo de filtro preparado com sucesso
[pjeplus] [NAVEGAÇÃO] Campo de filtro preparado com sucesso
[09:54:24] [atos.judicial_fluxo] [INFO] [CLS][TIMING][PREPARAR_CAMPO] 5.131s
[atos.judicial_fluxo] [CLS][TIMING][PREPARAR_CAMPO] 5.131s
[09:54:24] [atos.judicial_fluxo] [INFO] ============================================================
[atos.judicial_fluxo] ============================================================
[09:54:24] [atos.judicial_fluxo] [INFO] FLUXO CLS - CONCLUÍDO COM SUCESSO
[atos.judicial_fluxo] FLUXO CLS - CONCLUÍDO COM SUCESSO
[09:54:24] [atos.judicial_fluxo] [INFO] ============================================================
[atos.judicial_fluxo] ============================================================
[09:54:24] [pjeplus] [INFO] [CLS] FIM {'status': 'sucesso', 'tempo': '10.359s'}
[pjeplus] [CLS] FIM {'status': 'sucesso', 'tempo': '10.359s'}
[09:54:24] [atos.judicial_fluxo] [INFO] [CLS][TIMING][SUCESSO] 10.359s (fluxo completo)
[atos.judicial_fluxo] [CLS][TIMING][SUCESSO] 10.359s (fluxo completo)
[09:54:24] [pjeplus] [INFO] [TEMPO] fluxo_cls.fluxo_cls: 10.360s
[pjeplus] [TEMPO] fluxo_cls.fluxo_cls: 10.360s
[09:54:24] [atos.judicial_fluxo] [INFO] [ATO][TIMING][FLUXO_CLS] 10.360s
[atos.judicial_fluxo] [ATO][TIMING][FLUXO_CLS] 10.360s
[09:54:24] [atos.judicial_fluxo] [INFO] [ATO][DESCRICAO] Preenchendo descrição: reiteração de indicação de meios
[atos.judicial_fluxo] [ATO][DESCRICAO] Preenchendo descrição: reiteração de indicação de meios
[09:54:24] [atos.judicial_fluxo] [INFO] [ATO][DESCRICAO]  Descrição preenchida
[atos.judicial_fluxo] [ATO][DESCRICAO]  Descrição preenchida
[09:54:24] [atos.judicial_fluxo] [INFO] [ATO][MODELO] Preenchendo filtro com modelo: reiterame
[atos.judicial_fluxo] [ATO][MODELO] Preenchendo filtro com modelo: reiterame
[09:54:25] [atos.judicial_fluxo] [INFO] [ATO][MODELO] Modelo "reiterame" preenchido via JS e ENTER pressionado no filtro.
[atos.judicial_fluxo] [ATO][MODELO] Modelo "reiterame" preenchido via JS e ENTER pressionado no filtro.
[09:54:27] [atos.judicial_fluxo] [INFO] [ATO][MODELO] Clique em nodo-filtrado realizado!
[atos.judicial_fluxo] [ATO][MODELO] Clique em nodo-filtrado realizado!
[09:54:28] [atos.judicial_fluxo] [INFO] [ATO][MODELO] Clique em inserir realizado
[atos.judicial_fluxo] [ATO][MODELO] Clique em inserir realizado
[09:54:28] [atos.judicial_fluxo] [INFO] [ATO][MODELO] Snackbar de inserção detectada — sinal para prosseguir
[atos.judicial_fluxo] [ATO][MODELO] Snackbar de inserção detectada — sinal para prosseguir
[09:54:29] [atos.judicial_fluxo] [INFO] [ATO][MODELO] Modelo inserido (conteúdo confirmado no editor)
[atos.judicial_fluxo] [ATO][MODELO] Modelo inserido (conteúdo confirmado no editor)
[09:54:29] [atos.judicial_fluxo] [INFO] [ATO][SALVAR] Salvando modelo após inserção...
[atos.judicial_fluxo] [ATO][SALVAR] Salvando modelo após inserção...
[09:54:29] [atos.judicial_fluxo] [INFO] [ATO][SALVAR] Clique no botao Salvar realizado
[atos.judicial_fluxo] [ATO][SALVAR] Clique no botao Salvar realizado
[09:54:29] [atos.judicial_fluxo] [INFO] [ATO][SALVAR] Aguardando ativação da aba destinatários...
[atos.judicial_fluxo] [ATO][SALVAR] Aguardando ativação da aba destinatários...
[09:54:29] [atos.judicial_fluxo] [INFO] [ATO][PRAZO] Configurando destinatários/prazos: prazo=5 (apenas_primeiro=True)
[atos.judicial_fluxo] [ATO][PRAZO] Configurando destinatários/prazos: prazo=5 (apenas_primeiro=True)
[09:54:29] [pjeplus] [INFO] [PRAZOS] Preenchendo prazos: 5
[pjeplus] [PRAZOS] Preenchendo prazos: 5
[09:54:29] [pjeplus] [INFO] [PRAZOS] Tabela de destinatários carregada
[pjeplus] [PRAZOS] Tabela de destinatários carregada
[09:54:30] [pjeplus] [INFO] [PRAZOS] Clicando no botão #selecionar-polo-ativo...
[pjeplus] [PRAZOS] Clicando no botão #selecionar-polo-ativo...
[09:54:30] [pjeplus] [INFO] [PRAZOS] Botão #selecionar-polo-ativo clicado com sucesso
[pjeplus] [PRAZOS] Botão #selecionar-polo-ativo clicado com sucesso
[09:54:30] [pjeplus] [INFO] [PRAZOS] Encontrados 1 campos de prazo
[pjeplus] [PRAZOS] Encontrados 1 campos de prazo
[09:54:30] [pjeplus] [INFO] [PRAZOS] Campo 1 preenchido com prazo: 5
[pjeplus] [PRAZOS] Campo 1 preenchido com prazo: 5
[09:54:30] [pjeplus] [INFO] [PRAZOS] Preenchimento de destinatários e prazos concluído
[pjeplus] [PRAZOS] Preenchimento de destinatários e prazos concluído
[09:54:30] [atos.judicial_fluxo] [INFO] [ATO][PRAZO] Destinatários e prazos concluídos com sucesso
[atos.judicial_fluxo] [ATO][PRAZO] Destinatários e prazos concluídos com sucesso
[09:54:30] [atos.judicial_fluxo] [INFO] [ATO][PEC] Parâmetro marcar_pec=False (desejado: desmarcar)
[atos.judicial_fluxo] [ATO][PEC] Parâmetro marcar_pec=False (desejado: desmarcar)
[09:54:30] [atos.judicial_fluxo] [INFO] [ATO][PEC] Estado inicial: marcado → alterado para: desmarcado
[atos.judicial_fluxo] [ATO][PEC] Estado inicial: marcado → alterado para: desmarcado
[09:54:30] [atos.judicial_fluxo] [INFO] [ATO][GRAVAR] Gravando intimações...
[atos.judicial_fluxo] [ATO][GRAVAR] Gravando intimações...
[09:54:30] [atos.judicial_fluxo] [INFO] [ATO][GRAVAR] Intimações gravadas
[atos.judicial_fluxo] [ATO][GRAVAR] Intimações gravadas
[09:54:30] [atos.judicial_fluxo] [INFO] [ATO][SALVAR_FINAL] Salvando ato...
[atos.judicial_fluxo] [ATO][SALVAR_FINAL] Salvando ato...
[09:54:30] [atos.judicial_fluxo] [INFO] [ATO][SALVAR_FINAL] Ato salvo
[atos.judicial_fluxo] [ATO][SALVAR_FINAL] Ato salvo
[09:54:30] [atos.judicial_fluxo] [INFO] ============================================================
[atos.judicial_fluxo] ============================================================
[09:54:30] [atos.judicial_fluxo] [INFO] ATO JUDICIAL - CONCLUÍDO COM SUCESSO
[atos.judicial_fluxo] ATO JUDICIAL - CONCLUÍDO COM SUCESSO
[09:54:30] [atos.judicial_fluxo] [INFO] ============================================================
[atos.judicial_fluxo] ============================================================
[09:54:30] [pjeplus] [INFO] [ATO] FIM {'status': 'sucesso', 'sigilo': False, 'tempo': '16.076s'}
[pjeplus] [ATO] FIM {'status': 'sucesso', 'sigilo': False, 'tempo': '16.076s'}
[09:54:30] [atos.judicial_fluxo] [INFO] [ATO][TIMING][SUCESSO] 16.076s (fluxo completo)
[atos.judicial_fluxo] [ATO][TIMING][SUCESSO] 16.076s (fluxo completo)
[09:54:30] [pjeplus] [INFO] [TEMPO] _processar_regras_gerais._processar_regras_gerais: 16.093s
[pjeplus] [TEMPO] _processar_regras_gerais._processar_regras_gerais: 16.093s
[09:54:30] [Fix.monitoramento_progresso_unificado] [INFO] [PROGRESSO_P2B][1001987-29.2025.5.02.0703] ✅ Processo marcado como executado
[Fix.monitoramento_progresso_unificado] [PROGRESSO_P2B][1001987-29.2025.5.02.0703] ✅ Processo marcado como executado
[09:54:30] [Fix.monitoramento_progresso_unificado] [INFO] [PROGRESSO_P2B]  Progresso salvo com segurança
[Fix.monitoramento_progresso_unificado] [PROGRESSO_P2B]  Progresso salvo com segurança
[09:54:30] [Prazo.p2b_gateway] [INFO] [PRAZO_API] Processo 1001987-29.2025.5.02.0703 processado com sucesso (fluxo_pz)
[Prazo.p2b_gateway] [PRAZO_API] Processo 1001987-29.2025.5.02.0703 processado com sucesso (fluxo_pz)
[09:54:30] [Prazo.p2b_gateway] [INFO] [PRAZO_API] Abrindo processo id=7655916 numero=1001474-61.2025.5.02.0703
[Prazo.p2b_gateway] [PRAZO_API] Abrindo processo id=7655916 numero=1001474-61.2025.5.02.0703
[09:54:31] [Prazo.p2b_gateway] [INFO] [p2b_api] Data documento: 2026-07-23T08:16:54.395805 -> 2026-07-23T08:16:54.395805+00:00 (Idade: 39 dias úteis)
[Prazo.p2b_gateway] [p2b_api] Data documento: 2026-07-23T08:16:54.395805 -> 2026-07-23T08:16:54.395805+00:00 (Idade: 39 dias úteis)
[09:54:31] [Prazo.p2b_gateway] [INFO] [p2b_api] doc relevante: tipo=Despacho id=475824201 data_extraida=2026-07-23T08:16:54.395805 idade_dias=39
[Prazo.p2b_gateway] [p2b_api] doc relevante: tipo=Despacho id=475824201 data_extraida=2026-07-23T08:16:54.395805 idade_dias=39
[09:54:31] [Prazo.p2b_gateway] [INFO] [p2b_api] texto extraído: 775 chars
[Prazo.p2b_gateway] [p2b_api] texto extraído: 775 chars
[09:54:31] [Prazo.p2b_documentos] [INFO] [FLUXO_PZ] Regra casou: pattern=comunique\-se[\s\.,;:!\-–—()$]*de[\s\.,;:!\-–—()$]*forma[\s\.,;:!\-–—()$]*concomitante tipo_acao=(<function checar_prox at 0x0000016856082160>,) snippet=nte a informacao supra, por celeridade, comunique-se de forma concomitante, por edital, as partes indicadas. sao p
[Prazo.p2b_documentos] [FLUXO_PZ] Regra casou: pattern=comunique\-se[\s\.,;:!\-–—()$]*de[\s\.,;:!\-–—()$]*forma[\s\.,;:!\-–—()$]*concomitante tipo_acao=(<function checar_prox at 0x0000016856082160>,) snippet=nte a informacao supra, por celeridade, comunique-se de forma concomitante, por edital, as partes indicadas. sao p
[09:54:41] [pjeplus] [INFO] [TEMPO] _processar_regras_gerais._processar_regras_gerais: 10.036s
[pjeplus] [TEMPO] _processar_regras_gerais._processar_regras_gerais: 10.036s
[09:54:41] [Fix.monitoramento_progresso_unificado] [INFO] [PROGRESSO_P2B][1001474-61.2025.5.02.0703] ✅ Processo marcado como executado
[Fix.monitoramento_progresso_unificado] [PROGRESSO_P2B][1001474-61.2025.5.02.0703] ✅ Processo marcado como executado
[09:54:41] [Fix.monitoramento_progresso_unificado] [INFO] [PROGRESSO_P2B]  Progresso salvo com segurança
[Fix.monitoramento_progresso_unificado] [PROGRESSO_P2B]  Progresso salvo com segurança
[09:54:41] [Prazo.p2b_gateway] [INFO] [PRAZO_API] Processo 1001474-61.2025.5.02.0703 processado com sucesso (fluxo_pz)
[Prazo.p2b_gateway] [PRAZO_API] Processo 1001474-61.2025.5.02.0703 processado com sucesso (fluxo_pz)
[09:54:41] [Prazo.p2b_gateway] [INFO] [PRAZO_API] Abrindo processo id=602009 numero=1001606-70.2015.5.02.0703
[Prazo.p2b_gateway] [PRAZO_API] Abrindo processo id=602009 numero=1001606-70.2015.5.02.0703
[09:54:42] [Prazo.p2b_gateway] [INFO] [p2b_api] Data documento: 2026-09-02T15:28:05.357871 -> 2026-09-02T15:28:05.357871+00:00 (Idade: 11 dias úteis)
[Prazo.p2b_gateway] [p2b_api] Data documento: 2026-09-02T15:28:05.357871 -> 2026-09-02T15:28:05.357871+00:00 (Idade: 11 dias úteis)
[09:54:42] [Prazo.p2b_gateway] [INFO] [p2b_api] doc relevante: tipo=Sentença id=484749671 data_extraida=2026-09-02T15:28:05.357871 idade_dias=11
[Prazo.p2b_gateway] [p2b_api] doc relevante: tipo=Sentença id=484749671 data_extraida=2026-09-02T15:28:05.357871 idade_dias=11
[09:54:42] [Prazo.p2b_gateway] [INFO] [p2b_api] texto extraído: 2541 chars
[Prazo.p2b_gateway] [p2b_api] texto extraído: 2541 chars
[09:54:42] [Prazo.p2b_documentos] [INFO] [FLUXO_PZ] Regra casou: pattern=a[\s\.,;:!\-–—()$]*pronuncia[\s\.,;:!\-–—()$]*da tipo_acao=(<function prescreve at 0x00000168561B47C0>,) snippet=rt. 3o, recomendacao 03/2018, da cgjt). a pronuncia da prescricao intercorrente se trata de at
[Prazo.p2b_documentos] [FLUXO_PZ] Regra casou: pattern=a[\s\.,;:!\-–—()$]*pronuncia[\s\.,;:!\-–—()$]*da tipo_acao=(<function prescreve at 0x00000168561B47C0>,) snippet=rt. 3o, recomendacao 03/2018, da cgjt). a pronuncia da prescricao intercorrente se trata de at
[09:54:42] [Prazo.p2b_documentos] [WARNING] [FLUXO_PZ] Ação retornou False: prescreve
[Prazo.p2b_documentos] [FLUXO_PZ] Ação retornou False: prescreve
[09:54:42] [pjeplus] [INFO] [TEMPO] _processar_regras_gerais._processar_regras_gerais: 0.016s
[pjeplus] [TEMPO] _processar_regras_gerais._processar_regras_gerais: 0.016s
[09:54:42] [Prazo.p2b_gateway] [WARNING] [FLUXO_PZ] Regra casou mas ação falhou (retornou False)
[Prazo.p2b_gateway] [FLUXO_PZ] Regra casou mas ação falhou (retornou False)
[09:54:42] [Prazo.p2b_gateway] [WARNING] [PRAZO_API] Processo 1001606-70.2015.5.02.0703 NAO concluido (fluxo_pz_nao_executou) — nao marcado; sera retentado na proxima execucao
[Prazo.p2b_gateway] [PRAZO_API] Processo 1001606-70.2015.5.02.0703 NAO concluido (fluxo_pz_nao_executou) — nao marcado; sera retentado na proxima execucao
[09:54:42] [Prazo.p2b_gateway] [INFO] [PRAZO_API] Abrindo processo id=2683510 numero=1000772-28.2019.5.02.0703
[Prazo.p2b_gateway] [PRAZO_API] Abrindo processo id=2683510 numero=1000772-28.2019.5.02.0703
[09:54:43] [Prazo.p2b_gateway] [INFO] [p2b_api] Data documento: 2026-09-02T15:28:05.357882 -> 2026-09-02T15:28:05.357882+00:00 (Idade: 11 dias úteis)
[Prazo.p2b_gateway] [p2b_api] Data documento: 2026-09-02T15:28:05.357882 -> 2026-09-02T15:28:05.357882+00:00 (Idade: 11 dias úteis)
[09:54:43] [Prazo.p2b_gateway] [INFO] [p2b_api] doc relevante: tipo=Sentença id=484800835 data_extraida=2026-09-02T15:28:05.357882 idade_dias=11
[Prazo.p2b_gateway] [p2b_api] doc relevante: tipo=Sentença id=484800835 data_extraida=2026-09-02T15:28:05.357882 idade_dias=11
[09:54:43] [Prazo.p2b_gateway] [INFO] [p2b_api] texto extraído: 2569 chars
[Prazo.p2b_gateway] [p2b_api] texto extraído: 2569 chars
[09:54:43] [Prazo.p2b_documentos] [INFO] [FLUXO_PZ] Regra casou: pattern=a[\s\.,;:!\-–—()$]*pronuncia[\s\.,;:!\-–—()$]*da tipo_acao=(<function prescreve at 0x00000168561B47C0>,) snippet=rt. 3o, recomendacao 03/2018, da cgjt). a pronuncia da prescricao intercorrente se trata de at
[Prazo.p2b_documentos] [FLUXO_PZ] Regra casou: pattern=a[\s\.,;:!\-–—()$]*pronuncia[\s\.,;:!\-–—()$]*da tipo_acao=(<function prescreve at 0x00000168561B47C0>,) snippet=rt. 3o, recomendacao 03/2018, da cgjt). a pronuncia da prescricao intercorrente se trata de at
[09:54:45] [pjeplus] [INFO] BNDT: parâmetro inclusao recebido: False (tipo: <class 'bool'>)
[pjeplus] BNDT: parâmetro inclusao recebido: False (tipo: <class 'bool'>)
[09:54:45] [pjeplus] [INFO] Iniciando operação BNDT: Exclusão
[pjeplus] Iniciando operação BNDT: Exclusão
[09:54:45] [pjeplus] [INFO] Elementos da página BNDT detectados
[pjeplus] Elementos da página BNDT detectados
[09:54:45] [pjeplus] [INFO] Nova aba BNDT aberta diretamente via URL: https://pje.trt2.jus.br/pjekz/processo/2683510/bndt
[pjeplus] Nova aba BNDT aberta diretamente via URL: https://pje.trt2.jus.br/pjekz/processo/2683510/bndt
[09:54:45] [pjeplus] [INFO] ============ Processando Polo Passivo ============
[pjeplus] ============ Processando Polo Passivo ============
[09:54:45] [pjeplus] [INFO] Procurando botão de polo Passivo...
[pjeplus] Procurando botão de polo Passivo...
[09:54:46] [pjeplus] [INFO] Polo Passivo selecionado
[pjeplus] Polo Passivo selecionado
[09:54:46] [pjeplus] [INFO] Selecionando operação: Exclusão para polo Passivo
[pjeplus] Selecionando operação: Exclusão para polo Passivo
[09:54:46] [pjeplus] [INFO] Operação Exclusão selecionada para polo Passivo via JS
[pjeplus] Operação Exclusão selecionada para polo Passivo via JS
[09:54:46] [pjeplus] [INFO] Polo Passivo: "não há registros disponíveis para inclusão no bndt." — nada a fazer
[pjeplus] Polo Passivo: "não há registros disponíveis para inclusão no bndt." — nada a fazer
[09:54:46] [pjeplus] [INFO] [TEMPO] _processar_regras_gerais._processar_regras_gerais: 3.204s
[pjeplus] [TEMPO] _processar_regras_gerais._processar_regras_gerais: 3.204s
[09:54:46] [Fix.monitoramento_progresso_unificado] [INFO] [PROGRESSO_P2B][1000772-28.2019.5.02.0703] ✅ Processo marcado como executado
[Fix.monitoramento_progresso_unificado] [PROGRESSO_P2B][1000772-28.2019.5.02.0703] ✅ Processo marcado como executado
[09:54:46] [Fix.monitoramento_progresso_unificado] [INFO] [PROGRESSO_P2B]  Progresso salvo com segurança
[Fix.monitoramento_progresso_unificado] [PROGRESSO_P2B]  Progresso salvo com segurança
[09:54:46] [Prazo.p2b_gateway] [INFO] [PRAZO_API] Processo 1000772-28.2019.5.02.0703 processado com sucesso (fluxo_pz)
[Prazo.p2b_gateway] [PRAZO_API] Processo 1000772-28.2019.5.02.0703 processado com sucesso (fluxo_pz)
[09:54:46] [Prazo.p2b_gateway] [INFO] [PRAZO_API] Abrindo processo id=8022807 numero=1002165-75.2025.5.02.0703
[Prazo.p2b_gateway] [PRAZO_API] Abrindo processo id=8022807 numero=1002165-75.2025.5.02.0703
[09:54:47] [Prazo.p2b_gateway] [INFO] [p2b_api] Data documento: 2026-09-04T10:19:58.002276 -> 2026-09-04T10:19:58.002276+00:00 (Idade: 9 dias úteis)
[Prazo.p2b_gateway] [p2b_api] Data documento: 2026-09-04T10:19:58.002276 -> 2026-09-04T10:19:58.002276+00:00 (Idade: 9 dias úteis)
[09:54:47] [Prazo.p2b_gateway] [INFO] [p2b_api] doc relevante: tipo=Despacho id=485075832 data_extraida=2026-09-04T10:19:58.002276 idade_dias=9
[Prazo.p2b_gateway] [p2b_api] doc relevante: tipo=Despacho id=485075832 data_extraida=2026-09-04T10:19:58.002276 idade_dias=9
[09:54:47] [Prazo.p2b_gateway] [INFO] [p2b_api] texto extraído: 1251 chars
[Prazo.p2b_gateway] [p2b_api] texto extraído: 1251 chars
[09:54:47] [Prazo.p2b_documentos] [INFO] [FLUXO_PZ] Regra casou: pattern=abre\-se,[\s\.,;:!\-–—()$]*como[\s\.,;:!\-–—()$]*reiteracao tipo_acao=('criar_gigs[1//xs sob 24]', <function make_ato_wrapper.<locals>.wrapper at 0x0000016855F53420>) snippet==== despacho ===  === vistos, etc. ===  abre-se, como reiteracao, novo prazo para oferta de novos meios 
[Prazo.p2b_documentos] [FLUXO_PZ] Regra casou: pattern=abre\-se,[\s\.,;:!\-–—()$]*como[\s\.,;:!\-–—()$]*reiteracao tipo_acao=('criar_gigs[1//xs sob 24]', <function make_ato_wrapper.<locals>.wrapper at 0x0000016855F53420>) snippet==== despacho ===  === vistos, etc. ===  abre-se, como reiteracao, novo prazo para oferta de novos meios 
[09:54:48] [pjeplus] [INFO] [ATO] START
[pjeplus] [ATO] START
[09:54:48] [atos.judicial_fluxo] [INFO] [ATO][TIMING][INICIO] conclusao_tipo=Suspensão modelo_nome=suspf
[atos.judicial_fluxo] [ATO][TIMING][INICIO] conclusao_tipo=Suspensão modelo_nome=suspf
[09:54:48] [atos.judicial_fluxo] [INFO] [ATO][CLS] Iniciando fluxo CLS: conclusao_tipo=Suspensão
[atos.judicial_fluxo] [ATO][CLS] Iniciando fluxo CLS: conclusao_tipo=Suspensão
[09:54:48] [pjeplus] [INFO] [CLS] START
[pjeplus] [CLS] START
[09:54:48] [atos.judicial_fluxo] [INFO] [CLS][TIMING][INICIO]
[atos.judicial_fluxo] [CLS][TIMING][INICIO]
[09:54:48] [atos.judicial_fluxo] [INFO] FLUXO CLS - INICIANDO
[atos.judicial_fluxo] FLUXO CLS - INICIANDO
[09:54:48] [atos.judicial_fluxo] [INFO] ============================================================
[atos.judicial_fluxo] ============================================================
[09:54:48] [atos.judicial_fluxo] [INFO] [CLS][TIMING][CHECK_ESTADO] 0.000s estado=detalhe
[atos.judicial_fluxo] [CLS][TIMING][CHECK_ESTADO] 0.000s estado=detalhe
[09:54:48] [atos.judicial_fluxo] [INFO] [CLS] Passo 1: Estamos em /detalhe — abrindo tarefa do processo...
[atos.judicial_fluxo] [CLS] Passo 1: Estamos em /detalhe — abrindo tarefa do processo...
[09:54:48] [pjeplus] [INFO] [NAVEGAÇÃO] Abrindo tarefa do processo...
[pjeplus] [NAVEGAÇÃO] Abrindo tarefa do processo...
[09:54:48] [pjeplus] [INFO] [NAVEGAÇÃO] Foco trocado para nova aba
[pjeplus] [NAVEGAÇÃO] Foco trocado para nova aba
[09:54:48] [atos.judicial_fluxo] [INFO] [CLS][TIMING][ABRIR_TAREFA] 0.440s sucesso=True
[atos.judicial_fluxo] [CLS][TIMING][ABRIR_TAREFA] 0.440s sucesso=True
[09:54:48] [atos.judicial_fluxo] [INFO] [CLS] Passo 2: Limpando overlays...
[atos.judicial_fluxo] [CLS] Passo 2: Limpando overlays...
[09:54:48] [atos.judicial_fluxo] [INFO] [CLS][TIMING][LIMPAR_OVERLAYS] 0.020s
[atos.judicial_fluxo] [CLS][TIMING][LIMPAR_OVERLAYS] 0.020s
[09:54:48] [atos.judicial_fluxo] [INFO] [CLS] Passo 3: Navegando para conclusão...
[atos.judicial_fluxo] [CLS] Passo 3: Navegando para conclusão...
[09:54:48] [pjeplus] [INFO] [NAVEGAÇÃO] Navegando para Conclusão ao Magistrado...
[pjeplus] [NAVEGAÇÃO] Navegando para Conclusão ao Magistrado...
[09:54:48] [pjeplus] [INFO] [NAVEGAÇÃO] Nome da Tarefa Detectado: "análise"
[pjeplus] [NAVEGAÇÃO] Nome da Tarefa Detectado: "análise"
[09:54:49] [pjeplus] [INFO] [NAVEGAÇÃO] Conclusão não disponível diretamente, tentando via "Análise"...
[pjeplus] [NAVEGAÇÃO] Conclusão não disponível diretamente, tentando via "Análise"...
[09:54:49] [pjeplus] [INFO] [NAVEGAÇÃO] Tentando via "Análise"...
[pjeplus] [NAVEGAÇÃO] Tentando via "Análise"...
[09:54:49] [pjeplus] [INFO] [NAVEGAÇÃO] Clique em "Análise" realizado
[pjeplus] [NAVEGAÇÃO] Clique em "Análise" realizado
[09:54:49] [pjeplus] [INFO] [NAVEGAÇÃO] Verificando overlays...
[pjeplus] [NAVEGAÇÃO] Verificando overlays...
[09:54:51] [pjeplus] [INFO] [NAVEGAÇÃO] Clique em "Conclusão ao magistrado" realizado após Análise
[pjeplus] [NAVEGAÇÃO] Clique em "Conclusão ao magistrado" realizado após Análise
[09:54:51] [pjeplus] [INFO] [NAVEGAÇÃO] Navegação para conclusão concluída com sucesso
[pjeplus] [NAVEGAÇÃO] Navegação para conclusão concluída com sucesso
[09:54:51] [atos.judicial_fluxo] [INFO] [CLS][TIMING][NAVEGAR_CONCLUSAO] 2.808s
[atos.judicial_fluxo] [CLS][TIMING][NAVEGAR_CONCLUSAO] 2.808s
[09:54:51] [atos.judicial_fluxo] [INFO] [CLS] Passo 4: Escolhendo tipo de conclusão: Suspensão
[atos.judicial_fluxo] [CLS] Passo 4: Escolhendo tipo de conclusão: Suspensão
[09:54:51] [pjeplus] [INFO] [CONCLUSÃO] Escolhendo tipo de conclusão: Suspensão
[pjeplus] [CONCLUSÃO] Escolhendo tipo de conclusão: Suspensão
[09:54:52] [pjeplus] [INFO] [CONCLUSÃO] ✅ Botão de conclusão "Suspensão" clicado com sucesso
[pjeplus] [CONCLUSÃO] ✅ Botão de conclusão "Suspensão" clicado com sucesso
[09:54:52] [atos.judicial_fluxo] [INFO] [CLS][TIMING][ESCOLHER_TIPO] 1.023s tipo=Suspensão
[atos.judicial_fluxo] [CLS][TIMING][ESCOLHER_TIPO] 1.023s tipo=Suspensão
[09:54:52] [atos.judicial_fluxo] [INFO] [CLS] Passo 5: Aguardando transição para minutar...
[atos.judicial_fluxo] [CLS] Passo 5: Aguardando transição para minutar...
[09:54:52] [pjeplus] [INFO] [CONCLUSÃO] Aguardando transição para tela de minutar (DOM Observer)...
[pjeplus] [CONCLUSÃO] Aguardando transição para tela de minutar (DOM Observer)...
[09:54:52] [pjeplus] [INFO] [CONCLUSÃO] Transição detectada via renderização do DOM (pje-arvore-modelo-documento)
[pjeplus] [CONCLUSÃO] Transição detectada via renderização do DOM (pje-arvore-modelo-documento)
[09:54:52] [atos.judicial_fluxo] [INFO] [CLS][TIMING][TRANSICAO_MINUTAR] 0.003s
[atos.judicial_fluxo] [CLS][TIMING][TRANSICAO_MINUTAR] 0.003s
[09:54:52] [atos.judicial_fluxo] [INFO] [CLS] Passo 6: Preparando campo de minutar...
[atos.judicial_fluxo] [CLS] Passo 6: Preparando campo de minutar...
[09:54:52] [pjeplus] [INFO] [NAVEGAÇÃO] Preparando campo de filtro para minutar...
[pjeplus] [NAVEGAÇÃO] Preparando campo de filtro para minutar...
[09:54:57] [pjeplus] [INFO] [NAVEGAÇÃO] Campo de filtro preparado com sucesso
[pjeplus] [NAVEGAÇÃO] Campo de filtro preparado com sucesso
[09:54:57] [atos.judicial_fluxo] [INFO] [CLS][TIMING][PREPARAR_CAMPO] 4.971s
[atos.judicial_fluxo] [CLS][TIMING][PREPARAR_CAMPO] 4.971s
[09:54:57] [atos.judicial_fluxo] [INFO] ============================================================
[atos.judicial_fluxo] ============================================================
[09:54:57] [atos.judicial_fluxo] [INFO] FLUXO CLS - CONCLUÍDO COM SUCESSO
[atos.judicial_fluxo] FLUXO CLS - CONCLUÍDO COM SUCESSO
[09:54:57] [atos.judicial_fluxo] [INFO] ============================================================
[atos.judicial_fluxo] ============================================================
[09:54:57] [pjeplus] [INFO] [CLS] FIM {'status': 'sucesso', 'tempo': '9.268s'}
[pjeplus] [CLS] FIM {'status': 'sucesso', 'tempo': '9.268s'}
[09:54:57] [atos.judicial_fluxo] [INFO] [CLS][TIMING][SUCESSO] 9.268s (fluxo completo)
[atos.judicial_fluxo] [CLS][TIMING][SUCESSO] 9.268s (fluxo completo)
[09:54:57] [pjeplus] [INFO] [TEMPO] fluxo_cls.fluxo_cls: 9.268s
[pjeplus] [TEMPO] fluxo_cls.fluxo_cls: 9.268s
[09:54:57] [atos.judicial_fluxo] [INFO] [ATO][TIMING][FLUXO_CLS] 9.268s
[atos.judicial_fluxo] [ATO][TIMING][FLUXO_CLS] 9.268s
[09:54:57] [atos.judicial_fluxo] [INFO] [ATO][DESCRICAO] Preenchendo descrição: Sobrestamento
[atos.judicial_fluxo] [ATO][DESCRICAO] Preenchendo descrição: Sobrestamento
[09:54:57] [atos.judicial_fluxo] [INFO] [ATO][DESCRICAO]  Descrição preenchida
[atos.judicial_fluxo] [ATO][DESCRICAO]  Descrição preenchida
[09:54:57] [atos.judicial_fluxo] [INFO] [ATO][MODELO] Preenchendo filtro com modelo: suspf
[atos.judicial_fluxo] [ATO][MODELO] Preenchendo filtro com modelo: suspf
[09:54:58] [atos.judicial_fluxo] [INFO] [ATO][MODELO] Modelo "suspf" preenchido via JS e ENTER pressionado no filtro.
[atos.judicial_fluxo] [ATO][MODELO] Modelo "suspf" preenchido via JS e ENTER pressionado no filtro.
[09:55:00] [atos.judicial_fluxo] [INFO] [ATO][MODELO] Clique em nodo-filtrado realizado!
[atos.judicial_fluxo] [ATO][MODELO] Clique em nodo-filtrado realizado!
[09:55:00] [atos.judicial_fluxo] [INFO] [ATO][MODELO] Clique em inserir realizado
[atos.judicial_fluxo] [ATO][MODELO] Clique em inserir realizado
[09:55:00] [atos.judicial_fluxo] [INFO] [ATO][MODELO] Snackbar de inserção detectada — sinal para prosseguir
[atos.judicial_fluxo] [ATO][MODELO] Snackbar de inserção detectada — sinal para prosseguir
[09:55:01] [atos.judicial_fluxo] [INFO] [ATO][MODELO] Modelo inserido (conteúdo confirmado no editor)
[atos.judicial_fluxo] [ATO][MODELO] Modelo inserido (conteúdo confirmado no editor)
[09:55:01] [atos.judicial_fluxo] [INFO] [ATO][SALVAR] Salvando modelo após inserção...
[atos.judicial_fluxo] [ATO][SALVAR] Salvando modelo após inserção...
[09:55:02] [atos.judicial_fluxo] [INFO] [ATO][SALVAR] Clique no botao Salvar realizado
[atos.judicial_fluxo] [ATO][SALVAR] Clique no botao Salvar realizado
[09:55:02] [atos.judicial_fluxo] [INFO] [ATO][SALVAR] Aguardando ativação da aba destinatários...
[atos.judicial_fluxo] [ATO][SALVAR] Aguardando ativação da aba destinatários...
[09:55:02] [atos.judicial_fluxo] [INFO] [ATO][PRAZO] Configurando destinatários/prazos: prazo=0 (apenas_primeiro=False)
[atos.judicial_fluxo] [ATO][PRAZO] Configurando destinatários/prazos: prazo=0 (apenas_primeiro=False)
[09:55:02] [pjeplus] [INFO] [PRAZOS] Preenchendo prazos: 0
[pjeplus] [PRAZOS] Preenchendo prazos: 0
[09:55:02] [pjeplus] [INFO] [PRAZOS] Tabela de destinatários carregada
[pjeplus] [PRAZOS] Tabela de destinatários carregada
[09:55:03] [pjeplus] [INFO] [PRAZOS] Todas as partes selecionadas
[pjeplus] [PRAZOS] Todas as partes selecionadas
[09:55:03] [pjeplus] [INFO] [PRAZOS] Encontrados 3 campos de prazo
[pjeplus] [PRAZOS] Encontrados 3 campos de prazo
[09:55:04] [pjeplus] [INFO] [PRAZOS] Campo 1 preenchido com prazo: 0
[pjeplus] [PRAZOS] Campo 1 preenchido com prazo: 0
[09:55:06] [pjeplus] [INFO] [PRAZOS] Campo 2 preenchido com prazo: 0
[pjeplus] [PRAZOS] Campo 2 preenchido com prazo: 0
[09:55:08] [pjeplus] [INFO] [PRAZOS] Campo 3 preenchido com prazo: 0
[pjeplus] [PRAZOS] Campo 3 preenchido com prazo: 0
[09:55:08] [pjeplus] [INFO] [PRAZOS] Preenchimento de destinatários e prazos concluído
[pjeplus] [PRAZOS] Preenchimento de destinatários e prazos concluído
[09:55:08] [atos.judicial_fluxo] [INFO] [ATO][PRAZO] Destinatários e prazos concluídos com sucesso
[atos.judicial_fluxo] [ATO][PRAZO] Destinatários e prazos concluídos com sucesso
[09:55:08] [atos.judicial_fluxo] [INFO] [ATO][PEC] Parâmetro marcar_pec='nao' (desejado: desmarcar)
[atos.judicial_fluxo] [ATO][PEC] Parâmetro marcar_pec='nao' (desejado: desmarcar)
[09:55:08] [atos.judicial_fluxo] [INFO] [ATO][PEC] Já está conforme esperado: desmarcado
[atos.judicial_fluxo] [ATO][PEC] Já está conforme esperado: desmarcado
[09:55:08] [atos.judicial_fluxo] [INFO] [ATO][GRAVAR] Gravando intimações...
[atos.judicial_fluxo] [ATO][GRAVAR] Gravando intimações...
[09:55:08] [atos.judicial_fluxo] [INFO] [ATO][GRAVAR] Intimações gravadas
[atos.judicial_fluxo] [ATO][GRAVAR] Intimações gravadas
[09:55:08] [atos.judicial_fluxo] [INFO] [ATO][MOVIMENTO] Selecionando movimento: frustrada
[atos.judicial_fluxo] [ATO][MOVIMENTO] Selecionando movimento: frustrada
[09:55:08] [atos.judicial_fluxo] [INFO] [ATO][MOVIMENTO]  Checkbox marcado:   Suspenso o processo por execução frustrada (276)
[atos.judicial_fluxo] [ATO][MOVIMENTO]  Checkbox marcado:   Suspenso o processo por execução frustrada (276)
[09:55:08] [atos.judicial_fluxo] [INFO] [ATO][MOVIMENTO] Gravando movimento...
[atos.judicial_fluxo] [ATO][MOVIMENTO] Gravando movimento...
[09:55:08] [atos.judicial_fluxo] [INFO] [ATO][MOVIMENTO] Confirmando gravação...
[atos.judicial_fluxo] [ATO][MOVIMENTO] Confirmando gravação...
[09:55:13] [pjeplus] [WARNING] [WAIT_CLICKABLE] Elemento nao clicavel: snack-bar-container simple-snack-bar
[pjeplus] [WAIT_CLICKABLE] Elemento nao clicavel: snack-bar-container simple-snack-bar
[09:55:13] [atos.judicial_fluxo] [WARNING] [ATO][MOVIMENTO] Sem confirmação de gravação do movimento (snackbar ausente), assumindo sucesso
[atos.judicial_fluxo] [ATO][MOVIMENTO] Sem confirmação de gravação do movimento (snackbar ausente), assumindo sucesso
[09:55:13] [atos.judicial_fluxo] [INFO] [ATO][SALVAR_FINAL] Salvando ato...
[atos.judicial_fluxo] [ATO][SALVAR_FINAL] Salvando ato...
[09:55:13] [atos.judicial_fluxo] [INFO] [ATO][SALVAR_FINAL] Ato salvo
[atos.judicial_fluxo] [ATO][SALVAR_FINAL] Ato salvo
[09:55:13] [atos.judicial_fluxo] [INFO] ============================================================
[atos.judicial_fluxo] ============================================================
[09:55:13] [atos.judicial_fluxo] [INFO] ATO JUDICIAL - CONCLUÍDO COM SUCESSO
[atos.judicial_fluxo] ATO JUDICIAL - CONCLUÍDO COM SUCESSO
[09:55:13] [atos.judicial_fluxo] [INFO] ============================================================
[atos.judicial_fluxo] ============================================================
[09:55:13] [pjeplus] [INFO] [ATO] FIM {'status': 'sucesso', 'sigilo': False, 'tempo': '24.874s'}
[pjeplus] [ATO] FIM {'status': 'sucesso', 'sigilo': False, 'tempo': '24.874s'}
[09:55:13] [atos.judicial_fluxo] [INFO] [ATO][TIMING][SUCESSO] 24.874s (fluxo completo)
[atos.judicial_fluxo] [ATO][TIMING][SUCESSO] 24.874s (fluxo completo)
[09:55:13] [pjeplus] [INFO] [TEMPO] _processar_regras_gerais._processar_regras_gerais: 25.709s
[pjeplus] [TEMPO] _processar_regras_gerais._processar_regras_gerais: 25.709s
[09:55:13] [Fix.monitoramento_progresso_unificado] [INFO] [PROGRESSO_P2B][1002165-75.2025.5.02.0703] ✅ Processo marcado como executado
[Fix.monitoramento_progresso_unificado] [PROGRESSO_P2B][1002165-75.2025.5.02.0703] ✅ Processo marcado como executado
[09:55:13] [Fix.monitoramento_progresso_unificado] [INFO] [PROGRESSO_P2B]  Progresso salvo com segurança
[Fix.monitoramento_progresso_unificado] [PROGRESSO_P2B]  Progresso salvo com segurança
[09:55:13] [Prazo.p2b_gateway] [INFO] [PRAZO_API] Processo 1002165-75.2025.5.02.0703 processado com sucesso (fluxo_pz)
[Prazo.p2b_gateway] [PRAZO_API] Processo 1002165-75.2025.5.02.0703 processado com sucesso (fluxo_pz)
[09:55:13] [Prazo.p2b_gateway] [INFO] [PRAZO_API] Abrindo processo id=7714071 numero=1001580-23.2025.5.02.0703
[Prazo.p2b_gateway] [PRAZO_API] Abrindo processo id=7714071 numero=1001580-23.2025.5.02.0703
[09:55:14] [Prazo.p2b_gateway] [INFO] [p2b_api] Data documento: 2026-09-08T09:00:42.094205 -> 2026-09-08T09:00:42.094205+00:00 (Idade: 8 dias úteis)
[Prazo.p2b_gateway] [p2b_api] Data documento: 2026-09-08T09:00:42.094205 -> 2026-09-08T09:00:42.094205+00:00 (Idade: 8 dias úteis)
[09:55:14] [Prazo.p2b_gateway] [INFO] [p2b_api] doc relevante: tipo=Despacho id=485615518 data_extraida=2026-09-08T09:00:42.094205 idade_dias=8
[Prazo.p2b_gateway] [p2b_api] doc relevante: tipo=Despacho id=485615518 data_extraida=2026-09-08T09:00:42.094205 idade_dias=8
[09:55:14] [Prazo.p2b_gateway] [INFO] [p2b_api] texto extraído: 1127 chars
[Prazo.p2b_gateway] [p2b_api] texto extraído: 1127 chars
[09:55:14] [pjeplus] [INFO] [TEMPO] _processar_regras_gerais._processar_regras_gerais: 0.020s
[pjeplus] [TEMPO] _processar_regras_gerais._processar_regras_gerais: 0.020s
[09:55:14] [Fix.monitoramento_progresso_unificado] [INFO] [PROGRESSO_P2B][1001580-23.2025.5.02.0703] ✅ Processo marcado como executado
[Fix.monitoramento_progresso_unificado] [PROGRESSO_P2B][1001580-23.2025.5.02.0703] ✅ Processo marcado como executado
[09:55:14] [Fix.monitoramento_progresso_unificado] [INFO] [PROGRESSO_P2B]  Progresso salvo com segurança
[Fix.monitoramento_progresso_unificado] [PROGRESSO_P2B]  Progresso salvo com segurança
[09:55:14] [Prazo.p2b_gateway] [INFO] [PRAZO_API] Processo 1001580-23.2025.5.02.0703 processado com sucesso (fluxo_pz)
[Prazo.p2b_gateway] [PRAZO_API] Processo 1001580-23.2025.5.02.0703 processado com sucesso (fluxo_pz)
[09:55:14] [Prazo.p2b_gateway] [INFO] [PRAZO_API] Abrindo processo id=7668392 numero=1001500-59.2025.5.02.0703
[Prazo.p2b_gateway] [PRAZO_API] Abrindo processo id=7668392 numero=1001500-59.2025.5.02.0703
[09:55:15] [Prazo.p2b_gateway] [INFO] [p2b_api] Data documento: 2026-09-08T09:00:42.094203 -> 2026-09-08T09:00:42.094203+00:00 (Idade: 8 dias úteis)
[Prazo.p2b_gateway] [p2b_api] Data documento: 2026-09-08T09:00:42.094203 -> 2026-09-08T09:00:42.094203+00:00 (Idade: 8 dias úteis)
[09:55:15] [Prazo.p2b_gateway] [INFO] [p2b_api] doc relevante: tipo=Despacho id=485615514 data_extraida=2026-09-08T09:00:42.094203 idade_dias=8
[Prazo.p2b_gateway] [p2b_api] doc relevante: tipo=Despacho id=485615514 data_extraida=2026-09-08T09:00:42.094203 idade_dias=8
[09:55:15] [Prazo.p2b_gateway] [INFO] [p2b_api] texto extraído: 1858 chars
[Prazo.p2b_gateway] [p2b_api] texto extraído: 1858 chars
[09:55:15] [Prazo.p2b_documentos] [INFO] [FLUXO_PZ] Regra casou: pattern=05[\s\.,;:!\-–—()$]*dias[\s\.,;:!\-–—()$]*para[\s\.,;:!\-–—()$]*oferta tipo_acao=(<function make_ato_wrapper.<locals>.wrapper at 0x0000016855F52480>,) snippet=dados protegidos por sigilo. concede-se 05 dias para oferta de novos meios de execucao nao diligenc
[Prazo.p2b_documentos] [FLUXO_PZ] Regra casou: pattern=05[\s\.,;:!\-–—()$]*dias[\s\.,;:!\-–—()$]*para[\s\.,;:!\-–—()$]*oferta tipo_acao=(<function make_ato_wrapper.<locals>.wrapper at 0x0000016855F52480>,) snippet=dados protegidos por sigilo. concede-se 05 dias para oferta de novos meios de execucao nao diligenc
[09:55:15] [pjeplus] [INFO] [ATO] START
[pjeplus] [ATO] START
[09:55:15] [atos.judicial_fluxo] [INFO] [ATO][TIMING][INICIO] conclusao_tipo=Despacho modelo_nome=reiterame
[atos.judicial_fluxo] [ATO][TIMING][INICIO] conclusao_tipo=Despacho modelo_nome=reiterame
[09:55:15] [atos.judicial_fluxo] [INFO] [ATO][CLS] Iniciando fluxo CLS: conclusao_tipo=Despacho
[atos.judicial_fluxo] [ATO][CLS] Iniciando fluxo CLS: conclusao_tipo=Despacho
[09:55:15] [pjeplus] [INFO] [CLS] START
[pjeplus] [CLS] START
[09:55:15] [atos.judicial_fluxo] [INFO] [CLS][TIMING][INICIO]
[atos.judicial_fluxo] [CLS][TIMING][INICIO]
[09:55:15] [atos.judicial_fluxo] [INFO] FLUXO CLS - INICIANDO
[atos.judicial_fluxo] FLUXO CLS - INICIANDO
[09:55:15] [atos.judicial_fluxo] [INFO] ============================================================
[atos.judicial_fluxo] ============================================================
[09:55:15] [atos.judicial_fluxo] [INFO] [CLS][TIMING][CHECK_ESTADO] 0.000s estado=detalhe
[atos.judicial_fluxo] [CLS][TIMING][CHECK_ESTADO] 0.000s estado=detalhe
[09:55:15] [atos.judicial_fluxo] [INFO] [CLS] Passo 1: Estamos em /detalhe — abrindo tarefa do processo...
[atos.judicial_fluxo] [CLS] Passo 1: Estamos em /detalhe — abrindo tarefa do processo...
[09:55:15] [pjeplus] [INFO] [NAVEGAÇÃO] Abrindo tarefa do processo...
[pjeplus] [NAVEGAÇÃO] Abrindo tarefa do processo...
[09:55:16] [pjeplus] [INFO] [NAVEGAÇÃO] Foco trocado para nova aba
[pjeplus] [NAVEGAÇÃO] Foco trocado para nova aba
[09:55:16] [atos.judicial_fluxo] [INFO] [CLS][TIMING][ABRIR_TAREFA] 0.627s sucesso=True
[atos.judicial_fluxo] [CLS][TIMING][ABRIR_TAREFA] 0.627s sucesso=True
[09:55:16] [atos.judicial_fluxo] [INFO] [CLS] Passo 2: Limpando overlays...
[atos.judicial_fluxo] [CLS] Passo 2: Limpando overlays...
[09:55:16] [atos.judicial_fluxo] [INFO] [CLS][TIMING][LIMPAR_OVERLAYS] 0.023s
[atos.judicial_fluxo] [CLS][TIMING][LIMPAR_OVERLAYS] 0.023s
[09:55:16] [atos.judicial_fluxo] [INFO] [CLS] Passo 3: Navegando para conclusão...
[atos.judicial_fluxo] [CLS] Passo 3: Navegando para conclusão...
[09:55:16] [pjeplus] [INFO] [NAVEGAÇÃO] Navegando para Conclusão ao Magistrado...
[pjeplus] [NAVEGAÇÃO] Navegando para Conclusão ao Magistrado...
[09:55:16] [pjeplus] [INFO] [NAVEGAÇÃO] Nome da Tarefa Detectado: "análise"
[pjeplus] [NAVEGAÇÃO] Nome da Tarefa Detectado: "análise"
[09:55:16] [pjeplus] [INFO] [NAVEGAÇÃO] Conclusão não disponível diretamente, tentando via "Análise"...
[pjeplus] [NAVEGAÇÃO] Conclusão não disponível diretamente, tentando via "Análise"...
[09:55:16] [pjeplus] [INFO] [NAVEGAÇÃO] Tentando via "Análise"...
[pjeplus] [NAVEGAÇÃO] Tentando via "Análise"...
[09:55:16] [pjeplus] [INFO] [NAVEGAÇÃO] Clique em "Análise" realizado
[pjeplus] [NAVEGAÇÃO] Clique em "Análise" realizado
[09:55:16] [pjeplus] [INFO] [NAVEGAÇÃO] Verificando overlays...
[pjeplus] [NAVEGAÇÃO] Verificando overlays...
[09:55:18] [pjeplus] [INFO] [NAVEGAÇÃO] Clique em "Conclusão ao magistrado" realizado após Análise
[pjeplus] [NAVEGAÇÃO] Clique em "Conclusão ao magistrado" realizado após Análise
[09:55:18] [pjeplus] [INFO] [NAVEGAÇÃO] Navegação para conclusão concluída com sucesso
[pjeplus] [NAVEGAÇÃO] Navegação para conclusão concluída com sucesso
[09:55:18] [atos.judicial_fluxo] [INFO] [CLS][TIMING][NAVEGAR_CONCLUSAO] 1.910s
[atos.judicial_fluxo] [CLS][TIMING][NAVEGAR_CONCLUSAO] 1.910s
[09:55:18] [atos.judicial_fluxo] [INFO] [CLS] Passo 4: Escolhendo tipo de conclusão: Despacho
[atos.judicial_fluxo] [CLS] Passo 4: Escolhendo tipo de conclusão: Despacho
[09:55:18] [pjeplus] [INFO] [CONCLUSÃO] Escolhendo tipo de conclusão: Despacho
[pjeplus] [CONCLUSÃO] Escolhendo tipo de conclusão: Despacho
[09:55:19] [pjeplus] [INFO] [CONCLUSÃO] ✅ Botão de conclusão "Despacho" clicado com sucesso
[pjeplus] [CONCLUSÃO] ✅ Botão de conclusão "Despacho" clicado com sucesso
[09:55:19] [atos.judicial_fluxo] [INFO] [CLS][TIMING][ESCOLHER_TIPO] 1.531s tipo=Despacho
[atos.judicial_fluxo] [CLS][TIMING][ESCOLHER_TIPO] 1.531s tipo=Despacho
[09:55:19] [atos.judicial_fluxo] [INFO] [CLS] Passo 5: Aguardando transição para minutar...
[atos.judicial_fluxo] [CLS] Passo 5: Aguardando transição para minutar...
[09:55:19] [pjeplus] [INFO] [CONCLUSÃO] Aguardando transição para tela de minutar (DOM Observer)...
[pjeplus] [CONCLUSÃO] Aguardando transição para tela de minutar (DOM Observer)...
[09:55:19] [pjeplus] [INFO] [CONCLUSÃO] Transição detectada via renderização do DOM (pje-arvore-modelo-documento)
[pjeplus] [CONCLUSÃO] Transição detectada via renderização do DOM (pje-arvore-modelo-documento)
[09:55:19] [atos.judicial_fluxo] [INFO] [CLS][TIMING][TRANSICAO_MINUTAR] 0.003s
[atos.judicial_fluxo] [CLS][TIMING][TRANSICAO_MINUTAR] 0.003s
[09:55:19] [atos.judicial_fluxo] [INFO] [CLS] Passo 6: Preparando campo de minutar...
[atos.judicial_fluxo] [CLS] Passo 6: Preparando campo de minutar...
[09:55:19] [pjeplus] [INFO] [NAVEGAÇÃO] Preparando campo de filtro para minutar...
[pjeplus] [NAVEGAÇÃO] Preparando campo de filtro para minutar...
[09:55:24] [pjeplus] [INFO] [NAVEGAÇÃO] Campo de filtro preparado com sucesso
[pjeplus] [NAVEGAÇÃO] Campo de filtro preparado com sucesso
[09:55:24] [atos.judicial_fluxo] [INFO] [CLS][TIMING][PREPARAR_CAMPO] 5.109s
[atos.judicial_fluxo] [CLS][TIMING][PREPARAR_CAMPO] 5.109s
[09:55:24] [atos.judicial_fluxo] [INFO] ============================================================
[atos.judicial_fluxo] ============================================================
[09:55:24] [atos.judicial_fluxo] [INFO] FLUXO CLS - CONCLUÍDO COM SUCESSO
[atos.judicial_fluxo] FLUXO CLS - CONCLUÍDO COM SUCESSO
[09:55:24] [atos.judicial_fluxo] [INFO] ============================================================
[atos.judicial_fluxo] ============================================================
[09:55:24] [pjeplus] [INFO] [CLS] FIM {'status': 'sucesso', 'tempo': '9.204s'}
[pjeplus] [CLS] FIM {'status': 'sucesso', 'tempo': '9.204s'}
[09:55:24] [atos.judicial_fluxo] [INFO] [CLS][TIMING][SUCESSO] 9.204s (fluxo completo)
[atos.judicial_fluxo] [CLS][TIMING][SUCESSO] 9.204s (fluxo completo)
[09:55:24] [pjeplus] [INFO] [TEMPO] fluxo_cls.fluxo_cls: 9.204s
[pjeplus] [TEMPO] fluxo_cls.fluxo_cls: 9.204s
[09:55:24] [atos.judicial_fluxo] [INFO] [ATO][TIMING][FLUXO_CLS] 9.205s
[atos.judicial_fluxo] [ATO][TIMING][FLUXO_CLS] 9.205s
[09:55:24] [atos.judicial_fluxo] [INFO] [ATO][DESCRICAO] Preenchendo descrição: reiteração de indicação de meios
[atos.judicial_fluxo] [ATO][DESCRICAO] Preenchendo descrição: reiteração de indicação de meios
[09:55:24] [atos.judicial_fluxo] [INFO] [ATO][DESCRICAO]  Descrição preenchida
[atos.judicial_fluxo] [ATO][DESCRICAO]  Descrição preenchida
[09:55:24] [atos.judicial_fluxo] [INFO] [ATO][MODELO] Preenchendo filtro com modelo: reiterame
[atos.judicial_fluxo] [ATO][MODELO] Preenchendo filtro com modelo: reiterame
[09:55:25] [atos.judicial_fluxo] [INFO] [ATO][MODELO] Modelo "reiterame" preenchido via JS e ENTER pressionado no filtro.
[atos.judicial_fluxo] [ATO][MODELO] Modelo "reiterame" preenchido via JS e ENTER pressionado no filtro.
[09:55:27] [atos.judicial_fluxo] [INFO] [ATO][MODELO] Clique em nodo-filtrado realizado!
[atos.judicial_fluxo] [ATO][MODELO] Clique em nodo-filtrado realizado!
[09:55:27] [atos.judicial_fluxo] [INFO] [ATO][MODELO] Clique em inserir realizado
[atos.judicial_fluxo] [ATO][MODELO] Clique em inserir realizado
[09:55:27] [atos.judicial_fluxo] [INFO] [ATO][MODELO] Snackbar de inserção detectada — sinal para prosseguir
[atos.judicial_fluxo] [ATO][MODELO] Snackbar de inserção detectada — sinal para prosseguir
[09:55:28] [atos.judicial_fluxo] [INFO] [ATO][MODELO] Modelo inserido (conteúdo confirmado no editor)
[atos.judicial_fluxo] [ATO][MODELO] Modelo inserido (conteúdo confirmado no editor)
[09:55:28] [atos.judicial_fluxo] [INFO] [ATO][SALVAR] Salvando modelo após inserção...
[atos.judicial_fluxo] [ATO][SALVAR] Salvando modelo após inserção...
[09:55:28] [atos.judicial_fluxo] [INFO] [ATO][SALVAR] Clique no botao Salvar realizado
[atos.judicial_fluxo] [ATO][SALVAR] Clique no botao Salvar realizado
[09:55:28] [atos.judicial_fluxo] [INFO] [ATO][SALVAR] Aguardando ativação da aba destinatários...
[atos.judicial_fluxo] [ATO][SALVAR] Aguardando ativação da aba destinatários...
[09:55:29] [atos.judicial_fluxo] [INFO] [ATO][PRAZO] Configurando destinatários/prazos: prazo=5 (apenas_primeiro=True)
[atos.judicial_fluxo] [ATO][PRAZO] Configurando destinatários/prazos: prazo=5 (apenas_primeiro=True)
[09:55:29] [pjeplus] [INFO] [PRAZOS] Preenchendo prazos: 5
[pjeplus] [PRAZOS] Preenchendo prazos: 5
[09:55:29] [pjeplus] [INFO] [PRAZOS] Tabela de destinatários carregada
[pjeplus] [PRAZOS] Tabela de destinatários carregada
[09:55:29] [pjeplus] [INFO] [PRAZOS] Clicando no botão #selecionar-polo-ativo...
[pjeplus] [PRAZOS] Clicando no botão #selecionar-polo-ativo...
[09:55:29] [pjeplus] [INFO] [PRAZOS] Botão #selecionar-polo-ativo clicado com sucesso
[pjeplus] [PRAZOS] Botão #selecionar-polo-ativo clicado com sucesso
[09:55:29] [pjeplus] [INFO] [PRAZOS] Encontrados 1 campos de prazo
[pjeplus] [PRAZOS] Encontrados 1 campos de prazo
[09:55:30] [pjeplus] [INFO] [PRAZOS] Campo 1 preenchido com prazo: 5
[pjeplus] [PRAZOS] Campo 1 preenchido com prazo: 5
[09:55:30] [pjeplus] [INFO] [PRAZOS] Preenchimento de destinatários e prazos concluído
[pjeplus] [PRAZOS] Preenchimento de destinatários e prazos concluído
[09:55:30] [atos.judicial_fluxo] [INFO] [ATO][PRAZO] Destinatários e prazos concluídos com sucesso
[atos.judicial_fluxo] [ATO][PRAZO] Destinatários e prazos concluídos com sucesso
[09:55:30] [atos.judicial_fluxo] [INFO] [ATO][PEC] Parâmetro marcar_pec=False (desejado: desmarcar)
[atos.judicial_fluxo] [ATO][PEC] Parâmetro marcar_pec=False (desejado: desmarcar)
[09:55:30] [atos.judicial_fluxo] [INFO] [ATO][PEC] Já está conforme esperado: desmarcado
[atos.judicial_fluxo] [ATO][PEC] Já está conforme esperado: desmarcado
[09:55:30] [atos.judicial_fluxo] [INFO] [ATO][GRAVAR] Gravando intimações...
[atos.judicial_fluxo] [ATO][GRAVAR] Gravando intimações...
[09:55:30] [atos.judicial_fluxo] [INFO] [ATO][GRAVAR] Intimações gravadas
[atos.judicial_fluxo] [ATO][GRAVAR] Intimações gravadas
[09:55:30] [atos.judicial_fluxo] [INFO] [ATO][SALVAR_FINAL] Salvando ato...
[atos.judicial_fluxo] [ATO][SALVAR_FINAL] Salvando ato...
[09:55:30] [atos.judicial_fluxo] [INFO] [ATO][SALVAR_FINAL] Ato salvo
[atos.judicial_fluxo] [ATO][SALVAR_FINAL] Ato salvo
[09:55:30] [atos.judicial_fluxo] [INFO] ============================================================
[atos.judicial_fluxo] ============================================================
[09:55:30] [atos.judicial_fluxo] [INFO] ATO JUDICIAL - CONCLUÍDO COM SUCESSO
[atos.judicial_fluxo] ATO JUDICIAL - CONCLUÍDO COM SUCESSO
[09:55:30] [atos.judicial_fluxo] [INFO] ============================================================
[atos.judicial_fluxo] ============================================================
[09:55:30] [pjeplus] [INFO] [ATO] FIM {'status': 'sucesso', 'sigilo': False, 'tempo': '14.655s'}
[pjeplus] [ATO] FIM {'status': 'sucesso', 'sigilo': False, 'tempo': '14.655s'}
[09:55:30] [atos.judicial_fluxo] [INFO] [ATO][TIMING][SUCESSO] 14.655s (fluxo completo)
[atos.judicial_fluxo] [ATO][TIMING][SUCESSO] 14.655s (fluxo completo)
[09:55:30] [pjeplus] [INFO] [TEMPO] _processar_regras_gerais._processar_regras_gerais: 14.682s
[pjeplus] [TEMPO] _processar_regras_gerais._processar_regras_gerais: 14.682s
[09:55:30] [Fix.monitoramento_progresso_unificado] [INFO] [PROGRESSO_P2B][1001500-59.2025.5.02.0703] ✅ Processo marcado como executado
[Fix.monitoramento_progresso_unificado] [PROGRESSO_P2B][1001500-59.2025.5.02.0703] ✅ Processo marcado como executado
[09:55:30] [Fix.monitoramento_progresso_unificado] [INFO] [PROGRESSO_P2B]  Progresso salvo com segurança
[Fix.monitoramento_progresso_unificado] [PROGRESSO_P2B]  Progresso salvo com segurança
[09:55:30] [Prazo.p2b_gateway] [INFO] [PRAZO_API] Processo 1001500-59.2025.5.02.0703 processado com sucesso (fluxo_pz)
[Prazo.p2b_gateway] [PRAZO_API] Processo 1001500-59.2025.5.02.0703 processado com sucesso (fluxo_pz)
[09:55:30] [Prazo.p2b_gateway] [INFO] [PRAZO_API] Abrindo processo id=8693749 numero=1001046-45.2026.5.02.0703
[Prazo.p2b_gateway] [PRAZO_API] Abrindo processo id=8693749 numero=1001046-45.2026.5.02.0703
[09:55:31] [Prazo.p2b_gateway] [INFO] [p2b_api] Data documento: 2026-09-02T08:41:26.924151 -> 2026-09-02T08:41:26.924151+00:00 (Idade: 11 dias úteis)
[Prazo.p2b_gateway] [p2b_api] Data documento: 2026-09-02T08:41:26.924151 -> 2026-09-02T08:41:26.924151+00:00 (Idade: 11 dias úteis)
[09:55:31] [Prazo.p2b_gateway] [INFO] [p2b_api] doc relevante: tipo=Decisão id=484514953 data_extraida=2026-09-02T08:41:26.924151 idade_dias=11
[Prazo.p2b_gateway] [p2b_api] doc relevante: tipo=Decisão id=484514953 data_extraida=2026-09-02T08:41:26.924151 idade_dias=11
[09:55:31] [Prazo.p2b_gateway] [INFO] [p2b_api] texto extraído: 1159 chars
[Prazo.p2b_gateway] [p2b_api] texto extraído: 1159 chars
[09:55:31] [Prazo.p2b_documentos] [INFO] [FLUXO_PZ] Regra casou: pattern=(?=[\s\S]*interlocutoria)(?=[\s\S]*interposto[\s\n\r]*agravo[\s\n\r]*de[\s\n\r]*peticao[\s\n\r]*pela[\s\n\r]*parte[\s\n\r]*exequente) tipo_acao=(<function make_ato_wrapper.<locals>.wrapper at 0x0000016855F52340>,) snippet==== poder judiciario ===  === justica do
[Prazo.p2b_documentos] [FLUXO_PZ] Regra casou: pattern=(?=[\s\S]*interlocutoria)(?=[\s\S]*interposto[\s\n\r]*agravo[\s\n\r]*de[\s\n\r]*peticao[\s\n\r]*pela[\s\n\r]*parte[\s\n\r]*exequente) tipo_acao=(<function make_ato_wrapper.<locals>.wrapper at 0x0000016855F52340>,) snippet==== poder judiciario ===  === justica do
[09:55:31] [pjeplus] [INFO] [ATO] START
[pjeplus] [ATO] START
[09:55:31] [atos.judicial_fluxo] [INFO] [ATO][TIMING][INICIO] conclusao_tipo=Despacho modelo_nome=xsmeios
[atos.judicial_fluxo] [ATO][TIMING][INICIO] conclusao_tipo=Despacho modelo_nome=xsmeios
[09:55:31] [atos.judicial_fluxo] [INFO] [ATO][CLS] Iniciando fluxo CLS: conclusao_tipo=Despacho
[atos.judicial_fluxo] [ATO][CLS] Iniciando fluxo CLS: conclusao_tipo=Despacho
[09:55:31] [pjeplus] [INFO] [CLS] START
[pjeplus] [CLS] START
[09:55:31] [atos.judicial_fluxo] [INFO] [CLS][TIMING][INICIO]
[atos.judicial_fluxo] [CLS][TIMING][INICIO]
[09:55:31] [atos.judicial_fluxo] [INFO] FLUXO CLS - INICIANDO
[atos.judicial_fluxo] FLUXO CLS - INICIANDO
[09:55:31] [atos.judicial_fluxo] [INFO] ============================================================
[atos.judicial_fluxo] ============================================================
[09:55:31] [atos.judicial_fluxo] [INFO] [CLS][TIMING][CHECK_ESTADO] 0.000s estado=detalhe
[atos.judicial_fluxo] [CLS][TIMING][CHECK_ESTADO] 0.000s estado=detalhe
[09:55:31] [atos.judicial_fluxo] [INFO] [CLS] Passo 1: Estamos em /detalhe — abrindo tarefa do processo...
[atos.judicial_fluxo] [CLS] Passo 1: Estamos em /detalhe — abrindo tarefa do processo...
[09:55:31] [pjeplus] [INFO] [NAVEGAÇÃO] Abrindo tarefa do processo...
[pjeplus] [NAVEGAÇÃO] Abrindo tarefa do processo...
[09:55:33] [pjeplus] [INFO] [NAVEGAÇÃO] Foco trocado para nova aba
[pjeplus] [NAVEGAÇÃO] Foco trocado para nova aba
[09:55:33] [atos.judicial_fluxo] [INFO] [CLS][TIMING][ABRIR_TAREFA] 1.903s sucesso=True
[atos.judicial_fluxo] [CLS][TIMING][ABRIR_TAREFA] 1.903s sucesso=True
[09:55:33] [atos.judicial_fluxo] [INFO] [CLS] Passo 2: Limpando overlays...
[atos.judicial_fluxo] [CLS] Passo 2: Limpando overlays...
[09:55:33] [atos.judicial_fluxo] [INFO] [CLS][TIMING][LIMPAR_OVERLAYS] 0.044s
[atos.judicial_fluxo] [CLS][TIMING][LIMPAR_OVERLAYS] 0.044s
[09:55:33] [atos.judicial_fluxo] [INFO] [CLS] Passo 3: Navegando para conclusão...
[atos.judicial_fluxo] [CLS] Passo 3: Navegando para conclusão...
[09:55:33] [pjeplus] [INFO] [NAVEGAÇÃO] Navegando para Conclusão ao Magistrado...
[pjeplus] [NAVEGAÇÃO] Navegando para Conclusão ao Magistrado...
[09:55:33] [pjeplus] [INFO] [NAVEGAÇÃO] Nome da Tarefa Detectado: "análise"
[pjeplus] [NAVEGAÇÃO] Nome da Tarefa Detectado: "análise"
[09:55:34] [pjeplus] [INFO] [NAVEGAÇÃO] Conclusão não disponível diretamente, tentando via "Análise"...
[pjeplus] [NAVEGAÇÃO] Conclusão não disponível diretamente, tentando via "Análise"...
[09:55:34] [pjeplus] [INFO] [NAVEGAÇÃO] Tentando via "Análise"...
[pjeplus] [NAVEGAÇÃO] Tentando via "Análise"...
[09:55:34] [pjeplus] [INFO] [NAVEGAÇÃO] Clique em "Análise" realizado
[pjeplus] [NAVEGAÇÃO] Clique em "Análise" realizado
[09:55:34] [pjeplus] [INFO] [NAVEGAÇÃO] Verificando overlays...
[pjeplus] [NAVEGAÇÃO] Verificando overlays...
[09:55:36] [pjeplus] [INFO] [NAVEGAÇÃO] Clique em "Conclusão ao magistrado" realizado após Análise
[pjeplus] [NAVEGAÇÃO] Clique em "Conclusão ao magistrado" realizado após Análise
[09:55:36] [pjeplus] [INFO] [NAVEGAÇÃO] Navegação para conclusão concluída com sucesso
[pjeplus] [NAVEGAÇÃO] Navegação para conclusão concluída com sucesso
[09:55:36] [atos.judicial_fluxo] [INFO] [CLS][TIMING][NAVEGAR_CONCLUSAO] 2.789s
[atos.judicial_fluxo] [CLS][TIMING][NAVEGAR_CONCLUSAO] 2.789s
[09:55:36] [atos.judicial_fluxo] [INFO] [CLS] Passo 4: Escolhendo tipo de conclusão: Despacho
[atos.judicial_fluxo] [CLS] Passo 4: Escolhendo tipo de conclusão: Despacho
[09:55:36] [pjeplus] [INFO] [CONCLUSÃO] Escolhendo tipo de conclusão: Despacho
[pjeplus] [CONCLUSÃO] Escolhendo tipo de conclusão: Despacho
[09:55:37] [pjeplus] [INFO] [CONCLUSÃO] ✅ Botão de conclusão "Despacho" clicado com sucesso
[pjeplus] [CONCLUSÃO] ✅ Botão de conclusão "Despacho" clicado com sucesso
[09:55:37] [atos.judicial_fluxo] [INFO] [CLS][TIMING][ESCOLHER_TIPO] 1.550s tipo=Despacho
[atos.judicial_fluxo] [CLS][TIMING][ESCOLHER_TIPO] 1.550s tipo=Despacho
[09:55:37] [atos.judicial_fluxo] [INFO] [CLS] Passo 5: Aguardando transição para minutar...
[atos.judicial_fluxo] [CLS] Passo 5: Aguardando transição para minutar...
[09:55:37] [pjeplus] [INFO] [CONCLUSÃO] Aguardando transição para tela de minutar (DOM Observer)...
[pjeplus] [CONCLUSÃO] Aguardando transição para tela de minutar (DOM Observer)...
[09:55:37] [pjeplus] [INFO] [CONCLUSÃO] Transição detectada via renderização do DOM (pje-arvore-modelo-documento)
[pjeplus] [CONCLUSÃO] Transição detectada via renderização do DOM (pje-arvore-modelo-documento)
[09:55:37] [atos.judicial_fluxo] [INFO] [CLS][TIMING][TRANSICAO_MINUTAR] 0.004s
[atos.judicial_fluxo] [CLS][TIMING][TRANSICAO_MINUTAR] 0.004s
[09:55:37] [atos.judicial_fluxo] [INFO] [CLS] Passo 6: Preparando campo de minutar...
[atos.judicial_fluxo] [CLS] Passo 6: Preparando campo de minutar...
[09:55:37] [pjeplus] [INFO] [NAVEGAÇÃO] Preparando campo de filtro para minutar...
[pjeplus] [NAVEGAÇÃO] Preparando campo de filtro para minutar...
[09:55:43] [pjeplus] [INFO] [NAVEGAÇÃO] Campo de filtro preparado com sucesso
[pjeplus] [NAVEGAÇÃO] Campo de filtro preparado com sucesso
[09:55:43] [atos.judicial_fluxo] [INFO] [CLS][TIMING][PREPARAR_CAMPO] 5.067s
[atos.judicial_fluxo] [CLS][TIMING][PREPARAR_CAMPO] 5.067s
[09:55:43] [atos.judicial_fluxo] [INFO] ============================================================
[atos.judicial_fluxo] ============================================================
[09:55:43] [atos.judicial_fluxo] [INFO] FLUXO CLS - CONCLUÍDO COM SUCESSO
[atos.judicial_fluxo] FLUXO CLS - CONCLUÍDO COM SUCESSO
[09:55:43] [atos.judicial_fluxo] [INFO] ============================================================
[atos.judicial_fluxo] ============================================================
[09:55:43] [pjeplus] [INFO] [CLS] FIM {'status': 'sucesso', 'tempo': '11.361s'}
[pjeplus] [CLS] FIM {'status': 'sucesso', 'tempo': '11.361s'}
[09:55:43] [atos.judicial_fluxo] [INFO] [CLS][TIMING][SUCESSO] 11.361s (fluxo completo)
[atos.judicial_fluxo] [CLS][TIMING][SUCESSO] 11.361s (fluxo completo)
[09:55:43] [pjeplus] [INFO] [TEMPO] fluxo_cls.fluxo_cls: 11.363s
[pjeplus] [TEMPO] fluxo_cls.fluxo_cls: 11.363s
[09:55:43] [atos.judicial_fluxo] [INFO] [ATO][TIMING][FLUXO_CLS] 11.363s
[atos.judicial_fluxo] [ATO][TIMING][FLUXO_CLS] 11.363s
[09:55:43] [atos.judicial_fluxo] [INFO] [ATO][MODELO] Preenchendo filtro com modelo: xsmeios
[atos.judicial_fluxo] [ATO][MODELO] Preenchendo filtro com modelo: xsmeios
[09:55:43] [atos.judicial_fluxo] [INFO] [ATO][MODELO] Modelo "xsmeios" preenchido via JS e ENTER pressionado no filtro.
[atos.judicial_fluxo] [ATO][MODELO] Modelo "xsmeios" preenchido via JS e ENTER pressionado no filtro.
[09:55:46] [atos.judicial_fluxo] [INFO] [ATO][MODELO] Clique em nodo-filtrado realizado!
[atos.judicial_fluxo] [ATO][MODELO] Clique em nodo-filtrado realizado!
[09:55:47] [atos.judicial_fluxo] [INFO] [ATO][MODELO] Clique em inserir realizado
[atos.judicial_fluxo] [ATO][MODELO] Clique em inserir realizado
[09:55:47] [atos.judicial_fluxo] [INFO] [ATO][MODELO] Snackbar de inserção detectada — sinal para prosseguir
[atos.judicial_fluxo] [ATO][MODELO] Snackbar de inserção detectada — sinal para prosseguir
[09:55:48] [atos.judicial_fluxo] [INFO] [ATO][MODELO] Modelo inserido (conteúdo confirmado no editor)
[atos.judicial_fluxo] [ATO][MODELO] Modelo inserido (conteúdo confirmado no editor)
[09:55:48] [atos.judicial_fluxo] [INFO] [ATO][SALVAR] Salvando modelo após inserção...
[atos.judicial_fluxo] [ATO][SALVAR] Salvando modelo após inserção...
[09:55:48] [atos.judicial_fluxo] [INFO] [ATO][SALVAR] Clique no botao Salvar realizado
[atos.judicial_fluxo] [ATO][SALVAR] Clique no botao Salvar realizado
[09:55:48] [atos.judicial_fluxo] [INFO] [ATO][SALVAR] Aguardando ativação da aba destinatários...
[atos.judicial_fluxo] [ATO][SALVAR] Aguardando ativação da aba destinatários...
[09:55:49] [atos.judicial_fluxo] [INFO] [ATO][PRAZO] Configurando destinatários/prazos: prazo=5 (apenas_primeiro=True)
[atos.judicial_fluxo] [ATO][PRAZO] Configurando destinatários/prazos: prazo=5 (apenas_primeiro=True)
[09:55:49] [pjeplus] [INFO] [PRAZOS] Preenchendo prazos: 5
[pjeplus] [PRAZOS] Preenchendo prazos: 5
[09:55:49] [pjeplus] [INFO] [PRAZOS] Tabela de destinatários carregada
[pjeplus] [PRAZOS] Tabela de destinatários carregada
[09:55:49] [pjeplus] [INFO] [PRAZOS] Clicando no botão #selecionar-polo-ativo...
[pjeplus] [PRAZOS] Clicando no botão #selecionar-polo-ativo...
[09:55:49] [pjeplus] [INFO] [PRAZOS] Botão #selecionar-polo-ativo clicado com sucesso
[pjeplus] [PRAZOS] Botão #selecionar-polo-ativo clicado com sucesso
[09:55:49] [pjeplus] [INFO] [PRAZOS] Encontrados 1 campos de prazo
[pjeplus] [PRAZOS] Encontrados 1 campos de prazo
[09:55:49] [pjeplus] [INFO] [PRAZOS] Campo 1 preenchido com prazo: 5
[pjeplus] [PRAZOS] Campo 1 preenchido com prazo: 5
[09:55:49] [pjeplus] [INFO] [PRAZOS] Preenchimento de destinatários e prazos concluído
[pjeplus] [PRAZOS] Preenchimento de destinatários e prazos concluído
[09:55:49] [atos.judicial_fluxo] [INFO] [ATO][PRAZO] Destinatários e prazos concluídos com sucesso
[atos.judicial_fluxo] [ATO][PRAZO] Destinatários e prazos concluídos com sucesso
[09:55:49] [atos.judicial_fluxo] [INFO] [ATO][PEC] Parâmetro marcar_pec=False (desejado: desmarcar)
[atos.judicial_fluxo] [ATO][PEC] Parâmetro marcar_pec=False (desejado: desmarcar)
[09:55:49] [atos.judicial_fluxo] [INFO] [ATO][PEC] Estado inicial: marcado → alterado para: desmarcado
[atos.judicial_fluxo] [ATO][PEC] Estado inicial: marcado → alterado para: desmarcado
[09:55:49] [atos.judicial_fluxo] [INFO] [ATO][GRAVAR] Gravando intimações...
[atos.judicial_fluxo] [ATO][GRAVAR] Gravando intimações...
[09:55:49] [atos.judicial_fluxo] [INFO] [ATO][GRAVAR] Intimações gravadas
[atos.judicial_fluxo] [ATO][GRAVAR] Intimações gravadas
[09:55:49] [atos.judicial_fluxo] [INFO] [ATO][SALVAR_FINAL] Salvando ato...
[atos.judicial_fluxo] [ATO][SALVAR_FINAL] Salvando ato...
[09:55:49] [atos.judicial_fluxo] [INFO] [ATO][SALVAR_FINAL] Ato salvo
[atos.judicial_fluxo] [ATO][SALVAR_FINAL] Ato salvo
[09:55:49] [atos.judicial_fluxo] [INFO] ============================================================
[atos.judicial_fluxo] ============================================================
[09:55:49] [atos.judicial_fluxo] [INFO] ATO JUDICIAL - CONCLUÍDO COM SUCESSO
[atos.judicial_fluxo] ATO JUDICIAL - CONCLUÍDO COM SUCESSO
[09:55:49] [atos.judicial_fluxo] [INFO] ============================================================
[atos.judicial_fluxo] ============================================================
[09:55:49] [pjeplus] [INFO] [ATO] FIM {'status': 'sucesso', 'sigilo': False, 'tempo': '17.688s'}
[pjeplus] [ATO] FIM {'status': 'sucesso', 'sigilo': False, 'tempo': '17.688s'}
[09:55:49] [atos.judicial_fluxo] [INFO] [ATO][TIMING][SUCESSO] 17.688s (fluxo completo)
[atos.judicial_fluxo] [ATO][TIMING][SUCESSO] 17.688s (fluxo completo)
[09:55:49] [pjeplus] [INFO] [TEMPO] _processar_regras_gerais._processar_regras_gerais: 17.704s
[pjeplus] [TEMPO] _processar_regras_gerais._processar_regras_gerais: 17.704s
[09:55:49] [Fix.monitoramento_progresso_unificado] [INFO] [PROGRESSO_P2B][1001046-45.2026.5.02.0703] ✅ Processo marcado como executado
[Fix.monitoramento_progresso_unificado] [PROGRESSO_P2B][1001046-45.2026.5.02.0703] ✅ Processo marcado como executado
[09:55:49] [Fix.monitoramento_progresso_unificado] [INFO] [PROGRESSO_P2B]  Progresso salvo com segurança
[Fix.monitoramento_progresso_unificado] [PROGRESSO_P2B]  Progresso salvo com segurança
[09:55:49] [Prazo.p2b_gateway] [INFO] [PRAZO_API] Processo 1001046-45.2026.5.02.0703 processado com sucesso (fluxo_pz)
[Prazo.p2b_gateway] [PRAZO_API] Processo 1001046-45.2026.5.02.0703 processado com sucesso (fluxo_pz)
[09:55:49] [Prazo.p2b_gateway] [INFO] [PRAZO_API] Abrindo processo id=6927549 numero=1000242-14.2025.5.02.0703
[Prazo.p2b_gateway] [PRAZO_API] Abrindo processo id=6927549 numero=1000242-14.2025.5.02.0703
[09:55:50] [Prazo.p2b_gateway] [INFO] [p2b_api] Data documento: 2026-09-04T10:30:36.83099 -> 2026-09-04T10:30:36.830990+00:00 (Idade: 9 dias úteis)
[Prazo.p2b_gateway] [p2b_api] Data documento: 2026-09-04T10:30:36.83099 -> 2026-09-04T10:30:36.830990+00:00 (Idade: 9 dias úteis)
[09:55:50] [Prazo.p2b_gateway] [INFO] [p2b_api] doc relevante: tipo=Despacho id=485137472 data_extraida=2026-09-04T10:30:36.83099 idade_dias=9
[Prazo.p2b_gateway] [p2b_api] doc relevante: tipo=Despacho id=485137472 data_extraida=2026-09-04T10:30:36.83099 idade_dias=9
[09:55:50] [Prazo.p2b_gateway] [INFO] [p2b_api] texto extraído: 1252 chars
[Prazo.p2b_gateway] [p2b_api] texto extraído: 1252 chars
[09:55:50] [pjeplus] [INFO] [TEMPO] _processar_regras_gerais._processar_regras_gerais: 0.027s
[pjeplus] [TEMPO] _processar_regras_gerais._processar_regras_gerais: 0.027s
[09:55:50] [Fix.monitoramento_progresso_unificado] [INFO] [PROGRESSO_P2B][1000242-14.2025.5.02.0703] ✅ Processo marcado como executado
[Fix.monitoramento_progresso_unificado] [PROGRESSO_P2B][1000242-14.2025.5.02.0703] ✅ Processo marcado como executado
[09:55:50] [Fix.monitoramento_progresso_unificado] [INFO] [PROGRESSO_P2B]  Progresso salvo com segurança
[Fix.monitoramento_progresso_unificado] [PROGRESSO_P2B]  Progresso salvo com segurança
[09:55:50] [Prazo.p2b_gateway] [INFO] [PRAZO_API] Processo 1000242-14.2025.5.02.0703 processado com sucesso (fluxo_pz)
[Prazo.p2b_gateway] [PRAZO_API] Processo 1000242-14.2025.5.02.0703 processado com sucesso (fluxo_pz)
[09:55:50] [Prazo.p2b_gateway] [INFO] [PRAZO_API] Abrindo processo id=7068406 numero=1000489-92.2025.5.02.0703
[Prazo.p2b_gateway] [PRAZO_API] Abrindo processo id=7068406 numero=1000489-92.2025.5.02.0703
[09:55:51] [Prazo.p2b_gateway] [INFO] [p2b_api] Data documento: 2026-08-24T14:25:44.986948 -> 2026-08-24T14:25:44.986948+00:00 (Idade: 18 dias úteis)
[Prazo.p2b_gateway] [p2b_api] Data documento: 2026-08-24T14:25:44.986948 -> 2026-08-24T14:25:44.986948+00:00 (Idade: 18 dias úteis)
[09:55:51] [Prazo.p2b_gateway] [INFO] [p2b_api] doc relevante: tipo=Despacho id=482497143 data_extraida=2026-08-24T14:25:44.986948 idade_dias=18
[Prazo.p2b_gateway] [p2b_api] doc relevante: tipo=Despacho id=482497143 data_extraida=2026-08-24T14:25:44.986948 idade_dias=18
[09:55:51] [Prazo.p2b_gateway] [INFO] [p2b_api] texto extraído: 840 chars
[Prazo.p2b_gateway] [p2b_api] texto extraído: 840 chars
[09:55:51] [pjeplus] [INFO] [TEMPO] _processar_regras_gerais._processar_regras_gerais: 0.009s
[pjeplus] [TEMPO] _processar_regras_gerais._processar_regras_gerais: 0.009s
[09:55:51] [Fix.monitoramento_progresso_unificado] [INFO] [PROGRESSO_P2B][1000489-92.2025.5.02.0703] ✅ Processo marcado como executado
[Fix.monitoramento_progresso_unificado] [PROGRESSO_P2B][1000489-92.2025.5.02.0703] ✅ Processo marcado como executado
[09:55:51] [Fix.monitoramento_progresso_unificado] [INFO] [PROGRESSO_P2B]  Progresso salvo com segurança
[Fix.monitoramento_progresso_unificado] [PROGRESSO_P2B]  Progresso salvo com segurança
[09:55:51] [Prazo.p2b_gateway] [INFO] [PRAZO_API] Processo 1000489-92.2025.5.02.0703 processado com sucesso (fluxo_pz)
[Prazo.p2b_gateway] [PRAZO_API] Processo 1000489-92.2025.5.02.0703 processado com sucesso (fluxo_pz)
[09:55:51] [Prazo.p2b_gateway] [INFO] [PRAZO_API] Abrindo processo id=5072764 numero=1000251-44.2023.5.02.0703
[Prazo.p2b_gateway] [PRAZO_API] Abrindo processo id=5072764 numero=1000251-44.2023.5.02.0703
[09:55:52] [Prazo.p2b_gateway] [INFO] [p2b_api] Data documento: 2026-09-04T10:24:28.043754 -> 2026-09-04T10:24:28.043754+00:00 (Idade: 9 dias úteis)
[Prazo.p2b_gateway] [p2b_api] Data documento: 2026-09-04T10:24:28.043754 -> 2026-09-04T10:24:28.043754+00:00 (Idade: 9 dias úteis)
[09:55:52] [Prazo.p2b_gateway] [INFO] [p2b_api] doc relevante: tipo=Despacho id=485052827 data_extraida=2026-09-04T10:24:28.043754 idade_dias=9
[Prazo.p2b_gateway] [p2b_api] doc relevante: tipo=Despacho id=485052827 data_extraida=2026-09-04T10:24:28.043754 idade_dias=9
[09:55:52] [Prazo.p2b_gateway] [INFO] [p2b_api] texto extraído: 1258 chars
[Prazo.p2b_gateway] [p2b_api] texto extraído: 1258 chars
[09:55:52] [Prazo.p2b_documentos] [INFO] [FLUXO_PZ] Regra casou: pattern=abre\-se,[\s\.,;:!\-–—()$]*como[\s\.,;:!\-–—()$]*reiteracao tipo_acao=('criar_gigs[1//xs sob 24]', <function make_ato_wrapper.<locals>.wrapper at 0x0000016855F53420>) snippet==== despacho ===  === vistos, etc. ===  abre-se, como reiteracao, novo prazo para oferta de novos meios 
[Prazo.p2b_documentos] [FLUXO_PZ] Regra casou: pattern=abre\-se,[\s\.,;:!\-–—()$]*como[\s\.,;:!\-–—()$]*reiteracao tipo_acao=('criar_gigs[1//xs sob 24]', <function make_ato_wrapper.<locals>.wrapper at 0x0000016855F53420>) snippet==== despacho ===  === vistos, etc. ===  abre-se, como reiteracao, novo prazo para oferta de novos meios 
[09:55:54] [pjeplus] [INFO] [ATO] START
[pjeplus] [ATO] START
[09:55:54] [atos.judicial_fluxo] [INFO] [ATO][TIMING][INICIO] conclusao_tipo=Suspensão modelo_nome=suspf
[atos.judicial_fluxo] [ATO][TIMING][INICIO] conclusao_tipo=Suspensão modelo_nome=suspf
[09:55:54] [atos.judicial_fluxo] [INFO] [ATO][CLS] Iniciando fluxo CLS: conclusao_tipo=Suspensão
[atos.judicial_fluxo] [ATO][CLS] Iniciando fluxo CLS: conclusao_tipo=Suspensão
[09:55:54] [pjeplus] [INFO] [CLS] START
[pjeplus] [CLS] START
[09:55:54] [atos.judicial_fluxo] [INFO] [CLS][TIMING][INICIO]
[atos.judicial_fluxo] [CLS][TIMING][INICIO]
[09:55:54] [atos.judicial_fluxo] [INFO] FLUXO CLS - INICIANDO
[atos.judicial_fluxo] FLUXO CLS - INICIANDO
[09:55:54] [atos.judicial_fluxo] [INFO] ============================================================
[atos.judicial_fluxo] ============================================================
[09:55:54] [atos.judicial_fluxo] [INFO] [CLS][TIMING][CHECK_ESTADO] 0.000s estado=detalhe
[atos.judicial_fluxo] [CLS][TIMING][CHECK_ESTADO] 0.000s estado=detalhe
[09:55:54] [atos.judicial_fluxo] [INFO] [CLS] Passo 1: Estamos em /detalhe — abrindo tarefa do processo...
[atos.judicial_fluxo] [CLS] Passo 1: Estamos em /detalhe — abrindo tarefa do processo...
[09:55:54] [pjeplus] [INFO] [NAVEGAÇÃO] Abrindo tarefa do processo...
[pjeplus] [NAVEGAÇÃO] Abrindo tarefa do processo...
[09:55:54] [pjeplus] [INFO] [NAVEGAÇÃO] Foco trocado para nova aba
[pjeplus] [NAVEGAÇÃO] Foco trocado para nova aba
[09:55:55] [atos.judicial_fluxo] [INFO] [CLS][TIMING][ABRIR_TAREFA] 0.606s sucesso=True
[atos.judicial_fluxo] [CLS][TIMING][ABRIR_TAREFA] 0.606s sucesso=True
[09:55:55] [atos.judicial_fluxo] [INFO] [CLS] Passo 2: Limpando overlays...
[atos.judicial_fluxo] [CLS] Passo 2: Limpando overlays...
[09:55:55] [atos.judicial_fluxo] [INFO] [CLS][TIMING][LIMPAR_OVERLAYS] 0.023s
[atos.judicial_fluxo] [CLS][TIMING][LIMPAR_OVERLAYS] 0.023s
[09:55:55] [atos.judicial_fluxo] [INFO] [CLS] Passo 3: Navegando para conclusão...
[atos.judicial_fluxo] [CLS] Passo 3: Navegando para conclusão...
[09:55:55] [pjeplus] [INFO] [NAVEGAÇÃO] Navegando para Conclusão ao Magistrado...
[pjeplus] [NAVEGAÇÃO] Navegando para Conclusão ao Magistrado...
[09:55:55] [pjeplus] [INFO] [NAVEGAÇÃO] Nome da Tarefa Detectado: "análise"
[pjeplus] [NAVEGAÇÃO] Nome da Tarefa Detectado: "análise"
[09:55:55] [pjeplus] [INFO] [NAVEGAÇÃO] Conclusão não disponível diretamente, tentando via "Análise"...
[pjeplus] [NAVEGAÇÃO] Conclusão não disponível diretamente, tentando via "Análise"...
[09:55:55] [pjeplus] [INFO] [NAVEGAÇÃO] Tentando via "Análise"...
[pjeplus] [NAVEGAÇÃO] Tentando via "Análise"...
[09:55:55] [pjeplus] [INFO] [NAVEGAÇÃO] Clique em "Análise" realizado
[pjeplus] [NAVEGAÇÃO] Clique em "Análise" realizado
[09:55:55] [pjeplus] [INFO] [NAVEGAÇÃO] Verificando overlays...
[pjeplus] [NAVEGAÇÃO] Verificando overlays...
[09:55:57] [pjeplus] [INFO] [NAVEGAÇÃO] Clique em "Conclusão ao magistrado" realizado após Análise
[pjeplus] [NAVEGAÇÃO] Clique em "Conclusão ao magistrado" realizado após Análise
[09:55:57] [pjeplus] [INFO] [NAVEGAÇÃO] Navegação para conclusão concluída com sucesso
[pjeplus] [NAVEGAÇÃO] Navegação para conclusão concluída com sucesso
[09:55:57] [atos.judicial_fluxo] [INFO] [CLS][TIMING][NAVEGAR_CONCLUSAO] 2.698s
[atos.judicial_fluxo] [CLS][TIMING][NAVEGAR_CONCLUSAO] 2.698s
[09:55:57] [atos.judicial_fluxo] [INFO] [CLS] Passo 4: Escolhendo tipo de conclusão: Suspensão
[atos.judicial_fluxo] [CLS] Passo 4: Escolhendo tipo de conclusão: Suspensão
[09:55:57] [pjeplus] [INFO] [CONCLUSÃO] Escolhendo tipo de conclusão: Suspensão
[pjeplus] [CONCLUSÃO] Escolhendo tipo de conclusão: Suspensão
[09:55:59] [pjeplus] [INFO] [CONCLUSÃO] ✅ Botão de conclusão "Suspensão" clicado com sucesso
[pjeplus] [CONCLUSÃO] ✅ Botão de conclusão "Suspensão" clicado com sucesso
[09:55:59] [atos.judicial_fluxo] [INFO] [CLS][TIMING][ESCOLHER_TIPO] 1.530s tipo=Suspensão
[atos.judicial_fluxo] [CLS][TIMING][ESCOLHER_TIPO] 1.530s tipo=Suspensão
[09:55:59] [atos.judicial_fluxo] [INFO] [CLS] Passo 5: Aguardando transição para minutar...
[atos.judicial_fluxo] [CLS] Passo 5: Aguardando transição para minutar...
[09:55:59] [pjeplus] [INFO] [CONCLUSÃO] Aguardando transição para tela de minutar (DOM Observer)...
[pjeplus] [CONCLUSÃO] Aguardando transição para tela de minutar (DOM Observer)...
[09:55:59] [pjeplus] [INFO] [CONCLUSÃO] Transição detectada via renderização do DOM (pje-arvore-modelo-documento)
[pjeplus] [CONCLUSÃO] Transição detectada via renderização do DOM (pje-arvore-modelo-documento)
[09:55:59] [atos.judicial_fluxo] [INFO] [CLS][TIMING][TRANSICAO_MINUTAR] 0.003s
[atos.judicial_fluxo] [CLS][TIMING][TRANSICAO_MINUTAR] 0.003s
[09:55:59] [atos.judicial_fluxo] [INFO] [CLS] Passo 6: Preparando campo de minutar...
[atos.judicial_fluxo] [CLS] Passo 6: Preparando campo de minutar...
[09:55:59] [pjeplus] [INFO] [NAVEGAÇÃO] Preparando campo de filtro para minutar...
[pjeplus] [NAVEGAÇÃO] Preparando campo de filtro para minutar...
[09:56:05] [pjeplus] [INFO] [NAVEGAÇÃO] Campo de filtro preparado com sucesso
[pjeplus] [NAVEGAÇÃO] Campo de filtro preparado com sucesso
[09:56:05] [atos.judicial_fluxo] [INFO] [CLS][TIMING][PREPARAR_CAMPO] 6.235s
[atos.judicial_fluxo] [CLS][TIMING][PREPARAR_CAMPO] 6.235s
[09:56:05] [atos.judicial_fluxo] [INFO] ============================================================
[atos.judicial_fluxo] ============================================================
[09:56:05] [atos.judicial_fluxo] [INFO] FLUXO CLS - CONCLUÍDO COM SUCESSO
[atos.judicial_fluxo] FLUXO CLS - CONCLUÍDO COM SUCESSO
[09:56:05] [atos.judicial_fluxo] [INFO] ============================================================
[atos.judicial_fluxo] ============================================================
[09:56:05] [pjeplus] [INFO] [CLS] FIM {'status': 'sucesso', 'tempo': '11.097s'}
[pjeplus] [CLS] FIM {'status': 'sucesso', 'tempo': '11.097s'}
[09:56:05] [atos.judicial_fluxo] [INFO] [CLS][TIMING][SUCESSO] 11.097s (fluxo completo)
[atos.judicial_fluxo] [CLS][TIMING][SUCESSO] 11.097s (fluxo completo)
[09:56:05] [pjeplus] [INFO] [TEMPO] fluxo_cls.fluxo_cls: 11.097s
[pjeplus] [TEMPO] fluxo_cls.fluxo_cls: 11.097s
[09:56:05] [atos.judicial_fluxo] [INFO] [ATO][TIMING][FLUXO_CLS] 11.097s
[atos.judicial_fluxo] [ATO][TIMING][FLUXO_CLS] 11.097s
[09:56:05] [atos.judicial_fluxo] [INFO] [ATO][DESCRICAO] Preenchendo descrição: Sobrestamento
[atos.judicial_fluxo] [ATO][DESCRICAO] Preenchendo descrição: Sobrestamento
[09:56:05] [atos.judicial_fluxo] [INFO] [ATO][DESCRICAO]  Descrição preenchida
[atos.judicial_fluxo] [ATO][DESCRICAO]  Descrição preenchida
[09:56:05] [atos.judicial_fluxo] [INFO] [ATO][MODELO] Preenchendo filtro com modelo: suspf
[atos.judicial_fluxo] [ATO][MODELO] Preenchendo filtro com modelo: suspf
[09:56:05] [atos.judicial_fluxo] [INFO] [ATO][MODELO] Modelo "suspf" preenchido via JS e ENTER pressionado no filtro.
[atos.judicial_fluxo] [ATO][MODELO] Modelo "suspf" preenchido via JS e ENTER pressionado no filtro.
[09:56:07] [atos.judicial_fluxo] [INFO] [ATO][MODELO] Clique em nodo-filtrado realizado!
[atos.judicial_fluxo] [ATO][MODELO] Clique em nodo-filtrado realizado!
[09:56:08] [atos.judicial_fluxo] [INFO] [ATO][MODELO] Clique em inserir realizado
[atos.judicial_fluxo] [ATO][MODELO] Clique em inserir realizado
[09:56:08] [atos.judicial_fluxo] [INFO] [ATO][MODELO] Snackbar de inserção detectada — sinal para prosseguir
[atos.judicial_fluxo] [ATO][MODELO] Snackbar de inserção detectada — sinal para prosseguir
[09:56:09] [atos.judicial_fluxo] [INFO] [ATO][MODELO] Modelo inserido (conteúdo confirmado no editor)
[atos.judicial_fluxo] [ATO][MODELO] Modelo inserido (conteúdo confirmado no editor)
[09:56:09] [atos.judicial_fluxo] [INFO] [ATO][SALVAR] Salvando modelo após inserção...
[atos.judicial_fluxo] [ATO][SALVAR] Salvando modelo após inserção...
[09:56:09] [atos.judicial_fluxo] [INFO] [ATO][SALVAR] Clique no botao Salvar realizado
[atos.judicial_fluxo] [ATO][SALVAR] Clique no botao Salvar realizado
[09:56:09] [atos.judicial_fluxo] [INFO] [ATO][SALVAR] Aguardando ativação da aba destinatários...
[atos.judicial_fluxo] [ATO][SALVAR] Aguardando ativação da aba destinatários...
[09:56:10] [atos.judicial_fluxo] [INFO] [ATO][PRAZO] Configurando destinatários/prazos: prazo=0 (apenas_primeiro=False)
[atos.judicial_fluxo] [ATO][PRAZO] Configurando destinatários/prazos: prazo=0 (apenas_primeiro=False)
[09:56:10] [pjeplus] [INFO] [PRAZOS] Preenchendo prazos: 0
[pjeplus] [PRAZOS] Preenchendo prazos: 0
[09:56:10] [pjeplus] [INFO] [PRAZOS] Tabela de destinatários carregada
[pjeplus] [PRAZOS] Tabela de destinatários carregada
[09:56:10] [pjeplus] [INFO] [PRAZOS] Todas as partes selecionadas
[pjeplus] [PRAZOS] Todas as partes selecionadas
[09:56:10] [pjeplus] [INFO] [PRAZOS] Encontrados 1 campos de prazo
[pjeplus] [PRAZOS] Encontrados 1 campos de prazo
[09:56:10] [pjeplus] [INFO] [PRAZOS] Campo 1 preenchido com prazo: 0
[pjeplus] [PRAZOS] Campo 1 preenchido com prazo: 0
[09:56:10] [pjeplus] [INFO] [PRAZOS] Preenchimento de destinatários e prazos concluído
[pjeplus] [PRAZOS] Preenchimento de destinatários e prazos concluído
[09:56:10] [atos.judicial_fluxo] [INFO] [ATO][PRAZO] Destinatários e prazos concluídos com sucesso
[atos.judicial_fluxo] [ATO][PRAZO] Destinatários e prazos concluídos com sucesso
[09:56:10] [atos.judicial_fluxo] [INFO] [ATO][PEC] Parâmetro marcar_pec='nao' (desejado: desmarcar)
[atos.judicial_fluxo] [ATO][PEC] Parâmetro marcar_pec='nao' (desejado: desmarcar)
[09:56:10] [atos.judicial_fluxo] [INFO] [ATO][PEC] Estado inicial: marcado → alterado para: desmarcado
[atos.judicial_fluxo] [ATO][PEC] Estado inicial: marcado → alterado para: desmarcado
[09:56:10] [atos.judicial_fluxo] [INFO] [ATO][GRAVAR] Gravando intimações...
[atos.judicial_fluxo] [ATO][GRAVAR] Gravando intimações...
[09:56:10] [atos.judicial_fluxo] [INFO] [ATO][GRAVAR] Intimações gravadas
[atos.judicial_fluxo] [ATO][GRAVAR] Intimações gravadas
[09:56:10] [atos.judicial_fluxo] [INFO] [ATO][MOVIMENTO] Selecionando movimento: frustrada
[atos.judicial_fluxo] [ATO][MOVIMENTO] Selecionando movimento: frustrada
[09:56:10] [atos.judicial_fluxo] [INFO] [ATO][MOVIMENTO]  Checkbox marcado:   Suspenso o processo por execução frustrada (276)
[atos.judicial_fluxo] [ATO][MOVIMENTO]  Checkbox marcado:   Suspenso o processo por execução frustrada (276)
[09:56:10] [atos.judicial_fluxo] [INFO] [ATO][MOVIMENTO] Gravando movimento...
[atos.judicial_fluxo] [ATO][MOVIMENTO] Gravando movimento...
[09:56:10] [atos.judicial_fluxo] [INFO] [ATO][MOVIMENTO] Confirmando gravação...
[atos.judicial_fluxo] [ATO][MOVIMENTO] Confirmando gravação...
[09:56:11] [atos.judicial_fluxo] [INFO] [ATO][MOVIMENTO] Movimento gravado (snackbar de sucesso)
[atos.judicial_fluxo] [ATO][MOVIMENTO] Movimento gravado (snackbar de sucesso)
[09:56:11] [atos.judicial_fluxo] [INFO] [ATO][SALVAR_FINAL] Salvando ato...
[atos.judicial_fluxo] [ATO][SALVAR_FINAL] Salvando ato...
[09:56:11] [atos.judicial_fluxo] [INFO] [ATO][SALVAR_FINAL] Ato salvo
[atos.judicial_fluxo] [ATO][SALVAR_FINAL] Ato salvo
[09:56:11] [atos.judicial_fluxo] [INFO] ============================================================
[atos.judicial_fluxo] ============================================================
[09:56:11] [atos.judicial_fluxo] [INFO] ATO JUDICIAL - CONCLUÍDO COM SUCESSO
[atos.judicial_fluxo] ATO JUDICIAL - CONCLUÍDO COM SUCESSO
[09:56:11] [atos.judicial_fluxo] [INFO] ============================================================
[atos.judicial_fluxo] ============================================================
[09:56:11] [pjeplus] [INFO] [ATO] FIM {'status': 'sucesso', 'sigilo': False, 'tempo': '16.863s'}
[pjeplus] [ATO] FIM {'status': 'sucesso', 'sigilo': False, 'tempo': '16.863s'}
[09:56:11] [atos.judicial_fluxo] [INFO] [ATO][TIMING][SUCESSO] 16.863s (fluxo completo)
[atos.judicial_fluxo] [ATO][TIMING][SUCESSO] 16.863s (fluxo completo)
[09:56:11] [pjeplus] [INFO] [TEMPO] _processar_regras_gerais._processar_regras_gerais: 18.663s
[pjeplus] [TEMPO] _processar_regras_gerais._processar_regras_gerais: 18.663s
[09:56:11] [Fix.monitoramento_progresso_unificado] [INFO] [PROGRESSO_P2B][1000251-44.2023.5.02.0703] ✅ Processo marcado como executado
[Fix.monitoramento_progresso_unificado] [PROGRESSO_P2B][1000251-44.2023.5.02.0703] ✅ Processo marcado como executado
[09:56:11] [Fix.monitoramento_progresso_unificado] [INFO] [PROGRESSO_P2B]  Progresso salvo com segurança
[Fix.monitoramento_progresso_unificado] [PROGRESSO_P2B]  Progresso salvo com segurança
[09:56:11] [Prazo.p2b_gateway] [INFO] [PRAZO_API] Processo 1000251-44.2023.5.02.0703 processado com sucesso (fluxo_pz)
[Prazo.p2b_gateway] [PRAZO_API] Processo 1000251-44.2023.5.02.0703 processado com sucesso (fluxo_pz)
[09:56:11] [Prazo.p2b_gateway] [INFO] [PRAZO_API] Abrindo processo id=3980830 numero=1000582-94.2021.5.02.0703
[Prazo.p2b_gateway] [PRAZO_API] Abrindo processo id=3980830 numero=1000582-94.2021.5.02.0703
[09:56:12] [Prazo.p2b_gateway] [INFO] [p2b_api] Data documento: 2026-07-24T17:40:50.313249 -> 2026-07-24T17:40:50.313249+00:00 (Idade: 38 dias úteis)
[Prazo.p2b_gateway] [p2b_api] Data documento: 2026-07-24T17:40:50.313249 -> 2026-07-24T17:40:50.313249+00:00 (Idade: 38 dias úteis)
[09:56:12] [Prazo.p2b_gateway] [INFO] [p2b_api] doc relevante: tipo=Despacho id=476185403 data_extraida=2026-07-24T17:40:50.313249 idade_dias=38
[Prazo.p2b_gateway] [p2b_api] doc relevante: tipo=Despacho id=476185403 data_extraida=2026-07-24T17:40:50.313249 idade_dias=38
[09:56:12] [Prazo.p2b_gateway] [INFO] [p2b_api] texto extraído: 776 chars
[Prazo.p2b_gateway] [p2b_api] texto extraído: 776 chars
[09:56:12] [Prazo.p2b_documentos] [INFO] [FLUXO_PZ] Regra casou: pattern=comunique\-se[\s\.,;:!\-–—()$]*de[\s\.,;:!\-–—()$]*forma[\s\.,;:!\-–—()$]*concomitante tipo_acao=(<function checar_prox at 0x0000016856082160>,) snippet=nte a informacao supra, por celeridade, comunique-se de forma concomitante, por edital, as partes indicadas. sao p
[Prazo.p2b_documentos] [FLUXO_PZ] Regra casou: pattern=comunique\-se[\s\.,;:!\-–—()$]*de[\s\.,;:!\-–—()$]*forma[\s\.,;:!\-–—()$]*concomitante tipo_acao=(<function checar_prox at 0x0000016856082160>,) snippet=nte a informacao supra, por celeridade, comunique-se de forma concomitante, por edital, as partes indicadas. sao p
[09:56:12] [pjeplus] [INFO] [TEMPO] _processar_regras_gerais._processar_regras_gerais: 0.609s
[pjeplus] [TEMPO] _processar_regras_gerais._processar_regras_gerais: 0.609s
[09:56:12] [Fix.monitoramento_progresso_unificado] [INFO] [PROGRESSO_P2B][1000582-94.2021.5.02.0703] ✅ Processo marcado como executado
[Fix.monitoramento_progresso_unificado] [PROGRESSO_P2B][1000582-94.2021.5.02.0703] ✅ Processo marcado como executado
[09:56:12] [Fix.monitoramento_progresso_unificado] [INFO] [PROGRESSO_P2B]  Progresso salvo com segurança
[Fix.monitoramento_progresso_unificado] [PROGRESSO_P2B]  Progresso salvo com segurança
[09:56:12] [Prazo.p2b_gateway] [INFO] [PRAZO_API] Processo 1000582-94.2021.5.02.0703 processado com sucesso (fluxo_pz)
[Prazo.p2b_gateway] [PRAZO_API] Processo 1000582-94.2021.5.02.0703 processado com sucesso (fluxo_pz)
[09:56:12] [Prazo.p2b_gateway] [INFO] [PRAZO_API] Abrindo processo id=1738069 numero=1001176-50.2017.5.02.0703
[Prazo.p2b_gateway] [PRAZO_API] Abrindo processo id=1738069 numero=1001176-50.2017.5.02.0703
[09:56:14] [Prazo.p2b_gateway] [INFO] [p2b_api] Data documento: 2026-09-04T10:24:28.04375 -> 2026-09-04T10:24:28.043750+00:00 (Idade: 9 dias úteis)
[Prazo.p2b_gateway] [p2b_api] Data documento: 2026-09-04T10:24:28.04375 -> 2026-09-04T10:24:28.043750+00:00 (Idade: 9 dias úteis)
[09:56:14] [Prazo.p2b_gateway] [INFO] [p2b_api] doc relevante: tipo=Despacho id=484757093 data_extraida=2026-09-04T10:24:28.04375 idade_dias=9
[Prazo.p2b_gateway] [p2b_api] doc relevante: tipo=Despacho id=484757093 data_extraida=2026-09-04T10:24:28.04375 idade_dias=9
[09:56:14] [Prazo.p2b_gateway] [INFO] [p2b_api] texto extraído: 1249 chars
[Prazo.p2b_gateway] [p2b_api] texto extraído: 1249 chars
[09:56:14] [Prazo.p2b_documentos] [INFO] [FLUXO_PZ] Regra casou: pattern=abre\-se,[\s\.,;:!\-–—()$]*como[\s\.,;:!\-–—()$]*reiteracao tipo_acao=('criar_gigs[1//xs sob 24]', <function make_ato_wrapper.<locals>.wrapper at 0x0000016855F53420>) snippet==== despacho ===  === vistos, etc. ===  abre-se, como reiteracao, novo prazo para oferta de novos meios 
[Prazo.p2b_documentos] [FLUXO_PZ] Regra casou: pattern=abre\-se,[\s\.,;:!\-–—()$]*como[\s\.,;:!\-–—()$]*reiteracao tipo_acao=('criar_gigs[1//xs sob 24]', <function make_ato_wrapper.<locals>.wrapper at 0x0000016855F53420>) snippet==== despacho ===  === vistos, etc. ===  abre-se, como reiteracao, novo prazo para oferta de novos meios 
[09:56:16] [pjeplus] [INFO] [ATO] START
[pjeplus] [ATO] START
[09:56:16] [atos.judicial_fluxo] [INFO] [ATO][TIMING][INICIO] conclusao_tipo=Suspensão modelo_nome=suspf
[atos.judicial_fluxo] [ATO][TIMING][INICIO] conclusao_tipo=Suspensão modelo_nome=suspf
[09:56:16] [atos.judicial_fluxo] [INFO] [ATO][CLS] Iniciando fluxo CLS: conclusao_tipo=Suspensão
[atos.judicial_fluxo] [ATO][CLS] Iniciando fluxo CLS: conclusao_tipo=Suspensão
[09:56:16] [pjeplus] [INFO] [CLS] START
[pjeplus] [CLS] START
[09:56:16] [atos.judicial_fluxo] [INFO] [CLS][TIMING][INICIO]
[atos.judicial_fluxo] [CLS][TIMING][INICIO]
[09:56:16] [atos.judicial_fluxo] [INFO] FLUXO CLS - INICIANDO
[atos.judicial_fluxo] FLUXO CLS - INICIANDO
[09:56:16] [atos.judicial_fluxo] [INFO] ============================================================
[atos.judicial_fluxo] ============================================================
[09:56:16] [atos.judicial_fluxo] [INFO] [CLS][TIMING][CHECK_ESTADO] 0.000s estado=detalhe
[atos.judicial_fluxo] [CLS][TIMING][CHECK_ESTADO] 0.000s estado=detalhe
[09:56:16] [atos.judicial_fluxo] [INFO] [CLS] Passo 1: Estamos em /detalhe — abrindo tarefa do processo...
[atos.judicial_fluxo] [CLS] Passo 1: Estamos em /detalhe — abrindo tarefa do processo...
[09:56:16] [pjeplus] [INFO] [NAVEGAÇÃO] Abrindo tarefa do processo...
[pjeplus] [NAVEGAÇÃO] Abrindo tarefa do processo...
[09:56:16] [pjeplus] [INFO] [NAVEGAÇÃO] Foco trocado para nova aba
[pjeplus] [NAVEGAÇÃO] Foco trocado para nova aba
[09:56:17] [atos.judicial_fluxo] [INFO] [CLS][TIMING][ABRIR_TAREFA] 0.589s sucesso=True
[atos.judicial_fluxo] [CLS][TIMING][ABRIR_TAREFA] 0.589s sucesso=True
[09:56:17] [atos.judicial_fluxo] [INFO] [CLS] Passo 2: Limpando overlays...
[atos.judicial_fluxo] [CLS] Passo 2: Limpando overlays...
[09:56:17] [atos.judicial_fluxo] [INFO] [CLS][TIMING][LIMPAR_OVERLAYS] 0.065s
[atos.judicial_fluxo] [CLS][TIMING][LIMPAR_OVERLAYS] 0.065s
[09:56:17] [atos.judicial_fluxo] [INFO] [CLS] Passo 3: Navegando para conclusão...
[atos.judicial_fluxo] [CLS] Passo 3: Navegando para conclusão...
[09:56:17] [pjeplus] [INFO] [NAVEGAÇÃO] Navegando para Conclusão ao Magistrado...
[pjeplus] [NAVEGAÇÃO] Navegando para Conclusão ao Magistrado...
[09:56:17] [pjeplus] [INFO] [NAVEGAÇÃO] Nome da Tarefa Detectado: "análise"
[pjeplus] [NAVEGAÇÃO] Nome da Tarefa Detectado: "análise"
[09:56:18] [pjeplus] [INFO] [NAVEGAÇÃO] Conclusão não disponível diretamente, tentando via "Análise"...
[pjeplus] [NAVEGAÇÃO] Conclusão não disponível diretamente, tentando via "Análise"...
[09:56:18] [pjeplus] [INFO] [NAVEGAÇÃO] Tentando via "Análise"...
[pjeplus] [NAVEGAÇÃO] Tentando via "Análise"...
[09:56:18] [pjeplus] [INFO] [NAVEGAÇÃO] Clique em "Análise" realizado
[pjeplus] [NAVEGAÇÃO] Clique em "Análise" realizado
[09:56:18] [pjeplus] [INFO] [NAVEGAÇÃO] Verificando overlays...
[pjeplus] [NAVEGAÇÃO] Verificando overlays...
[09:56:20] [pjeplus] [INFO] [NAVEGAÇÃO] Clique em "Conclusão ao magistrado" realizado após Análise
[pjeplus] [NAVEGAÇÃO] Clique em "Conclusão ao magistrado" realizado após Análise
[09:56:20] [pjeplus] [INFO] [NAVEGAÇÃO] Navegação para conclusão concluída com sucesso
[pjeplus] [NAVEGAÇÃO] Navegação para conclusão concluída com sucesso
[09:56:20] [atos.judicial_fluxo] [INFO] [CLS][TIMING][NAVEGAR_CONCLUSAO] 3.201s
[atos.judicial_fluxo] [CLS][TIMING][NAVEGAR_CONCLUSAO] 3.201s
[09:56:20] [atos.judicial_fluxo] [INFO] [CLS] Passo 4: Escolhendo tipo de conclusão: Suspensão
[atos.judicial_fluxo] [CLS] Passo 4: Escolhendo tipo de conclusão: Suspensão
[09:56:20] [pjeplus] [INFO] [CONCLUSÃO] Escolhendo tipo de conclusão: Suspensão
[pjeplus] [CONCLUSÃO] Escolhendo tipo de conclusão: Suspensão
[09:56:21] [pjeplus] [INFO] [CONCLUSÃO] ✅ Botão de conclusão "Suspensão" clicado com sucesso
[pjeplus] [CONCLUSÃO] ✅ Botão de conclusão "Suspensão" clicado com sucesso
[09:56:21] [atos.judicial_fluxo] [INFO] [CLS][TIMING][ESCOLHER_TIPO] 1.533s tipo=Suspensão
[atos.judicial_fluxo] [CLS][TIMING][ESCOLHER_TIPO] 1.533s tipo=Suspensão
[09:56:21] [atos.judicial_fluxo] [INFO] [CLS] Passo 5: Aguardando transição para minutar...
[atos.judicial_fluxo] [CLS] Passo 5: Aguardando transição para minutar...
[09:56:21] [pjeplus] [INFO] [CONCLUSÃO] Aguardando transição para tela de minutar (DOM Observer)...
[pjeplus] [CONCLUSÃO] Aguardando transição para tela de minutar (DOM Observer)...
[09:56:21] [pjeplus] [INFO] [CONCLUSÃO] Transição detectada via renderização do DOM (pje-arvore-modelo-documento)
[pjeplus] [CONCLUSÃO] Transição detectada via renderização do DOM (pje-arvore-modelo-documento)
[09:56:21] [atos.judicial_fluxo] [INFO] [CLS][TIMING][TRANSICAO_MINUTAR] 0.003s
[atos.judicial_fluxo] [CLS][TIMING][TRANSICAO_MINUTAR] 0.003s
[09:56:21] [atos.judicial_fluxo] [INFO] [CLS] Passo 6: Preparando campo de minutar...
[atos.judicial_fluxo] [CLS] Passo 6: Preparando campo de minutar...
[09:56:21] [pjeplus] [INFO] [NAVEGAÇÃO] Preparando campo de filtro para minutar...
[pjeplus] [NAVEGAÇÃO] Preparando campo de filtro para minutar...
[09:56:26] [pjeplus] [INFO] [NAVEGAÇÃO] Campo de filtro preparado com sucesso
[pjeplus] [NAVEGAÇÃO] Campo de filtro preparado com sucesso
[09:56:26] [atos.judicial_fluxo] [INFO] [CLS][TIMING][PREPARAR_CAMPO] 5.000s
[atos.judicial_fluxo] [CLS][TIMING][PREPARAR_CAMPO] 5.000s
[09:56:26] [atos.judicial_fluxo] [INFO] ============================================================
[atos.judicial_fluxo] ============================================================
[09:56:26] [atos.judicial_fluxo] [INFO] FLUXO CLS - CONCLUÍDO COM SUCESSO
[atos.judicial_fluxo] FLUXO CLS - CONCLUÍDO COM SUCESSO
[09:56:26] [atos.judicial_fluxo] [INFO] ============================================================
[atos.judicial_fluxo] ============================================================
[09:56:26] [pjeplus] [INFO] [CLS] FIM {'status': 'sucesso', 'tempo': '10.393s'}
[pjeplus] [CLS] FIM {'status': 'sucesso', 'tempo': '10.393s'}
[09:56:26] [atos.judicial_fluxo] [INFO] [CLS][TIMING][SUCESSO] 10.393s (fluxo completo)
[atos.judicial_fluxo] [CLS][TIMING][SUCESSO] 10.393s (fluxo completo)
[09:56:26] [pjeplus] [INFO] [TEMPO] fluxo_cls.fluxo_cls: 10.394s
[pjeplus] [TEMPO] fluxo_cls.fluxo_cls: 10.394s
[09:56:26] [atos.judicial_fluxo] [INFO] [ATO][TIMING][FLUXO_CLS] 10.394s
[atos.judicial_fluxo] [ATO][TIMING][FLUXO_CLS] 10.394s
[09:56:26] [atos.judicial_fluxo] [INFO] [ATO][DESCRICAO] Preenchendo descrição: Sobrestamento
[atos.judicial_fluxo] [ATO][DESCRICAO] Preenchendo descrição: Sobrestamento
[09:56:26] [atos.judicial_fluxo] [INFO] [ATO][DESCRICAO]  Descrição preenchida
[atos.judicial_fluxo] [ATO][DESCRICAO]  Descrição preenchida
[09:56:26] [atos.judicial_fluxo] [INFO] [ATO][MODELO] Preenchendo filtro com modelo: suspf
[atos.judicial_fluxo] [ATO][MODELO] Preenchendo filtro com modelo: suspf
[09:56:27] [atos.judicial_fluxo] [INFO] [ATO][MODELO] Modelo "suspf" preenchido via JS e ENTER pressionado no filtro.
[atos.judicial_fluxo] [ATO][MODELO] Modelo "suspf" preenchido via JS e ENTER pressionado no filtro.
[09:56:29] [atos.judicial_fluxo] [INFO] [ATO][MODELO] Clique em nodo-filtrado realizado!
[atos.judicial_fluxo] [ATO][MODELO] Clique em nodo-filtrado realizado!
[09:56:30] [atos.judicial_fluxo] [INFO] [ATO][MODELO] Clique em inserir realizado
[atos.judicial_fluxo] [ATO][MODELO] Clique em inserir realizado
[09:56:30] [atos.judicial_fluxo] [INFO] [ATO][MODELO] Snackbar de inserção detectada — sinal para prosseguir
[atos.judicial_fluxo] [ATO][MODELO] Snackbar de inserção detectada — sinal para prosseguir
[09:56:31] [atos.judicial_fluxo] [INFO] [ATO][MODELO] Modelo inserido (conteúdo confirmado no editor)
[atos.judicial_fluxo] [ATO][MODELO] Modelo inserido (conteúdo confirmado no editor)
[09:56:31] [atos.judicial_fluxo] [INFO] [ATO][SALVAR] Salvando modelo após inserção...
[atos.judicial_fluxo] [ATO][SALVAR] Salvando modelo após inserção...
[09:56:31] [atos.judicial_fluxo] [INFO] [ATO][SALVAR] Clique no botao Salvar realizado
[atos.judicial_fluxo] [ATO][SALVAR] Clique no botao Salvar realizado
[09:56:31] [atos.judicial_fluxo] [INFO] [ATO][SALVAR] Aguardando ativação da aba destinatários...
[atos.judicial_fluxo] [ATO][SALVAR] Aguardando ativação da aba destinatários...
[09:56:32] [atos.judicial_fluxo] [INFO] [ATO][PRAZO] Configurando destinatários/prazos: prazo=0 (apenas_primeiro=False)
[atos.judicial_fluxo] [ATO][PRAZO] Configurando destinatários/prazos: prazo=0 (apenas_primeiro=False)
[09:56:32] [pjeplus] [INFO] [PRAZOS] Preenchendo prazos: 0
[pjeplus] [PRAZOS] Preenchendo prazos: 0
[09:56:32] [pjeplus] [INFO] [PRAZOS] Tabela de destinatários carregada
[pjeplus] [PRAZOS] Tabela de destinatários carregada
[09:56:32] [pjeplus] [INFO] [PRAZOS] Todas as partes selecionadas
[pjeplus] [PRAZOS] Todas as partes selecionadas
[09:56:32] [pjeplus] [INFO] [PRAZOS] Encontrados 1 campos de prazo
[pjeplus] [PRAZOS] Encontrados 1 campos de prazo
[09:56:34] [pjeplus] [INFO] [PRAZOS] Campo 1 preenchido com prazo: 0
[pjeplus] [PRAZOS] Campo 1 preenchido com prazo: 0
[09:56:34] [pjeplus] [INFO] [PRAZOS] Preenchimento de destinatários e prazos concluído
[pjeplus] [PRAZOS] Preenchimento de destinatários e prazos concluído
[09:56:34] [atos.judicial_fluxo] [INFO] [ATO][PRAZO] Destinatários e prazos concluídos com sucesso
[atos.judicial_fluxo] [ATO][PRAZO] Destinatários e prazos concluídos com sucesso
[09:56:34] [atos.judicial_fluxo] [INFO] [ATO][PEC] Parâmetro marcar_pec='nao' (desejado: desmarcar)
[atos.judicial_fluxo] [ATO][PEC] Parâmetro marcar_pec='nao' (desejado: desmarcar)
[09:56:34] [atos.judicial_fluxo] [INFO] [ATO][PEC] Estado inicial: marcado → alterado para: desmarcado
[atos.judicial_fluxo] [ATO][PEC] Estado inicial: marcado → alterado para: desmarcado
[09:56:34] [atos.judicial_fluxo] [INFO] [ATO][GRAVAR] Gravando intimações...
[atos.judicial_fluxo] [ATO][GRAVAR] Gravando intimações...
[09:56:34] [atos.judicial_fluxo] [INFO] [ATO][GRAVAR] Intimações gravadas
[atos.judicial_fluxo] [ATO][GRAVAR] Intimações gravadas
[09:56:34] [atos.judicial_fluxo] [INFO] [ATO][MOVIMENTO] Selecionando movimento: frustrada
[atos.judicial_fluxo] [ATO][MOVIMENTO] Selecionando movimento: frustrada
[09:56:34] [atos.judicial_fluxo] [INFO] [ATO][MOVIMENTO]  Checkbox marcado:   Suspenso o processo por execução frustrada (276)
[atos.judicial_fluxo] [ATO][MOVIMENTO]  Checkbox marcado:   Suspenso o processo por execução frustrada (276)
[09:56:34] [atos.judicial_fluxo] [INFO] [ATO][MOVIMENTO] Gravando movimento...
[atos.judicial_fluxo] [ATO][MOVIMENTO] Gravando movimento...
[09:56:34] [atos.judicial_fluxo] [INFO] [ATO][MOVIMENTO] Confirmando gravação...
[atos.judicial_fluxo] [ATO][MOVIMENTO] Confirmando gravação...
[09:56:38] [pjeplus] [WARNING] [WAIT_CLICKABLE] Elemento nao clicavel: snack-bar-container simple-snack-bar
[pjeplus] [WAIT_CLICKABLE] Elemento nao clicavel: snack-bar-container simple-snack-bar
[09:56:38] [atos.judicial_fluxo] [WARNING] [ATO][MOVIMENTO] Sem confirmação de gravação do movimento (snackbar ausente), assumindo sucesso
[atos.judicial_fluxo] [ATO][MOVIMENTO] Sem confirmação de gravação do movimento (snackbar ausente), assumindo sucesso
[09:56:38] [atos.judicial_fluxo] [INFO] [ATO][SALVAR_FINAL] Salvando ato...
[atos.judicial_fluxo] [ATO][SALVAR_FINAL] Salvando ato...
[09:56:38] [atos.judicial_fluxo] [INFO] [ATO][SALVAR_FINAL] Ato salvo
[atos.judicial_fluxo] [ATO][SALVAR_FINAL] Ato salvo
[09:56:38] [atos.judicial_fluxo] [INFO] ============================================================
[atos.judicial_fluxo] ============================================================
[09:56:38] [atos.judicial_fluxo] [INFO] ATO JUDICIAL - CONCLUÍDO COM SUCESSO
[atos.judicial_fluxo] ATO JUDICIAL - CONCLUÍDO COM SUCESSO
[09:56:38] [atos.judicial_fluxo] [INFO] ============================================================
[atos.judicial_fluxo] ============================================================
[09:56:38] [pjeplus] [INFO] [ATO] FIM {'status': 'sucesso', 'sigilo': False, 'tempo': '22.547s'}
[pjeplus] [ATO] FIM {'status': 'sucesso', 'sigilo': False, 'tempo': '22.547s'}
[09:56:38] [atos.judicial_fluxo] [INFO] [ATO][TIMING][SUCESSO] 22.547s (fluxo completo)
[atos.judicial_fluxo] [ATO][TIMING][SUCESSO] 22.547s (fluxo completo)
[09:56:38] [pjeplus] [INFO] [TEMPO] _processar_regras_gerais._processar_regras_gerais: 24.569s
[pjeplus] [TEMPO] _processar_regras_gerais._processar_regras_gerais: 24.569s
[09:56:38] [Fix.monitoramento_progresso_unificado] [INFO] [PROGRESSO_P2B][1001176-50.2017.5.02.0703] ✅ Processo marcado como executado
[Fix.monitoramento_progresso_unificado] [PROGRESSO_P2B][1001176-50.2017.5.02.0703] ✅ Processo marcado como executado
[09:56:38] [Fix.monitoramento_progresso_unificado] [INFO] [PROGRESSO_P2B]  Progresso salvo com segurança
[Fix.monitoramento_progresso_unificado] [PROGRESSO_P2B]  Progresso salvo com segurança
[09:56:38] [Prazo.p2b_gateway] [INFO] [PRAZO_API] Processo 1001176-50.2017.5.02.0703 processado com sucesso (fluxo_pz)
[Prazo.p2b_gateway] [PRAZO_API] Processo 1001176-50.2017.5.02.0703 processado com sucesso (fluxo_pz)
[09:56:38] [Prazo.p2b_gateway] [INFO] [PRAZO_API] Abrindo processo id=6684971 numero=1001886-26.2024.5.02.0703
[Prazo.p2b_gateway] [PRAZO_API] Abrindo processo id=6684971 numero=1001886-26.2024.5.02.0703
[09:56:39] [Prazo.p2b_gateway] [INFO] [p2b_api] Data documento: 2026-08-21T11:39:47.968611 -> 2026-08-21T11:39:47.968611+00:00 (Idade: 19 dias úteis)
[Prazo.p2b_gateway] [p2b_api] Data documento: 2026-08-21T11:39:47.968611 -> 2026-08-21T11:39:47.968611+00:00 (Idade: 19 dias úteis)
[09:56:39] [Prazo.p2b_gateway] [INFO] [p2b_api] doc relevante: tipo=Decisão id=481977490 data_extraida=2026-08-21T11:39:47.968611 idade_dias=19
[Prazo.p2b_gateway] [p2b_api] doc relevante: tipo=Decisão id=481977490 data_extraida=2026-08-21T11:39:47.968611 idade_dias=19
[09:56:40] [Prazo.p2b_gateway] [INFO] [p2b_api] texto extraído: 6799 chars
[Prazo.p2b_gateway] [p2b_api] texto extraído: 6799 chars
[09:56:40] [Prazo.p2b_documentos] [INFO] [FLUXO_PZ] Regra casou: pattern=fixando[\s\.,;:!\-–—()$]*o[\s\.,;:!\-–—()$]*credito[\s\.,;:!\-–—()$]*do[\s\.,;:!\-–—()$]*autor[\s\.,;:!\-–—()$]*em tipo_acao=(<function inicar_exec at 0x00000168561B5080>,) snippet= pelo(a) reclamante (autor) (#6c6e4b6), fixando o credito do autor em r$38.328,99 relativo ao principal, e r$
[Prazo.p2b_documentos] [FLUXO_PZ] Regra casou: pattern=fixando[\s\.,;:!\-–—()$]*o[\s\.,;:!\-–—()$]*credito[\s\.,;:!\-–—()$]*do[\s\.,;:!\-–—()$]*autor[\s\.,;:!\-–—()$]*em tipo_acao=(<function inicar_exec at 0x00000168561B5080>,) snippet= pelo(a) reclamante (autor) (#6c6e4b6), fixando o credito do autor em r$38.328,99 relativo ao principal, e r$
[09:56:43] [atos.core] [INFO] [API_TAREFA] Tarefa aberta via API com sucesso: processo=6684971 tarefa=500
[atos.core] [API_TAREFA] Tarefa aberta via API com sucesso: processo=6684971 tarefa=500
[09:56:43] [Prazo.p2b_gateway] [INFO] [FLUXO_PZ] inicar_exec: Iniciar execução não disponível, roteando por fase
[Prazo.p2b_gateway] [FLUXO_PZ] inicar_exec: Iniciar execução não disponível, roteando por fase
[09:56:46] [pjeplus] [INFO] [ATO] START
[pjeplus] [ATO] START
[09:56:46] [atos.judicial_fluxo] [INFO] [ATO][TIMING][INICIO] conclusao_tipo=Homologação de Cálculos modelo_nome=xsbacen
[atos.judicial_fluxo] [ATO][TIMING][INICIO] conclusao_tipo=Homologação de Cálculos modelo_nome=xsbacen
[09:56:46] [atos.judicial_fluxo] [INFO] [ATO][CLS] Iniciando fluxo CLS: conclusao_tipo=Homologação de Cálculos
[atos.judicial_fluxo] [ATO][CLS] Iniciando fluxo CLS: conclusao_tipo=Homologação de Cálculos
[09:56:46] [pjeplus] [INFO] [CLS] START
[pjeplus] [CLS] START
[09:56:46] [atos.judicial_fluxo] [INFO] [CLS][TIMING][INICIO]
[atos.judicial_fluxo] [CLS][TIMING][INICIO]
[09:56:46] [atos.judicial_fluxo] [INFO] FLUXO CLS - INICIANDO
[atos.judicial_fluxo] FLUXO CLS - INICIANDO
[09:56:46] [atos.judicial_fluxo] [INFO] ============================================================
[atos.judicial_fluxo] ============================================================
[09:56:46] [atos.judicial_fluxo] [INFO] [CLS][TIMING][CHECK_ESTADO] 0.000s estado=outro
[atos.judicial_fluxo] [CLS][TIMING][CHECK_ESTADO] 0.000s estado=outro
[09:56:46] [atos.judicial_fluxo] [INFO] [CLS] Não estamos em /detalhe — assumindo que já estamos na aba da tarefa do processo
[atos.judicial_fluxo] [CLS] Não estamos em /detalhe — assumindo que já estamos na aba da tarefa do processo
[09:56:46] [atos.judicial_fluxo] [INFO] [CLS] Passo 2: Limpando overlays...
[atos.judicial_fluxo] [CLS] Passo 2: Limpando overlays...
[09:56:46] [atos.judicial_fluxo] [INFO] [CLS][TIMING][LIMPAR_OVERLAYS] 0.005s
[atos.judicial_fluxo] [CLS][TIMING][LIMPAR_OVERLAYS] 0.005s
[09:56:46] [atos.judicial_fluxo] [INFO] [CLS] Passo 3: Navegando para conclusão...
[atos.judicial_fluxo] [CLS] Passo 3: Navegando para conclusão...
[09:56:46] [pjeplus] [INFO] [NAVEGAÇÃO] Navegando para Conclusão ao Magistrado...
[pjeplus] [NAVEGAÇÃO] Navegando para Conclusão ao Magistrado...
[09:56:46] [pjeplus] [INFO] [NAVEGAÇÃO] Nome da Tarefa Detectado: "análise"
[pjeplus] [NAVEGAÇÃO] Nome da Tarefa Detectado: "análise"
[09:56:46] [pjeplus] [INFO] [NAVEGAÇÃO] Clique direto em "Conclusão ao magistrado" realizado
[pjeplus] [NAVEGAÇÃO] Clique direto em "Conclusão ao magistrado" realizado
[09:56:46] [pjeplus] [INFO] [NAVEGAÇÃO] Verificando overlays...
[pjeplus] [NAVEGAÇÃO] Verificando overlays...
[09:56:46] [pjeplus] [INFO] [NAVEGAÇÃO] Navegação para conclusão concluída com sucesso
[pjeplus] [NAVEGAÇÃO] Navegação para conclusão concluída com sucesso
[09:56:46] [atos.judicial_fluxo] [INFO] [CLS][TIMING][NAVEGAR_CONCLUSAO] 0.080s
[atos.judicial_fluxo] [CLS][TIMING][NAVEGAR_CONCLUSAO] 0.080s
[09:56:46] [atos.judicial_fluxo] [INFO] [CLS] Passo 4: Escolhendo tipo de conclusão: Homologação de Cálculos
[atos.judicial_fluxo] [CLS] Passo 4: Escolhendo tipo de conclusão: Homologação de Cálculos
[09:56:46] [pjeplus] [INFO] [CONCLUSÃO] Escolhendo tipo de conclusão: Homologação de Cálculos
[pjeplus] [CONCLUSÃO] Escolhendo tipo de conclusão: Homologação de Cálculos
[09:56:48] [pjeplus] [INFO] [CONCLUSÃO] ✅ Botão de conclusão "Homologação de Cálculos" clicado com sucesso
[pjeplus] [CONCLUSÃO] ✅ Botão de conclusão "Homologação de Cálculos" clicado com sucesso
[09:56:48] [atos.judicial_fluxo] [INFO] [CLS][TIMING][ESCOLHER_TIPO] 2.041s tipo=Homologação de Cálculos
[atos.judicial_fluxo] [CLS][TIMING][ESCOLHER_TIPO] 2.041s tipo=Homologação de Cálculos
[09:56:48] [atos.judicial_fluxo] [INFO] [CLS] Passo 5: Aguardando transição para minutar...
[atos.judicial_fluxo] [CLS] Passo 5: Aguardando transição para minutar...
[09:56:48] [pjeplus] [INFO] [CONCLUSÃO] Aguardando transição para tela de minutar (DOM Observer)...
[pjeplus] [CONCLUSÃO] Aguardando transição para tela de minutar (DOM Observer)...
[09:56:48] [pjeplus] [INFO] [CONCLUSÃO] Transição detectada via renderização do DOM (pje-arvore-modelo-documento)
[pjeplus] [CONCLUSÃO] Transição detectada via renderização do DOM (pje-arvore-modelo-documento)
[09:56:48] [atos.judicial_fluxo] [INFO] [CLS][TIMING][TRANSICAO_MINUTAR] 0.003s
[atos.judicial_fluxo] [CLS][TIMING][TRANSICAO_MINUTAR] 0.003s
[09:56:48] [atos.judicial_fluxo] [INFO] [CLS] Passo 6: Preparando campo de minutar...
[atos.judicial_fluxo] [CLS] Passo 6: Preparando campo de minutar...
[09:56:48] [pjeplus] [INFO] [NAVEGAÇÃO] Preparando campo de filtro para minutar...
[pjeplus] [NAVEGAÇÃO] Preparando campo de filtro para minutar...
[09:56:54] [pjeplus] [INFO] [NAVEGAÇÃO] Campo de filtro preparado com sucesso
[pjeplus] [NAVEGAÇÃO] Campo de filtro preparado com sucesso
[09:56:54] [atos.judicial_fluxo] [INFO] [CLS][TIMING][PREPARAR_CAMPO] 5.947s
[atos.judicial_fluxo] [CLS][TIMING][PREPARAR_CAMPO] 5.947s
[09:56:54] [atos.judicial_fluxo] [INFO] ============================================================
[atos.judicial_fluxo] ============================================================
[09:56:54] [atos.judicial_fluxo] [INFO] FLUXO CLS - CONCLUÍDO COM SUCESSO
[atos.judicial_fluxo] FLUXO CLS - CONCLUÍDO COM SUCESSO
[09:56:54] [atos.judicial_fluxo] [INFO] ============================================================
[atos.judicial_fluxo] ============================================================
[09:56:54] [pjeplus] [INFO] [CLS] FIM {'status': 'sucesso', 'tempo': '8.077s'}
[pjeplus] [CLS] FIM {'status': 'sucesso', 'tempo': '8.077s'}
[09:56:54] [atos.judicial_fluxo] [INFO] [CLS][TIMING][SUCESSO] 8.077s (fluxo completo)
[atos.judicial_fluxo] [CLS][TIMING][SUCESSO] 8.077s (fluxo completo)
[09:56:54] [pjeplus] [INFO] [TEMPO] fluxo_cls.fluxo_cls: 8.077s
[pjeplus] [TEMPO] fluxo_cls.fluxo_cls: 8.077s
[09:56:54] [atos.judicial_fluxo] [INFO] [ATO][TIMING][FLUXO_CLS] 8.077s
[atos.judicial_fluxo] [ATO][TIMING][FLUXO_CLS] 8.077s
[09:56:54] [atos.judicial_fluxo] [INFO] [ATO][DESCRICAO] Preenchendo descrição: pesquisas para execucao
[atos.judicial_fluxo] [ATO][DESCRICAO] Preenchendo descrição: pesquisas para execucao
[09:56:54] [atos.judicial_fluxo] [INFO] [ATO][DESCRICAO]  Descrição preenchida
[atos.judicial_fluxo] [ATO][DESCRICAO]  Descrição preenchida
[09:56:54] [atos.judicial_fluxo] [INFO] [ATO][MODELO] Preenchendo filtro com modelo: xsbacen
[atos.judicial_fluxo] [ATO][MODELO] Preenchendo filtro com modelo: xsbacen
[09:56:55] [atos.judicial_fluxo] [INFO] [ATO][MODELO] Modelo "xsbacen" preenchido via JS e ENTER pressionado no filtro.
[atos.judicial_fluxo] [ATO][MODELO] Modelo "xsbacen" preenchido via JS e ENTER pressionado no filtro.
[09:56:57] [atos.judicial_fluxo] [INFO] [ATO][MODELO] Clique em nodo-filtrado realizado!
[atos.judicial_fluxo] [ATO][MODELO] Clique em nodo-filtrado realizado!
[09:56:58] [atos.judicial_fluxo] [INFO] [ATO][MODELO] Clique em inserir realizado
[atos.judicial_fluxo] [ATO][MODELO] Clique em inserir realizado
[09:56:58] [atos.judicial_fluxo] [INFO] [ATO][MODELO] Snackbar de inserção detectada — sinal para prosseguir
[atos.judicial_fluxo] [ATO][MODELO] Snackbar de inserção detectada — sinal para prosseguir
[09:56:59] [atos.judicial_fluxo] [INFO] [ATO][MODELO] Modelo inserido (conteúdo confirmado no editor)
[atos.judicial_fluxo] [ATO][MODELO] Modelo inserido (conteúdo confirmado no editor)
[09:56:59] [atos.judicial_fluxo] [INFO] [ATO][SALVAR] Salvando modelo após inserção...
[atos.judicial_fluxo] [ATO][SALVAR] Salvando modelo após inserção...
[09:56:59] [atos.judicial_fluxo] [INFO] [ATO][SALVAR] Clique no botao Salvar realizado
[atos.judicial_fluxo] [ATO][SALVAR] Clique no botao Salvar realizado
[09:56:59] [atos.judicial_fluxo] [INFO] [ATO][SALVAR] Aguardando ativação da aba destinatários...
[atos.judicial_fluxo] [ATO][SALVAR] Aguardando ativação da aba destinatários...
[09:56:59] [atos.judicial_fluxo] [INFO] [ATO][SIGILO] Aplicando sigilo...
[atos.judicial_fluxo] [ATO][SIGILO] Aplicando sigilo...
[09:56:59] [atos.judicial_fluxo] [INFO] [ATO][SIGILO] Sigilo ativado
[atos.judicial_fluxo] [ATO][SIGILO] Sigilo ativado
[09:56:59] [atos.judicial_fluxo] [INFO] [ATO][INTIMAR] Desativando intimações automáticas...
[atos.judicial_fluxo] [ATO][INTIMAR] Desativando intimações automáticas...
[09:57:00] [atos.judicial_fluxo] [INFO] [ATO][INTIMAR] Toggle "Intimar?" desativado.
[atos.judicial_fluxo] [ATO][INTIMAR] Toggle "Intimar?" desativado.
[09:57:00] [atos.judicial_fluxo] [INFO] [ATO][PEC] Parâmetro marcar_pec=False (desejado: desmarcar)
[atos.judicial_fluxo] [ATO][PEC] Parâmetro marcar_pec=False (desejado: desmarcar)
[09:57:00] [atos.judicial_fluxo] [INFO] [ATO][PEC] Já está conforme esperado: desmarcado
[atos.judicial_fluxo] [ATO][PEC] Já está conforme esperado: desmarcado
[09:57:00] [atos.judicial_fluxo] [INFO] [ATO][GRAVAR] Gravando intimações...
[atos.judicial_fluxo] [ATO][GRAVAR] Gravando intimações...
[09:57:01] [atos.judicial_fluxo] [INFO] [ATO][GRAVAR] Intimações gravadas
[atos.judicial_fluxo] [ATO][GRAVAR] Intimações gravadas
[09:57:01] [atos.judicial_fluxo] [INFO] [ATO][SALVAR_FINAL] Salvando ato...
[atos.judicial_fluxo] [ATO][SALVAR_FINAL] Salvando ato...
[09:57:01] [atos.judicial_fluxo] [INFO] [ATO][SALVAR_FINAL] Ato salvo
[atos.judicial_fluxo] [ATO][SALVAR_FINAL] Ato salvo
[09:57:01] [atos.judicial_fluxo] [INFO] ============================================================
[atos.judicial_fluxo] ============================================================
[09:57:01] [atos.judicial_fluxo] [INFO] ATO JUDICIAL - CONCLUÍDO COM SUCESSO
[atos.judicial_fluxo] ATO JUDICIAL - CONCLUÍDO COM SUCESSO
[09:57:01] [atos.judicial_fluxo] [INFO] ============================================================
[atos.judicial_fluxo] ============================================================
[09:57:01] [atos.judicial_fluxo] [INFO] [ATO][VISIBILIDADE] Sigilo ativado e wrapper solicitou visibilidade — executando visibilidade canônica
[atos.judicial_fluxo] [ATO][VISIBILIDADE] Sigilo ativado e wrapper solicitou visibilidade — executando visibilidade canônica
[09:57:01] [atos.wrappers_utils] [INFO] [VISIBILIDADE] Aba /detalhe ausente. Restaurando navegação para: https://pje.trt2.jus.br/pjekz/processo/6684971/detalhe
[atos.wrappers_utils] [VISIBILIDADE] Aba /detalhe ausente. Restaurando navegação para: https://pje.trt2.jus.br/pjekz/processo/6684971/detalhe
[09:57:04] [atos.wrappers_utils] [INFO] [ATO][VISIBILIDADE] Execução da visibilidade concluída com sucesso
[atos.wrappers_utils] [ATO][VISIBILIDADE] Execução da visibilidade concluída com sucesso
[09:57:04] [atos.judicial_fluxo] [INFO] [ATO][VISIBILIDADE] Execução da visibilidade concluída
[atos.judicial_fluxo] [ATO][VISIBILIDADE] Execução da visibilidade concluída
[09:57:04] [pjeplus] [INFO] [ATO] FIM {'status': 'sucesso', 'sigilo': True, 'tempo': '18.248s'}
[pjeplus] [ATO] FIM {'status': 'sucesso', 'sigilo': True, 'tempo': '18.248s'}
[09:57:04] [atos.judicial_fluxo] [INFO] [ATO][TIMING][SUCESSO] 18.248s (fluxo completo)
[atos.judicial_fluxo] [ATO][TIMING][SUCESSO] 18.248s (fluxo completo)
[09:57:04] [pjeplus] [INFO] [TEMPO] _processar_regras_gerais._processar_regras_gerais: 24.459s
[pjeplus] [TEMPO] _processar_regras_gerais._processar_regras_gerais: 24.459s
[09:57:04] [Fix.monitoramento_progresso_unificado] [INFO] [PROGRESSO_P2B][1001886-26.2024.5.02.0703] ✅ Processo marcado como executado
[Fix.monitoramento_progresso_unificado] [PROGRESSO_P2B][1001886-26.2024.5.02.0703] ✅ Processo marcado como executado
[09:57:04] [Fix.monitoramento_progresso_unificado] [INFO] [PROGRESSO_P2B]  Progresso salvo com segurança
[Fix.monitoramento_progresso_unificado] [PROGRESSO_P2B]  Progresso salvo com segurança
[09:57:04] [Prazo.p2b_gateway] [INFO] [PRAZO_API] Processo 1001886-26.2024.5.02.0703 processado com sucesso (fluxo_pz)
[Prazo.p2b_gateway] [PRAZO_API] Processo 1001886-26.2024.5.02.0703 processado com sucesso (fluxo_pz)
[09:57:04] [Prazo.p2b_gateway] [INFO] [PRAZO_API] Abrindo processo id=6926543 numero=1000231-82.2025.5.02.0703
[Prazo.p2b_gateway] [PRAZO_API] Abrindo processo id=6926543 numero=1000231-82.2025.5.02.0703
[09:57:05] [Prazo.p2b_gateway] [INFO] [p2b_api] Data documento: 2026-07-30T10:29:40.679606 -> 2026-07-30T10:29:40.679606+00:00 (Idade: 34 dias úteis)
[Prazo.p2b_gateway] [p2b_api] Data documento: 2026-07-30T10:29:40.679606 -> 2026-07-30T10:29:40.679606+00:00 (Idade: 34 dias úteis)
[09:57:05] [Prazo.p2b_gateway] [INFO] [p2b_api] doc relevante: tipo=Despacho id=477277880 data_extraida=2026-07-30T10:29:40.679606 idade_dias=34
[Prazo.p2b_gateway] [p2b_api] doc relevante: tipo=Despacho id=477277880 data_extraida=2026-07-30T10:29:40.679606 idade_dias=34
[09:57:05] [Prazo.p2b_gateway] [INFO] [p2b_api] texto extraído: 1220 chars
[Prazo.p2b_gateway] [p2b_api] texto extraído: 1220 chars
[09:57:05] [pjeplus] [INFO] [TEMPO] _processar_regras_gerais._processar_regras_gerais: 0.027s
[pjeplus] [TEMPO] _processar_regras_gerais._processar_regras_gerais: 0.027s
[09:57:05] [Fix.monitoramento_progresso_unificado] [INFO] [PROGRESSO_P2B][1000231-82.2025.5.02.0703] ✅ Processo marcado como executado
[Fix.monitoramento_progresso_unificado] [PROGRESSO_P2B][1000231-82.2025.5.02.0703] ✅ Processo marcado como executado
[09:57:05] [Fix.monitoramento_progresso_unificado] [INFO] [PROGRESSO_P2B]  Progresso salvo com segurança
[Fix.monitoramento_progresso_unificado] [PROGRESSO_P2B]  Progresso salvo com segurança
[09:57:05] [Prazo.p2b_gateway] [INFO] [PRAZO_API] Processo 1000231-82.2025.5.02.0703 processado com sucesso (fluxo_pz)
[Prazo.p2b_gateway] [PRAZO_API] Processo 1000231-82.2025.5.02.0703 processado com sucesso (fluxo_pz)
[09:57:05] [Prazo.p2b_gateway] [INFO] [PRAZO_API] Abrindo processo id=6574341 numero=1001699-18.2024.5.02.0703
[Prazo.p2b_gateway] [PRAZO_API] Abrindo processo id=6574341 numero=1001699-18.2024.5.02.0703
[09:57:07] [Prazo.p2b_gateway] [INFO] [p2b_api] Data documento: 2026-09-01T08:23:18.591429 -> 2026-09-01T08:23:18.591429+00:00 (Idade: 12 dias úteis)
[Prazo.p2b_gateway] [p2b_api] Data documento: 2026-09-01T08:23:18.591429 -> 2026-09-01T08:23:18.591429+00:00 (Idade: 12 dias úteis)
[09:57:07] [Prazo.p2b_gateway] [INFO] [p2b_api] doc relevante: tipo=Despacho id=484168108 data_extraida=2026-09-01T08:23:18.591429 idade_dias=12
[Prazo.p2b_gateway] [p2b_api] doc relevante: tipo=Despacho id=484168108 data_extraida=2026-09-01T08:23:18.591429 idade_dias=12
[09:57:07] [Prazo.p2b_gateway] [INFO] [p2b_api] texto extraído: 773 chars
[Prazo.p2b_gateway] [p2b_api] texto extraído: 773 chars
[09:57:07] [pjeplus] [INFO] [TEMPO] _processar_regras_gerais._processar_regras_gerais: 0.010s
[pjeplus] [TEMPO] _processar_regras_gerais._processar_regras_gerais: 0.010s
[09:57:07] [Fix.monitoramento_progresso_unificado] [INFO] [PROGRESSO_P2B][1001699-18.2024.5.02.0703] ✅ Processo marcado como executado
[Fix.monitoramento_progresso_unificado] [PROGRESSO_P2B][1001699-18.2024.5.02.0703] ✅ Processo marcado como executado
[09:57:07] [Fix.monitoramento_progresso_unificado] [INFO] [PROGRESSO_P2B]  Progresso salvo com segurança
[Fix.monitoramento_progresso_unificado] [PROGRESSO_P2B]  Progresso salvo com segurança
[09:57:07] [Prazo.p2b_gateway] [INFO] [PRAZO_API] Processo 1001699-18.2024.5.02.0703 processado com sucesso (fluxo_pz)
[Prazo.p2b_gateway] [PRAZO_API] Processo 1001699-18.2024.5.02.0703 processado com sucesso (fluxo_pz)
[09:57:07] [Prazo.p2b_gateway] [INFO] [PRAZO_API] Abrindo processo id=4409298 numero=1000180-76.2022.5.02.0703
[Prazo.p2b_gateway] [PRAZO_API] Abrindo processo id=4409298 numero=1000180-76.2022.5.02.0703
[09:57:09] [Prazo.p2b_gateway] [INFO] [p2b_api] Data documento: 2026-09-04T10:19:58.002286 -> 2026-09-04T10:19:58.002286+00:00 (Idade: 9 dias úteis)
[Prazo.p2b_gateway] [p2b_api] Data documento: 2026-09-04T10:19:58.002286 -> 2026-09-04T10:19:58.002286+00:00 (Idade: 9 dias úteis)
[09:57:09] [Prazo.p2b_gateway] [INFO] [p2b_api] doc relevante: tipo=Despacho id=484719293 data_extraida=2026-09-04T10:19:58.002286 idade_dias=9
[Prazo.p2b_gateway] [p2b_api] doc relevante: tipo=Despacho id=484719293 data_extraida=2026-09-04T10:19:58.002286 idade_dias=9
[09:57:09] [Prazo.p2b_gateway] [INFO] [p2b_api] texto extraído: 1274 chars
[Prazo.p2b_gateway] [p2b_api] texto extraído: 1274 chars
[09:57:09] [Prazo.p2b_documentos] [INFO] [FLUXO_PZ] Regra casou: pattern=05[\s\.,;:!\-–—()$]*dias[\s\.,;:!\-–—()$]*para[\s\.,;:!\-–—()$]*oferta tipo_acao=(<function make_ato_wrapper.<locals>.wrapper at 0x0000016855F52480>,) snippet=o ===  === vistos, etc. ===  concede-se 05 dias para oferta de novos meios de execucao nao diligenc
[Prazo.p2b_documentos] [FLUXO_PZ] Regra casou: pattern=05[\s\.,;:!\-–—()$]*dias[\s\.,;:!\-–—()$]*para[\s\.,;:!\-–—()$]*oferta tipo_acao=(<function make_ato_wrapper.<locals>.wrapper at 0x0000016855F52480>,) snippet=o ===  === vistos, etc. ===  concede-se 05 dias para oferta de novos meios de execucao nao diligenc
[09:57:09] [pjeplus] [INFO] [ATO] START
[pjeplus] [ATO] START
[09:57:09] [atos.judicial_fluxo] [INFO] [ATO][TIMING][INICIO] conclusao_tipo=Despacho modelo_nome=reiterame
[atos.judicial_fluxo] [ATO][TIMING][INICIO] conclusao_tipo=Despacho modelo_nome=reiterame
[09:57:09] [atos.judicial_fluxo] [INFO] [ATO][CLS] Iniciando fluxo CLS: conclusao_tipo=Despacho
[atos.judicial_fluxo] [ATO][CLS] Iniciando fluxo CLS: conclusao_tipo=Despacho
[09:57:09] [pjeplus] [INFO] [CLS] START
[pjeplus] [CLS] START
[09:57:09] [atos.judicial_fluxo] [INFO] [CLS][TIMING][INICIO]
[atos.judicial_fluxo] [CLS][TIMING][INICIO]
[09:57:09] [atos.judicial_fluxo] [INFO] FLUXO CLS - INICIANDO
[atos.judicial_fluxo] FLUXO CLS - INICIANDO
[09:57:09] [atos.judicial_fluxo] [INFO] ============================================================
[atos.judicial_fluxo] ============================================================
[09:57:09] [atos.judicial_fluxo] [INFO] [CLS][TIMING][CHECK_ESTADO] 0.000s estado=detalhe
[atos.judicial_fluxo] [CLS][TIMING][CHECK_ESTADO] 0.000s estado=detalhe
[09:57:09] [atos.judicial_fluxo] [INFO] [CLS] Passo 1: Estamos em /detalhe — abrindo tarefa do processo...
[atos.judicial_fluxo] [CLS] Passo 1: Estamos em /detalhe — abrindo tarefa do processo...
[09:57:09] [pjeplus] [INFO] [NAVEGAÇÃO] Abrindo tarefa do processo...
[pjeplus] [NAVEGAÇÃO] Abrindo tarefa do processo...
[09:57:10] [pjeplus] [INFO] [NAVEGAÇÃO] Foco trocado para nova aba
[pjeplus] [NAVEGAÇÃO] Foco trocado para nova aba
[09:57:11] [atos.judicial_fluxo] [INFO] [CLS][TIMING][ABRIR_TAREFA] 1.588s sucesso=True
[atos.judicial_fluxo] [CLS][TIMING][ABRIR_TAREFA] 1.588s sucesso=True
[09:57:11] [atos.judicial_fluxo] [INFO] [CLS] Passo 2: Limpando overlays...
[atos.judicial_fluxo] [CLS] Passo 2: Limpando overlays...
[09:57:11] [atos.judicial_fluxo] [INFO] [CLS][TIMING][LIMPAR_OVERLAYS] 0.020s
[atos.judicial_fluxo] [CLS][TIMING][LIMPAR_OVERLAYS] 0.020s
[09:57:11] [atos.judicial_fluxo] [INFO] [CLS] Passo 3: Navegando para conclusão...
[atos.judicial_fluxo] [CLS] Passo 3: Navegando para conclusão...
[09:57:11] [pjeplus] [INFO] [NAVEGAÇÃO] Navegando para Conclusão ao Magistrado...
[pjeplus] [NAVEGAÇÃO] Navegando para Conclusão ao Magistrado...
[09:57:11] [pjeplus] [INFO] [NAVEGAÇÃO] Nome da Tarefa Detectado: "análise"
[pjeplus] [NAVEGAÇÃO] Nome da Tarefa Detectado: "análise"
[09:57:12] [pjeplus] [INFO] [NAVEGAÇÃO] Conclusão não disponível diretamente, tentando via "Análise"...
[pjeplus] [NAVEGAÇÃO] Conclusão não disponível diretamente, tentando via "Análise"...
[09:57:12] [pjeplus] [INFO] [NAVEGAÇÃO] Tentando via "Análise"...
[pjeplus] [NAVEGAÇÃO] Tentando via "Análise"...
[09:57:12] [pjeplus] [INFO] [NAVEGAÇÃO] Clique em "Análise" realizado
[pjeplus] [NAVEGAÇÃO] Clique em "Análise" realizado
[09:57:12] [pjeplus] [INFO] [NAVEGAÇÃO] Verificando overlays...
[pjeplus] [NAVEGAÇÃO] Verificando overlays...
[09:57:15] [pjeplus] [INFO] [NAVEGAÇÃO] Clique em "Conclusão ao magistrado" realizado após Análise
[pjeplus] [NAVEGAÇÃO] Clique em "Conclusão ao magistrado" realizado após Análise
[09:57:15] [pjeplus] [INFO] [NAVEGAÇÃO] Navegação para conclusão concluída com sucesso
[pjeplus] [NAVEGAÇÃO] Navegação para conclusão concluída com sucesso
[09:57:15] [atos.judicial_fluxo] [INFO] [CLS][TIMING][NAVEGAR_CONCLUSAO] 4.281s
[atos.judicial_fluxo] [CLS][TIMING][NAVEGAR_CONCLUSAO] 4.281s
[09:57:15] [atos.judicial_fluxo] [INFO] [CLS] Passo 4: Escolhendo tipo de conclusão: Despacho
[atos.judicial_fluxo] [CLS] Passo 4: Escolhendo tipo de conclusão: Despacho
[09:57:15] [pjeplus] [INFO] [CONCLUSÃO] Escolhendo tipo de conclusão: Despacho
[pjeplus] [CONCLUSÃO] Escolhendo tipo de conclusão: Despacho
[09:57:17] [pjeplus] [INFO] [CONCLUSÃO] ✅ Botão de conclusão "Despacho" clicado com sucesso
[pjeplus] [CONCLUSÃO] ✅ Botão de conclusão "Despacho" clicado com sucesso
[09:57:17] [atos.judicial_fluxo] [INFO] [CLS][TIMING][ESCOLHER_TIPO] 2.060s tipo=Despacho
[atos.judicial_fluxo] [CLS][TIMING][ESCOLHER_TIPO] 2.060s tipo=Despacho
[09:57:17] [atos.judicial_fluxo] [INFO] [CLS] Passo 5: Aguardando transição para minutar...
[atos.judicial_fluxo] [CLS] Passo 5: Aguardando transição para minutar...
[09:57:17] [pjeplus] [INFO] [CONCLUSÃO] Aguardando transição para tela de minutar (DOM Observer)...
[pjeplus] [CONCLUSÃO] Aguardando transição para tela de minutar (DOM Observer)...
[09:57:17] [pjeplus] [INFO] [CONCLUSÃO] Transição detectada via renderização do DOM (pje-arvore-modelo-documento)
[pjeplus] [CONCLUSÃO] Transição detectada via renderização do DOM (pje-arvore-modelo-documento)
[09:57:17] [atos.judicial_fluxo] [INFO] [CLS][TIMING][TRANSICAO_MINUTAR] 0.003s
[atos.judicial_fluxo] [CLS][TIMING][TRANSICAO_MINUTAR] 0.003s
[09:57:17] [atos.judicial_fluxo] [INFO] [CLS] Passo 6: Preparando campo de minutar...
[atos.judicial_fluxo] [CLS] Passo 6: Preparando campo de minutar...
[09:57:17] [pjeplus] [INFO] [NAVEGAÇÃO] Preparando campo de filtro para minutar...
[pjeplus] [NAVEGAÇÃO] Preparando campo de filtro para minutar...
[09:57:23] [pjeplus] [INFO] [NAVEGAÇÃO] Campo de filtro preparado com sucesso
[pjeplus] [NAVEGAÇÃO] Campo de filtro preparado com sucesso
[09:57:23] [atos.judicial_fluxo] [INFO] [CLS][TIMING][PREPARAR_CAMPO] 5.552s
[atos.judicial_fluxo] [CLS][TIMING][PREPARAR_CAMPO] 5.552s
[09:57:23] [atos.judicial_fluxo] [INFO] ============================================================
[atos.judicial_fluxo] ============================================================
[09:57:23] [atos.judicial_fluxo] [INFO] FLUXO CLS - CONCLUÍDO COM SUCESSO
[atos.judicial_fluxo] FLUXO CLS - CONCLUÍDO COM SUCESSO
[09:57:23] [atos.judicial_fluxo] [INFO] ============================================================
[atos.judicial_fluxo] ============================================================
[09:57:23] [pjeplus] [INFO] [CLS] FIM {'status': 'sucesso', 'tempo': '13.505s'}
[pjeplus] [CLS] FIM {'status': 'sucesso', 'tempo': '13.505s'}
[09:57:23] [atos.judicial_fluxo] [INFO] [CLS][TIMING][SUCESSO] 13.505s (fluxo completo)
[atos.judicial_fluxo] [CLS][TIMING][SUCESSO] 13.505s (fluxo completo)
[09:57:23] [pjeplus] [INFO] [TEMPO] fluxo_cls.fluxo_cls: 13.506s
[pjeplus] [TEMPO] fluxo_cls.fluxo_cls: 13.506s
[09:57:23] [atos.judicial_fluxo] [INFO] [ATO][TIMING][FLUXO_CLS] 13.506s
[atos.judicial_fluxo] [ATO][TIMING][FLUXO_CLS] 13.506s
[09:57:23] [atos.judicial_fluxo] [INFO] [ATO][DESCRICAO] Preenchendo descrição: reiteração de indicação de meios
[atos.judicial_fluxo] [ATO][DESCRICAO] Preenchendo descrição: reiteração de indicação de meios
[09:57:23] [atos.judicial_fluxo] [INFO] [ATO][DESCRICAO]  Descrição preenchida
[atos.judicial_fluxo] [ATO][DESCRICAO]  Descrição preenchida
[09:57:23] [atos.judicial_fluxo] [INFO] [ATO][MODELO] Preenchendo filtro com modelo: reiterame
[atos.judicial_fluxo] [ATO][MODELO] Preenchendo filtro com modelo: reiterame
[09:57:24] [atos.judicial_fluxo] [INFO] [ATO][MODELO] Modelo "reiterame" preenchido via JS e ENTER pressionado no filtro.
[atos.judicial_fluxo] [ATO][MODELO] Modelo "reiterame" preenchido via JS e ENTER pressionado no filtro.
[09:57:26] [atos.judicial_fluxo] [INFO] [ATO][MODELO] Clique em nodo-filtrado realizado!
[atos.judicial_fluxo] [ATO][MODELO] Clique em nodo-filtrado realizado!
[09:57:26] [atos.judicial_fluxo] [INFO] [ATO][MODELO] Clique em inserir realizado
[atos.judicial_fluxo] [ATO][MODELO] Clique em inserir realizado
[09:57:26] [atos.judicial_fluxo] [INFO] [ATO][MODELO] Snackbar de inserção detectada — sinal para prosseguir
[atos.judicial_fluxo] [ATO][MODELO] Snackbar de inserção detectada — sinal para prosseguir
[09:57:27] [atos.judicial_fluxo] [INFO] [ATO][MODELO] Modelo inserido (conteúdo confirmado no editor)
[atos.judicial_fluxo] [ATO][MODELO] Modelo inserido (conteúdo confirmado no editor)
[09:57:27] [atos.judicial_fluxo] [INFO] [ATO][SALVAR] Salvando modelo após inserção...
[atos.judicial_fluxo] [ATO][SALVAR] Salvando modelo após inserção...
[09:57:27] [atos.judicial_fluxo] [INFO] [ATO][SALVAR] Clique no botao Salvar realizado
[atos.judicial_fluxo] [ATO][SALVAR] Clique no botao Salvar realizado
[09:57:27] [atos.judicial_fluxo] [INFO] [ATO][SALVAR] Aguardando ativação da aba destinatários...
[atos.judicial_fluxo] [ATO][SALVAR] Aguardando ativação da aba destinatários...
[09:57:28] [atos.judicial_fluxo] [INFO] [ATO][PRAZO] Configurando destinatários/prazos: prazo=5 (apenas_primeiro=True)
[atos.judicial_fluxo] [ATO][PRAZO] Configurando destinatários/prazos: prazo=5 (apenas_primeiro=True)
[09:57:28] [pjeplus] [INFO] [PRAZOS] Preenchendo prazos: 5
[pjeplus] [PRAZOS] Preenchendo prazos: 5
[09:57:28] [pjeplus] [INFO] [PRAZOS] Tabela de destinatários carregada
[pjeplus] [PRAZOS] Tabela de destinatários carregada
[09:57:28] [pjeplus] [INFO] [PRAZOS] Clicando no botão #selecionar-polo-ativo...
[pjeplus] [PRAZOS] Clicando no botão #selecionar-polo-ativo...
[09:57:28] [pjeplus] [INFO] [PRAZOS] Botão #selecionar-polo-ativo clicado com sucesso
[pjeplus] [PRAZOS] Botão #selecionar-polo-ativo clicado com sucesso
[09:57:28] [pjeplus] [INFO] [PRAZOS] Encontrados 1 campos de prazo
[pjeplus] [PRAZOS] Encontrados 1 campos de prazo
[09:57:28] [pjeplus] [INFO] [PRAZOS] Campo 1 preenchido com prazo: 5
[pjeplus] [PRAZOS] Campo 1 preenchido com prazo: 5
[09:57:28] [pjeplus] [INFO] [PRAZOS] Preenchimento de destinatários e prazos concluído
[pjeplus] [PRAZOS] Preenchimento de destinatários e prazos concluído
[09:57:28] [atos.judicial_fluxo] [INFO] [ATO][PRAZO] Destinatários e prazos concluídos com sucesso
[atos.judicial_fluxo] [ATO][PRAZO] Destinatários e prazos concluídos com sucesso
[09:57:28] [atos.judicial_fluxo] [INFO] [ATO][PEC] Parâmetro marcar_pec=False (desejado: desmarcar)
[atos.judicial_fluxo] [ATO][PEC] Parâmetro marcar_pec=False (desejado: desmarcar)
[09:57:28] [atos.judicial_fluxo] [INFO] [ATO][PEC] Estado inicial: marcado → alterado para: desmarcado
[atos.judicial_fluxo] [ATO][PEC] Estado inicial: marcado → alterado para: desmarcado
[09:57:28] [atos.judicial_fluxo] [INFO] [ATO][GRAVAR] Gravando intimações...
[atos.judicial_fluxo] [ATO][GRAVAR] Gravando intimações...
[09:57:28] [atos.judicial_fluxo] [INFO] [ATO][GRAVAR] Intimações gravadas
[atos.judicial_fluxo] [ATO][GRAVAR] Intimações gravadas
[09:57:28] [atos.judicial_fluxo] [INFO] [ATO][SALVAR_FINAL] Salvando ato...
[atos.judicial_fluxo] [ATO][SALVAR_FINAL] Salvando ato...
[09:57:29] [atos.judicial_fluxo] [INFO] [ATO][SALVAR_FINAL] Ato salvo
[atos.judicial_fluxo] [ATO][SALVAR_FINAL] Ato salvo
[09:57:29] [atos.judicial_fluxo] [INFO] ============================================================
[atos.judicial_fluxo] ============================================================
[09:57:29] [atos.judicial_fluxo] [INFO] ATO JUDICIAL - CONCLUÍDO COM SUCESSO
[atos.judicial_fluxo] ATO JUDICIAL - CONCLUÍDO COM SUCESSO
[09:57:29] [atos.judicial_fluxo] [INFO] ============================================================
[atos.judicial_fluxo] ============================================================
[09:57:29] [pjeplus] [INFO] [ATO] FIM {'status': 'sucesso', 'sigilo': False, 'tempo': '19.647s'}
[pjeplus] [ATO] FIM {'status': 'sucesso', 'sigilo': False, 'tempo': '19.647s'}
[09:57:29] [atos.judicial_fluxo] [INFO] [ATO][TIMING][SUCESSO] 19.647s (fluxo completo)
[atos.judicial_fluxo] [ATO][TIMING][SUCESSO] 19.647s (fluxo completo)
[09:57:29] [pjeplus] [INFO] [TEMPO] _processar_regras_gerais._processar_regras_gerais: 19.664s
[pjeplus] [TEMPO] _processar_regras_gerais._processar_regras_gerais: 19.664s
[09:57:29] [Fix.monitoramento_progresso_unificado] [INFO] [PROGRESSO_P2B][1000180-76.2022.5.02.0703] ✅ Processo marcado como executado
[Fix.monitoramento_progresso_unificado] [PROGRESSO_P2B][1000180-76.2022.5.02.0703] ✅ Processo marcado como executado
[09:57:29] [Fix.monitoramento_progresso_unificado] [INFO] [PROGRESSO_P2B]  Progresso salvo com segurança
[Fix.monitoramento_progresso_unificado] [PROGRESSO_P2B]  Progresso salvo com segurança
[09:57:29] [Prazo.p2b_gateway] [INFO] [PRAZO_API] Processo 1000180-76.2022.5.02.0703 processado com sucesso (fluxo_pz)
[Prazo.p2b_gateway] [PRAZO_API] Processo 1000180-76.2022.5.02.0703 processado com sucesso (fluxo_pz)
[09:57:29] [Prazo.p2b_gateway] [INFO] [PRAZO_API] Abrindo processo id=3848398 numero=1000091-87.2021.5.02.0703
[Prazo.p2b_gateway] [PRAZO_API] Abrindo processo id=3848398 numero=1000091-87.2021.5.02.0703
[09:57:30] [Prazo.p2b_gateway] [INFO] [p2b_api] Data documento: 2026-09-04T10:24:28.043751 -> 2026-09-04T10:24:28.043751+00:00 (Idade: 9 dias úteis)
[Prazo.p2b_gateway] [p2b_api] Data documento: 2026-09-04T10:24:28.043751 -> 2026-09-04T10:24:28.043751+00:00 (Idade: 9 dias úteis)
[09:57:30] [Prazo.p2b_gateway] [INFO] [p2b_api] doc relevante: tipo=Despacho id=484757176 data_extraida=2026-09-04T10:24:28.043751 idade_dias=9
[Prazo.p2b_gateway] [p2b_api] doc relevante: tipo=Despacho id=484757176 data_extraida=2026-09-04T10:24:28.043751 idade_dias=9
[09:57:30] [Prazo.p2b_gateway] [INFO] [p2b_api] texto extraído: 1269 chars
[Prazo.p2b_gateway] [p2b_api] texto extraído: 1269 chars
[09:57:30] [Prazo.p2b_documentos] [INFO] [FLUXO_PZ] Regra casou: pattern=abre\-se,[\s\.,;:!\-–—()$]*como[\s\.,;:!\-–—()$]*reiteracao tipo_acao=('criar_gigs[1//xs sob 24]', <function make_ato_wrapper.<locals>.wrapper at 0x0000016855F53420>) snippet==== despacho ===  === vistos, etc. ===  abre-se, como reiteracao, novo prazo para oferta de novos meios 
[Prazo.p2b_documentos] [FLUXO_PZ] Regra casou: pattern=abre\-se,[\s\.,;:!\-–—()$]*como[\s\.,;:!\-–—()$]*reiteracao tipo_acao=('criar_gigs[1//xs sob 24]', <function make_ato_wrapper.<locals>.wrapper at 0x0000016855F53420>) snippet==== despacho ===  === vistos, etc. ===  abre-se, como reiteracao, novo prazo para oferta de novos meios 
[09:57:32] [pjeplus] [INFO] [ATO] START
[pjeplus] [ATO] START
[09:57:32] [atos.judicial_fluxo] [INFO] [ATO][TIMING][INICIO] conclusao_tipo=Suspensão modelo_nome=suspf
[atos.judicial_fluxo] [ATO][TIMING][INICIO] conclusao_tipo=Suspensão modelo_nome=suspf
[09:57:32] [atos.judicial_fluxo] [INFO] [ATO][CLS] Iniciando fluxo CLS: conclusao_tipo=Suspensão
[atos.judicial_fluxo] [ATO][CLS] Iniciando fluxo CLS: conclusao_tipo=Suspensão
[09:57:32] [pjeplus] [INFO] [CLS] START
[pjeplus] [CLS] START
[09:57:32] [atos.judicial_fluxo] [INFO] [CLS][TIMING][INICIO]
[atos.judicial_fluxo] [CLS][TIMING][INICIO]
[09:57:32] [atos.judicial_fluxo] [INFO] FLUXO CLS - INICIANDO
[atos.judicial_fluxo] FLUXO CLS - INICIANDO
[09:57:32] [atos.judicial_fluxo] [INFO] ============================================================
[atos.judicial_fluxo] ============================================================
[09:57:32] [atos.judicial_fluxo] [INFO] [CLS][TIMING][CHECK_ESTADO] 0.000s estado=detalhe
[atos.judicial_fluxo] [CLS][TIMING][CHECK_ESTADO] 0.000s estado=detalhe
[09:57:32] [atos.judicial_fluxo] [INFO] [CLS] Passo 1: Estamos em /detalhe — abrindo tarefa do processo...
[atos.judicial_fluxo] [CLS] Passo 1: Estamos em /detalhe — abrindo tarefa do processo...
[09:57:32] [pjeplus] [INFO] [NAVEGAÇÃO] Abrindo tarefa do processo...
[pjeplus] [NAVEGAÇÃO] Abrindo tarefa do processo...
[09:57:32] [pjeplus] [INFO] [NAVEGAÇÃO] Foco trocado para nova aba
[pjeplus] [NAVEGAÇÃO] Foco trocado para nova aba
[09:57:32] [atos.judicial_fluxo] [INFO] [CLS][TIMING][ABRIR_TAREFA] 0.542s sucesso=True
[atos.judicial_fluxo] [CLS][TIMING][ABRIR_TAREFA] 0.542s sucesso=True
[09:57:32] [atos.judicial_fluxo] [INFO] [CLS] Passo 2: Limpando overlays...
[atos.judicial_fluxo] [CLS] Passo 2: Limpando overlays...
[09:57:32] [atos.judicial_fluxo] [INFO] [CLS][TIMING][LIMPAR_OVERLAYS] 0.024s
[atos.judicial_fluxo] [CLS][TIMING][LIMPAR_OVERLAYS] 0.024s
[09:57:32] [atos.judicial_fluxo] [INFO] [CLS] Passo 3: Navegando para conclusão...
[atos.judicial_fluxo] [CLS] Passo 3: Navegando para conclusão...
[09:57:32] [pjeplus] [INFO] [NAVEGAÇÃO] Navegando para Conclusão ao Magistrado...
[pjeplus] [NAVEGAÇÃO] Navegando para Conclusão ao Magistrado...
[09:57:32] [pjeplus] [INFO] [NAVEGAÇÃO] Nome da Tarefa Detectado: "análise"
[pjeplus] [NAVEGAÇÃO] Nome da Tarefa Detectado: "análise"
[09:57:33] [pjeplus] [INFO] [NAVEGAÇÃO] Conclusão não disponível diretamente, tentando via "Análise"...
[pjeplus] [NAVEGAÇÃO] Conclusão não disponível diretamente, tentando via "Análise"...
[09:57:33] [pjeplus] [INFO] [NAVEGAÇÃO] Tentando via "Análise"...
[pjeplus] [NAVEGAÇÃO] Tentando via "Análise"...
[09:57:33] [pjeplus] [INFO] [NAVEGAÇÃO] Clique em "Análise" realizado
[pjeplus] [NAVEGAÇÃO] Clique em "Análise" realizado
[09:57:33] [pjeplus] [INFO] [NAVEGAÇÃO] Verificando overlays...
[pjeplus] [NAVEGAÇÃO] Verificando overlays...
[09:57:35] [pjeplus] [INFO] [NAVEGAÇÃO] Clique em "Conclusão ao magistrado" realizado após Análise
[pjeplus] [NAVEGAÇÃO] Clique em "Conclusão ao magistrado" realizado após Análise
[09:57:35] [pjeplus] [INFO] [NAVEGAÇÃO] Navegação para conclusão concluída com sucesso
[pjeplus] [NAVEGAÇÃO] Navegação para conclusão concluída com sucesso
[09:57:35] [atos.judicial_fluxo] [INFO] [CLS][TIMING][NAVEGAR_CONCLUSAO] 3.104s
[atos.judicial_fluxo] [CLS][TIMING][NAVEGAR_CONCLUSAO] 3.104s
[09:57:35] [atos.judicial_fluxo] [INFO] [CLS] Passo 4: Escolhendo tipo de conclusão: Suspensão
[atos.judicial_fluxo] [CLS] Passo 4: Escolhendo tipo de conclusão: Suspensão
[09:57:35] [pjeplus] [INFO] [CONCLUSÃO] Escolhendo tipo de conclusão: Suspensão
[pjeplus] [CONCLUSÃO] Escolhendo tipo de conclusão: Suspensão
[09:57:37] [pjeplus] [INFO] [CONCLUSÃO] ✅ Botão de conclusão "Suspensão" clicado com sucesso
[pjeplus] [CONCLUSÃO] ✅ Botão de conclusão "Suspensão" clicado com sucesso
[09:57:37] [atos.judicial_fluxo] [INFO] [CLS][TIMING][ESCOLHER_TIPO] 1.530s tipo=Suspensão
[atos.judicial_fluxo] [CLS][TIMING][ESCOLHER_TIPO] 1.530s tipo=Suspensão
[09:57:37] [atos.judicial_fluxo] [INFO] [CLS] Passo 5: Aguardando transição para minutar...
[atos.judicial_fluxo] [CLS] Passo 5: Aguardando transição para minutar...
[09:57:37] [pjeplus] [INFO] [CONCLUSÃO] Aguardando transição para tela de minutar (DOM Observer)...
[pjeplus] [CONCLUSÃO] Aguardando transição para tela de minutar (DOM Observer)...
[09:57:37] [pjeplus] [INFO] [CONCLUSÃO] Transição detectada via renderização do DOM (pje-arvore-modelo-documento)
[pjeplus] [CONCLUSÃO] Transição detectada via renderização do DOM (pje-arvore-modelo-documento)
[09:57:37] [atos.judicial_fluxo] [INFO] [CLS][TIMING][TRANSICAO_MINUTAR] 0.003s
[atos.judicial_fluxo] [CLS][TIMING][TRANSICAO_MINUTAR] 0.003s
[09:57:37] [atos.judicial_fluxo] [INFO] [CLS] Passo 6: Preparando campo de minutar...
[atos.judicial_fluxo] [CLS] Passo 6: Preparando campo de minutar...
[09:57:37] [pjeplus] [INFO] [NAVEGAÇÃO] Preparando campo de filtro para minutar...
[pjeplus] [NAVEGAÇÃO] Preparando campo de filtro para minutar...
[09:57:42] [pjeplus] [INFO] [NAVEGAÇÃO] Campo de filtro preparado com sucesso
[pjeplus] [NAVEGAÇÃO] Campo de filtro preparado com sucesso
[09:57:42] [atos.judicial_fluxo] [INFO] [CLS][TIMING][PREPARAR_CAMPO] 4.944s
[atos.judicial_fluxo] [CLS][TIMING][PREPARAR_CAMPO] 4.944s
[09:57:42] [atos.judicial_fluxo] [INFO] ============================================================
[atos.judicial_fluxo] ============================================================
[09:57:42] [atos.judicial_fluxo] [INFO] FLUXO CLS - CONCLUÍDO COM SUCESSO
[atos.judicial_fluxo] FLUXO CLS - CONCLUÍDO COM SUCESSO
[09:57:42] [atos.judicial_fluxo] [INFO] ============================================================
[atos.judicial_fluxo] ============================================================
[09:57:42] [pjeplus] [INFO] [CLS] FIM {'status': 'sucesso', 'tempo': '10.148s'}
[pjeplus] [CLS] FIM {'status': 'sucesso', 'tempo': '10.148s'}
[09:57:42] [atos.judicial_fluxo] [INFO] [CLS][TIMING][SUCESSO] 10.148s (fluxo completo)
[atos.judicial_fluxo] [CLS][TIMING][SUCESSO] 10.148s (fluxo completo)
[09:57:42] [pjeplus] [INFO] [TEMPO] fluxo_cls.fluxo_cls: 10.149s
[pjeplus] [TEMPO] fluxo_cls.fluxo_cls: 10.149s
[09:57:42] [atos.judicial_fluxo] [INFO] [ATO][TIMING][FLUXO_CLS] 10.149s
[atos.judicial_fluxo] [ATO][TIMING][FLUXO_CLS] 10.149s
[09:57:42] [atos.judicial_fluxo] [INFO] [ATO][DESCRICAO] Preenchendo descrição: Sobrestamento
[atos.judicial_fluxo] [ATO][DESCRICAO] Preenchendo descrição: Sobrestamento
[09:57:42] [atos.judicial_fluxo] [INFO] [ATO][DESCRICAO]  Descrição preenchida
[atos.judicial_fluxo] [ATO][DESCRICAO]  Descrição preenchida
[09:57:42] [atos.judicial_fluxo] [INFO] [ATO][MODELO] Preenchendo filtro com modelo: suspf
[atos.judicial_fluxo] [ATO][MODELO] Preenchendo filtro com modelo: suspf
[09:57:44] [atos.judicial_fluxo] [INFO] [ATO][MODELO] Modelo "suspf" preenchido via JS e ENTER pressionado no filtro.
[atos.judicial_fluxo] [ATO][MODELO] Modelo "suspf" preenchido via JS e ENTER pressionado no filtro.
[09:57:44] [atos.judicial_fluxo] [INFO] [ATO][MODELO] Clique em nodo-filtrado realizado!
[atos.judicial_fluxo] [ATO][MODELO] Clique em nodo-filtrado realizado!
[09:57:44] [atos.judicial_fluxo] [INFO] [ATO][MODELO] Clique em inserir realizado
[atos.judicial_fluxo] [ATO][MODELO] Clique em inserir realizado
[09:57:44] [atos.judicial_fluxo] [INFO] [ATO][MODELO] Snackbar de inserção detectada — sinal para prosseguir
[atos.judicial_fluxo] [ATO][MODELO] Snackbar de inserção detectada — sinal para prosseguir
[09:57:46] [atos.judicial_fluxo] [INFO] [ATO][MODELO] Modelo inserido (conteúdo confirmado no editor)
[atos.judicial_fluxo] [ATO][MODELO] Modelo inserido (conteúdo confirmado no editor)
[09:57:46] [atos.judicial_fluxo] [INFO] [ATO][SALVAR] Salvando modelo após inserção...
[atos.judicial_fluxo] [ATO][SALVAR] Salvando modelo após inserção...
[09:57:46] [atos.judicial_fluxo] [INFO] [ATO][SALVAR] Clique no botao Salvar realizado
[atos.judicial_fluxo] [ATO][SALVAR] Clique no botao Salvar realizado
[09:57:46] [atos.judicial_fluxo] [INFO] [ATO][SALVAR] Aguardando ativação da aba destinatários...
[atos.judicial_fluxo] [ATO][SALVAR] Aguardando ativação da aba destinatários...
[09:57:46] [atos.judicial_fluxo] [INFO] [ATO][PRAZO] Configurando destinatários/prazos: prazo=0 (apenas_primeiro=False)
[atos.judicial_fluxo] [ATO][PRAZO] Configurando destinatários/prazos: prazo=0 (apenas_primeiro=False)
[09:57:46] [pjeplus] [INFO] [PRAZOS] Preenchendo prazos: 0
[pjeplus] [PRAZOS] Preenchendo prazos: 0
[09:57:46] [pjeplus] [INFO] [PRAZOS] Tabela de destinatários carregada
[pjeplus] [PRAZOS] Tabela de destinatários carregada
[09:57:46] [pjeplus] [INFO] [PRAZOS] Todas as partes selecionadas
[pjeplus] [PRAZOS] Todas as partes selecionadas
[09:57:47] [pjeplus] [INFO] [PRAZOS] Desmarcado destinatário com Domicílio Eletrônico
[pjeplus] [PRAZOS] Desmarcado destinatário com Domicílio Eletrônico
[09:57:47] [pjeplus] [INFO] [PRAZOS] 1 destinatário(s) com Domicílio Eletrônico desmarcado(s)
[pjeplus] [PRAZOS] 1 destinatário(s) com Domicílio Eletrônico desmarcado(s)
[09:57:47] [pjeplus] [INFO] [PRAZOS] Encontrados 2 campos de prazo
[pjeplus] [PRAZOS] Encontrados 2 campos de prazo
[09:57:49] [pjeplus] [INFO] [PRAZOS] Campo 1 preenchido com prazo: 0
[pjeplus] [PRAZOS] Campo 1 preenchido com prazo: 0
[09:57:51] [pjeplus] [INFO] [PRAZOS] Campo 2 preenchido com prazo: 0
[pjeplus] [PRAZOS] Campo 2 preenchido com prazo: 0
[09:57:51] [pjeplus] [INFO] [PRAZOS] Preenchimento de destinatários e prazos concluído
[pjeplus] [PRAZOS] Preenchimento de destinatários e prazos concluído
[09:57:51] [atos.judicial_fluxo] [INFO] [ATO][PRAZO] Destinatários e prazos concluídos com sucesso
[atos.judicial_fluxo] [ATO][PRAZO] Destinatários e prazos concluídos com sucesso
[09:57:51] [atos.judicial_fluxo] [INFO] [ATO][PEC] Parâmetro marcar_pec='nao' (desejado: desmarcar)
[atos.judicial_fluxo] [ATO][PEC] Parâmetro marcar_pec='nao' (desejado: desmarcar)
[09:57:51] [atos.judicial_fluxo] [INFO] [ATO][PEC] Estado inicial: marcado → alterado para: desmarcado
[atos.judicial_fluxo] [ATO][PEC] Estado inicial: marcado → alterado para: desmarcado
[09:57:51] [atos.judicial_fluxo] [INFO] [ATO][GRAVAR] Gravando intimações...
[atos.judicial_fluxo] [ATO][GRAVAR] Gravando intimações...
[09:57:51] [atos.judicial_fluxo] [INFO] [ATO][GRAVAR] Intimações gravadas
[atos.judicial_fluxo] [ATO][GRAVAR] Intimações gravadas
[09:57:51] [atos.judicial_fluxo] [INFO] [ATO][MOVIMENTO] Selecionando movimento: frustrada
[atos.judicial_fluxo] [ATO][MOVIMENTO] Selecionando movimento: frustrada
[09:57:51] [atos.judicial_fluxo] [INFO] [ATO][MOVIMENTO]  Checkbox marcado:   Suspenso o processo por execução frustrada (276)
[atos.judicial_fluxo] [ATO][MOVIMENTO]  Checkbox marcado:   Suspenso o processo por execução frustrada (276)
[09:57:51] [atos.judicial_fluxo] [INFO] [ATO][MOVIMENTO] Gravando movimento...
[atos.judicial_fluxo] [ATO][MOVIMENTO] Gravando movimento...
[09:57:51] [atos.judicial_fluxo] [INFO] [ATO][MOVIMENTO] Confirmando gravação...
[atos.judicial_fluxo] [ATO][MOVIMENTO] Confirmando gravação...
[09:57:55] [pjeplus] [WARNING] [WAIT_CLICKABLE] Elemento nao clicavel: snack-bar-container simple-snack-bar
[pjeplus] [WAIT_CLICKABLE] Elemento nao clicavel: snack-bar-container simple-snack-bar
[09:57:55] [atos.judicial_fluxo] [WARNING] [ATO][MOVIMENTO] Sem confirmação de gravação do movimento (snackbar ausente), assumindo sucesso
[atos.judicial_fluxo] [ATO][MOVIMENTO] Sem confirmação de gravação do movimento (snackbar ausente), assumindo sucesso
[09:57:55] [atos.judicial_fluxo] [INFO] [ATO][SALVAR_FINAL] Salvando ato...
[atos.judicial_fluxo] [ATO][SALVAR_FINAL] Salvando ato...
[09:57:55] [atos.judicial_fluxo] [INFO] [ATO][SALVAR_FINAL] Ato salvo
[atos.judicial_fluxo] [ATO][SALVAR_FINAL] Ato salvo
[09:57:55] [atos.judicial_fluxo] [INFO] ============================================================
[atos.judicial_fluxo] ============================================================
[09:57:55] [atos.judicial_fluxo] [INFO] ATO JUDICIAL - CONCLUÍDO COM SUCESSO
[atos.judicial_fluxo] ATO JUDICIAL - CONCLUÍDO COM SUCESSO
[09:57:55] [atos.judicial_fluxo] [INFO] ============================================================
[atos.judicial_fluxo] ============================================================
[09:57:55] [pjeplus] [INFO] [ATO] FIM {'status': 'sucesso', 'sigilo': False, 'tempo': '23.422s'}
[pjeplus] [ATO] FIM {'status': 'sucesso', 'sigilo': False, 'tempo': '23.422s'}
[09:57:55] [atos.judicial_fluxo] [INFO] [ATO][TIMING][SUCESSO] 23.422s (fluxo completo)
[atos.judicial_fluxo] [ATO][TIMING][SUCESSO] 23.422s (fluxo completo)
[09:57:55] [pjeplus] [INFO] [TEMPO] _processar_regras_gerais._processar_regras_gerais: 24.982s
[pjeplus] [TEMPO] _processar_regras_gerais._processar_regras_gerais: 24.982s
[09:57:55] [Fix.monitoramento_progresso_unificado] [INFO] [PROGRESSO_P2B][1000091-87.2021.5.02.0703] ✅ Processo marcado como executado
[Fix.monitoramento_progresso_unificado] [PROGRESSO_P2B][1000091-87.2021.5.02.0703] ✅ Processo marcado como executado
[09:57:55] [Fix.monitoramento_progresso_unificado] [INFO] [PROGRESSO_P2B]  Progresso salvo com segurança
[Fix.monitoramento_progresso_unificado] [PROGRESSO_P2B]  Progresso salvo com segurança
[09:57:55] [Prazo.p2b_gateway] [INFO] [PRAZO_API] Processo 1000091-87.2021.5.02.0703 processado com sucesso (fluxo_pz)
[Prazo.p2b_gateway] [PRAZO_API] Processo 1000091-87.2021.5.02.0703 processado com sucesso (fluxo_pz)
[09:57:55] [Prazo.p2b_gateway] [INFO] [PRAZO_API] Abrindo processo id=5930822 numero=1000220-35.2024.5.02.0009
[Prazo.p2b_gateway] [PRAZO_API] Abrindo processo id=5930822 numero=1000220-35.2024.5.02.0009
[09:57:56] [Prazo.p2b_gateway] [INFO] [p2b_api] Data documento: 2026-08-06T08:16:24.701947 -> 2026-08-06T08:16:24.701947+00:00 (Idade: 29 dias úteis)
[Prazo.p2b_gateway] [p2b_api] Data documento: 2026-08-06T08:16:24.701947 -> 2026-08-06T08:16:24.701947+00:00 (Idade: 29 dias úteis)
[09:57:56] [Prazo.p2b_gateway] [INFO] [p2b_api] doc relevante: tipo=Despacho id=478464952 data_extraida=2026-08-06T08:16:24.701947 idade_dias=29
[Prazo.p2b_gateway] [p2b_api] doc relevante: tipo=Despacho id=478464952 data_extraida=2026-08-06T08:16:24.701947 idade_dias=29
[09:57:56] [Prazo.p2b_gateway] [INFO] [p2b_api] texto extraído: 761 chars
[Prazo.p2b_gateway] [p2b_api] texto extraído: 761 chars
[09:57:56] [pjeplus] [INFO] [TEMPO] _processar_regras_gerais._processar_regras_gerais: 0.013s
[pjeplus] [TEMPO] _processar_regras_gerais._processar_regras_gerais: 0.013s
[09:57:56] [Fix.monitoramento_progresso_unificado] [INFO] [PROGRESSO_P2B][1000220-35.2024.5.02.0009] ✅ Processo marcado como executado
[Fix.monitoramento_progresso_unificado] [PROGRESSO_P2B][1000220-35.2024.5.02.0009] ✅ Processo marcado como executado
[09:57:56] [Fix.monitoramento_progresso_unificado] [INFO] [PROGRESSO_P2B]  Progresso salvo com segurança
[Fix.monitoramento_progresso_unificado] [PROGRESSO_P2B]  Progresso salvo com segurança
[09:57:56] [Prazo.p2b_gateway] [INFO] [PRAZO_API] Processo 1000220-35.2024.5.02.0009 processado com sucesso (fluxo_pz)
[Prazo.p2b_gateway] [PRAZO_API] Processo 1000220-35.2024.5.02.0009 processado com sucesso (fluxo_pz)
[09:57:56] [Prazo.p2b_gateway] [INFO] [PRAZO_API] Abrindo processo id=7903676 numero=1001956-09.2025.5.02.0703
[Prazo.p2b_gateway] [PRAZO_API] Abrindo processo id=7903676 numero=1001956-09.2025.5.02.0703
[09:57:57] [Prazo.p2b_gateway] [INFO] [p2b_api] Data documento: 2026-09-01T08:26:00.412918 -> 2026-09-01T08:26:00.412918+00:00 (Idade: 12 dias úteis)
[Prazo.p2b_gateway] [p2b_api] Data documento: 2026-09-01T08:26:00.412918 -> 2026-09-01T08:26:00.412918+00:00 (Idade: 12 dias úteis)
[09:57:57] [Prazo.p2b_gateway] [INFO] [p2b_api] doc relevante: tipo=Sentença id=484213718 data_extraida=2026-09-01T08:26:00.412918 idade_dias=12
[Prazo.p2b_gateway] [p2b_api] doc relevante: tipo=Sentença id=484213718 data_extraida=2026-09-01T08:26:00.412918 idade_dias=12
[09:57:58] [Prazo.p2b_gateway] [INFO] [p2b_api] texto extraído: 943 chars
[Prazo.p2b_gateway] [p2b_api] texto extraído: 943 chars
[09:57:58] [Prazo.p2b_documentos] [INFO] [FLUXO_PZ] Regra casou: pattern=julgo[\s\.,;:!\-–—()$]*extinta[\s\.,;:!\-–—()$]*a[\s\.,;:!\-–—()$]*presente[\s\.,;:!\-–—()$]*execucao,[\s\.,;:!\-–—()$]*nos[\s\.,;:!\-–—()$]*termos[\s\.,;:!\-–—()$]*do[\s\.,;:!\-–—()$]*art\.[\s\.,;:!\-–—()$]*924 tipo_acao=(<function mov_arquivar at 0x0000016855FA8A40>,) snippet=gralmente cumprido o acordo homologado. julgo extinta a presente execucao, nos termos do art. 924, ii do  === cpc. ===  registrem-se no s
[Prazo.p2b_documentos] [FLUXO_PZ] Regra casou: pattern=julgo[\s\.,;:!\-–—()$]*extinta[\s\.,;:!\-–—()$]*a[\s\.,;:!\-–—()$]*presente[\s\.,;:!\-–—()$]*execucao,[\s\.,;:!\-–—()$]*nos[\s\.,;:!\-–—()$]*termos[\s\.,;:!\-–—()$]*do[\s\.,;:!\-–—()$]*art\.[\s\.,;:!\-–—()$]*924 tipo_acao=(<function mov_arquivar at 0x0000016855FA8A40>,) snippet=gralmente cumprido o acordo homologado. julgo extinta a presente execucao, nos termos do art. 924, ii do  === cpc. ===  registrem-se no s
[09:57:59] [atos.core] [INFO] [API_TAREFA] Tarefa aberta via API com sucesso: processo=7903676 tarefa=500
[atos.core] [API_TAREFA] Tarefa aberta via API com sucesso: processo=7903676 tarefa=500
[09:58:00] [atos.core] [INFO] [MOV_INT] tarefa='Responsável do Processo
Sem Responsável
Tarefa:
Análise' destino='Arquivar o processo'
[atos.core] [MOV_INT] tarefa='Responsável do Processo
Sem Responsável
Tarefa:
Análise' destino='Arquivar o processo'
[09:58:00] [atos.core] [INFO] [MOV_INT] clicando botão destino direto: Arquivar o processo
[atos.core] [MOV_INT] clicando botão destino direto: Arquivar o processo
[09:58:00] [atos.wrappers_mov] [INFO] [MOV_ARQUIVAR] Aguardando carregamento da página após arquivar...
[atos.wrappers_mov] [MOV_ARQUIVAR] Aguardando carregamento da página após arquivar...
[09:58:00] [pjeplus] [INFO] [TEMPO] _processar_regras_gerais._processar_regras_gerais: 2.224s
[pjeplus] [TEMPO] _processar_regras_gerais._processar_regras_gerais: 2.224s
[09:58:00] [Fix.monitoramento_progresso_unificado] [INFO] [PROGRESSO_P2B][1001956-09.2025.5.02.0703] ✅ Processo marcado como executado
[Fix.monitoramento_progresso_unificado] [PROGRESSO_P2B][1001956-09.2025.5.02.0703] ✅ Processo marcado como executado
[09:58:00] [Fix.monitoramento_progresso_unificado] [INFO] [PROGRESSO_P2B]  Progresso salvo com segurança
[Fix.monitoramento_progresso_unificado] [PROGRESSO_P2B]  Progresso salvo com segurança
[09:58:00] [Prazo.p2b_gateway] [INFO] [PRAZO_API] Processo 1001956-09.2025.5.02.0703 processado com sucesso (fluxo_pz)
[Prazo.p2b_gateway] [PRAZO_API] Processo 1001956-09.2025.5.02.0703 processado com sucesso (fluxo_pz)
[09:58:00] [Prazo.p2b_gateway] [INFO] [PRAZO_API] Abrindo processo id=8431462 numero=1000525-03.2026.5.02.0703
[Prazo.p2b_gateway] [PRAZO_API] Abrindo processo id=8431462 numero=1000525-03.2026.5.02.0703
[09:58:00] [Prazo.p2b_gateway] [INFO] [p2b_api] Data documento: 2026-09-04T10:30:36.830992 -> 2026-09-04T10:30:36.830992+00:00 (Idade: 9 dias úteis)
[Prazo.p2b_gateway] [p2b_api] Data documento: 2026-09-04T10:30:36.830992 -> 2026-09-04T10:30:36.830992+00:00 (Idade: 9 dias úteis)
[09:58:00] [Prazo.p2b_gateway] [INFO] [p2b_api] doc relevante: tipo=Despacho id=485140833 data_extraida=2026-09-04T10:30:36.830992 idade_dias=9
[Prazo.p2b_gateway] [p2b_api] doc relevante: tipo=Despacho id=485140833 data_extraida=2026-09-04T10:30:36.830992 idade_dias=9
[09:58:00] [Prazo.p2b_gateway] [INFO] [p2b_api] texto extraído: 709 chars
[Prazo.p2b_gateway] [p2b_api] texto extraído: 709 chars
[09:58:00] [Prazo.p2b_documentos] [INFO] [FLUXO_PZ] Regra casou: pattern=sob[\s\.,;:!\-–—()$]*pena[\s\.,;:!\-–—()$]*de[\s\.,;:!\-–—()$]*preclusao tipo_acao=(<function checar_prox at 0x0000016856082160>,) snippet=d, devendo se manifestar em cinco dias, sob pena de preclusao. sao paulo/sp, 04 de setembro de 2026. 
[Prazo.p2b_documentos] [FLUXO_PZ] Regra casou: pattern=sob[\s\.,;:!\-–—()$]*pena[\s\.,;:!\-–—()$]*de[\s\.,;:!\-–—()$]*preclusao tipo_acao=(<function checar_prox at 0x0000016856082160>,) snippet=d, devendo se manifestar em cinco dias, sob pena de preclusao. sao paulo/sp, 04 de setembro de 2026. 
[09:58:01] [pjeplus] [INFO] [TEMPO] _processar_regras_gerais._processar_regras_gerais: 0.494s
[pjeplus] [TEMPO] _processar_regras_gerais._processar_regras_gerais: 0.494s
[09:58:01] [Fix.monitoramento_progresso_unificado] [INFO] [PROGRESSO_P2B][1000525-03.2026.5.02.0703] ✅ Processo marcado como executado
[Fix.monitoramento_progresso_unificado] [PROGRESSO_P2B][1000525-03.2026.5.02.0703] ✅ Processo marcado como executado
[09:58:01] [Fix.monitoramento_progresso_unificado] [INFO] [PROGRESSO_P2B]  Progresso salvo com segurança
[Fix.monitoramento_progresso_unificado] [PROGRESSO_P2B]  Progresso salvo com segurança
[09:58:01] [Prazo.p2b_gateway] [INFO] [PRAZO_API] Processo 1000525-03.2026.5.02.0703 processado com sucesso (fluxo_pz)
[Prazo.p2b_gateway] [PRAZO_API] Processo 1000525-03.2026.5.02.0703 processado com sucesso (fluxo_pz)
[09:58:01] [Prazo.p2b_gateway] [INFO] [PRAZO_API] Abrindo processo id=8588516 numero=1000834-24.2026.5.02.0703
[Prazo.p2b_gateway] [PRAZO_API] Abrindo processo id=8588516 numero=1000834-24.2026.5.02.0703
[09:58:02] [Prazo.p2b_gateway] [INFO] [p2b_api] Data documento: 2026-09-04T10:19:58.002288 -> 2026-09-04T10:19:58.002288+00:00 (Idade: 9 dias úteis)
[Prazo.p2b_gateway] [p2b_api] Data documento: 2026-09-04T10:19:58.002288 -> 2026-09-04T10:19:58.002288+00:00 (Idade: 9 dias úteis)
[09:58:02] [Prazo.p2b_gateway] [INFO] [p2b_api] doc relevante: tipo=Despacho id=485022307 data_extraida=2026-09-04T10:19:58.002288 idade_dias=9
[Prazo.p2b_gateway] [p2b_api] doc relevante: tipo=Despacho id=485022307 data_extraida=2026-09-04T10:19:58.002288 idade_dias=9
[09:58:02] [Prazo.p2b_gateway] [INFO] [p2b_api] texto extraído: 944 chars
[Prazo.p2b_gateway] [p2b_api] texto extraído: 944 chars
[09:58:02] [pjeplus] [INFO] [TEMPO] _processar_regras_gerais._processar_regras_gerais: 0.017s
[pjeplus] [TEMPO] _processar_regras_gerais._processar_regras_gerais: 0.017s
[09:58:02] [Fix.monitoramento_progresso_unificado] [INFO] [PROGRESSO_P2B][1000834-24.2026.5.02.0703] ✅ Processo marcado como executado
[Fix.monitoramento_progresso_unificado] [PROGRESSO_P2B][1000834-24.2026.5.02.0703] ✅ Processo marcado como executado
[09:58:02] [Fix.monitoramento_progresso_unificado] [INFO] [PROGRESSO_P2B]  Progresso salvo com segurança
[Fix.monitoramento_progresso_unificado] [PROGRESSO_P2B]  Progresso salvo com segurança
[09:58:02] [Prazo.p2b_gateway] [INFO] [PRAZO_API] Processo 1000834-24.2026.5.02.0703 processado com sucesso (fluxo_pz)
[Prazo.p2b_gateway] [PRAZO_API] Processo 1000834-24.2026.5.02.0703 processado com sucesso (fluxo_pz)
[09:58:02] [Prazo.p2b_gateway] [INFO] [PRAZO_API] Abrindo processo id=8915956 numero=1001704-69.2026.5.02.0703
[Prazo.p2b_gateway] [PRAZO_API] Abrindo processo id=8915956 numero=1001704-69.2026.5.02.0703
[09:58:02] [Prazo.p2b_gateway] [INFO] [p2b_api] Data documento: 2026-09-01T08:17:23.826 -> 2026-09-01T08:17:23.826000+00:00 (Idade: 12 dias úteis)
[Prazo.p2b_gateway] [p2b_api] Data documento: 2026-09-01T08:17:23.826 -> 2026-09-01T08:17:23.826000+00:00 (Idade: 12 dias úteis)
[09:58:02] [Prazo.p2b_gateway] [INFO] [p2b_api] doc relevante: tipo=Decisão id=484137223 data_extraida=2026-09-01T08:17:23.826 idade_dias=12
[Prazo.p2b_gateway] [p2b_api] doc relevante: tipo=Decisão id=484137223 data_extraida=2026-09-01T08:17:23.826 idade_dias=12
[09:58:02] [Prazo.p2b_gateway] [WARNING] [p2b_api] /conteudo não é PDF. Content-Type=application/json primeiros bytes=b'{"conteudoBase64":"I'
[Prazo.p2b_gateway] [p2b_api] /conteudo não é PDF. Content-Type=application/json primeiros bytes=b'{"conteudoBase64":"I'
[09:58:02] [Prazo.p2b_gateway] [INFO] [FLUXO_PZ] Nenhum documento relevante extraído: /conteudo não é PDF. Content-Type=application/json primeiros bytes=b'{"conteudoBase64":"I'
[Prazo.p2b_gateway] [FLUXO_PZ] Nenhum documento relevante extraído: /conteudo não é PDF. Content-Type=application/json primeiros bytes=b'{"conteudoBase64":"I'
[09:58:02] [Prazo.p2b_gateway] [WARNING] [PRAZO_API] Processo 1001704-69.2026.5.02.0703 NAO concluido (fluxo_pz_nao_executou) — nao marcado; sera retentado na proxima execucao
[Prazo.p2b_gateway] [PRAZO_API] Processo 1001704-69.2026.5.02.0703 NAO concluido (fluxo_pz_nao_executou) — nao marcado; sera retentado na proxima execucao
[09:58:02] [Prazo.p2b_gateway] [INFO] [PRAZO_API] Abrindo processo id=8365415 numero=1000396-95.2026.5.02.0703
[Prazo.p2b_gateway] [PRAZO_API] Abrindo processo id=8365415 numero=1000396-95.2026.5.02.0703
[09:58:03] [Prazo.p2b_gateway] [INFO] [p2b_api] Data documento: 2026-09-04T10:24:28.043752 -> 2026-09-04T10:24:28.043752+00:00 (Idade: 9 dias úteis)
[Prazo.p2b_gateway] [p2b_api] Data documento: 2026-09-04T10:24:28.043752 -> 2026-09-04T10:24:28.043752+00:00 (Idade: 9 dias úteis)
[09:58:03] [Prazo.p2b_gateway] [INFO] [p2b_api] doc relevante: tipo=Despacho id=485048239 data_extraida=2026-09-04T10:24:28.043752 idade_dias=9
[Prazo.p2b_gateway] [p2b_api] doc relevante: tipo=Despacho id=485048239 data_extraida=2026-09-04T10:24:28.043752 idade_dias=9
[09:58:03] [Prazo.p2b_gateway] [INFO] [p2b_api] texto extraído: 731 chars
[Prazo.p2b_gateway] [p2b_api] texto extraído: 731 chars
[09:58:03] [Prazo.p2b_documentos] [INFO] [FLUXO_PZ] Regra casou: pattern=sob[\s\.,;:!\-–—()$]*pena[\s\.,;:!\-–—()$]*de[\s\.,;:!\-–—()$]*preclusao tipo_acao=(<function checar_prox at 0x0000016856082160>,) snippet=4, devendo se manifestar em cinco dias, sob pena de preclusao. sao paulo/sp, 04 de setembro de 2026. 
[Prazo.p2b_documentos] [FLUXO_PZ] Regra casou: pattern=sob[\s\.,;:!\-–—()$]*pena[\s\.,;:!\-–—()$]*de[\s\.,;:!\-–—()$]*preclusao tipo_acao=(<function checar_prox at 0x0000016856082160>,) snippet=4, devendo se manifestar em cinco dias, sob pena de preclusao. sao paulo/sp, 04 de setembro de 2026. 
[09:58:04] [pjeplus] [INFO] [TEMPO] _processar_regras_gerais._processar_regras_gerais: 0.573s
[pjeplus] [TEMPO] _processar_regras_gerais._processar_regras_gerais: 0.573s
[09:58:04] [Fix.monitoramento_progresso_unificado] [INFO] [PROGRESSO_P2B][1000396-95.2026.5.02.0703] ✅ Processo marcado como executado
[Fix.monitoramento_progresso_unificado] [PROGRESSO_P2B][1000396-95.2026.5.02.0703] ✅ Processo marcado como executado
[09:58:04] [Fix.monitoramento_progresso_unificado] [INFO] [PROGRESSO_P2B]  Progresso salvo com segurança
[Fix.monitoramento_progresso_unificado] [PROGRESSO_P2B]  Progresso salvo com segurança
[09:58:04] [Prazo.p2b_gateway] [INFO] [PRAZO_API] Processo 1000396-95.2026.5.02.0703 processado com sucesso (fluxo_pz)
[Prazo.p2b_gateway] [PRAZO_API] Processo 1000396-95.2026.5.02.0703 processado com sucesso (fluxo_pz)
[09:58:04] [Prazo.p2b_gateway] [INFO] [PRAZO_API] Abrindo processo id=8436437 numero=1000541-54.2026.5.02.0703
[Prazo.p2b_gateway] [PRAZO_API] Abrindo processo id=8436437 numero=1000541-54.2026.5.02.0703
[09:58:04] [Prazo.p2b_gateway] [INFO] [p2b_api] Data documento: 2026-08-14T14:08:02.486781 -> 2026-08-14T14:08:02.486781+00:00 (Idade: 24 dias úteis)
[Prazo.p2b_gateway] [p2b_api] Data documento: 2026-08-14T14:08:02.486781 -> 2026-08-14T14:08:02.486781+00:00 (Idade: 24 dias úteis)
[09:58:04] [Prazo.p2b_gateway] [INFO] [p2b_api] doc relevante: tipo=Despacho id=480333668 data_extraida=2026-08-14T14:08:02.486781 idade_dias=24
[Prazo.p2b_gateway] [p2b_api] doc relevante: tipo=Despacho id=480333668 data_extraida=2026-08-14T14:08:02.486781 idade_dias=24
[09:58:05] [Prazo.p2b_gateway] [INFO] [p2b_api] texto extraído: 920 chars
[Prazo.p2b_gateway] [p2b_api] texto extraído: 920 chars
[09:58:05] [pjeplus] [INFO] [TEMPO] _processar_regras_gerais._processar_regras_gerais: 0.009s
[pjeplus] [TEMPO] _processar_regras_gerais._processar_regras_gerais: 0.009s
[09:58:05] [Fix.monitoramento_progresso_unificado] [INFO] [PROGRESSO_P2B][1000541-54.2026.5.02.0703] ✅ Processo marcado como executado
[Fix.monitoramento_progresso_unificado] [PROGRESSO_P2B][1000541-54.2026.5.02.0703] ✅ Processo marcado como executado
[09:58:05] [Fix.monitoramento_progresso_unificado] [INFO] [PROGRESSO_P2B]  Progresso salvo com segurança
[Fix.monitoramento_progresso_unificado] [PROGRESSO_P2B]  Progresso salvo com segurança
[09:58:05] [Prazo.p2b_gateway] [INFO] [PRAZO_API] Processo 1000541-54.2026.5.02.0703 processado com sucesso (fluxo_pz)
[Prazo.p2b_gateway] [PRAZO_API] Processo 1000541-54.2026.5.02.0703 processado com sucesso (fluxo_pz)
[09:58:05] [Prazo.p2b_gateway] [INFO] [PRAZO_API] Abrindo processo id=8309209 numero=1000313-79.2026.5.02.0703
[Prazo.p2b_gateway] [PRAZO_API] Abrindo processo id=8309209 numero=1000313-79.2026.5.02.0703
[09:58:05] [Prazo.p2b_gateway] [INFO] [p2b_api] Data documento: 2026-09-01T08:26:00.412971 -> 2026-09-01T08:26:00.412971+00:00 (Idade: 12 dias úteis)
[Prazo.p2b_gateway] [p2b_api] Data documento: 2026-09-01T08:26:00.412971 -> 2026-09-01T08:26:00.412971+00:00 (Idade: 12 dias úteis)
[09:58:05] [Prazo.p2b_gateway] [INFO] [p2b_api] doc relevante: tipo=Sentença id=484216099 data_extraida=2026-09-01T08:26:00.412971 idade_dias=12
[Prazo.p2b_gateway] [p2b_api] doc relevante: tipo=Sentença id=484216099 data_extraida=2026-09-01T08:26:00.412971 idade_dias=12
[09:58:06] [Prazo.p2b_gateway] [INFO] [p2b_api] texto extraído: 906 chars
[Prazo.p2b_gateway] [p2b_api] texto extraído: 906 chars
[09:58:06] [Prazo.p2b_documentos] [INFO] [FLUXO_PZ] Regra casou: pattern=julgo[\s\.,;:!\-–—()$]*extinta[\s\.,;:!\-–—()$]*a[\s\.,;:!\-–—()$]*presente[\s\.,;:!\-–—()$]*execucao,[\s\.,;:!\-–—()$]*nos[\s\.,;:!\-–—()$]*termos[\s\.,;:!\-–—()$]*do[\s\.,;:!\-–—()$]*art\.[\s\.,;:!\-–—()$]*924 tipo_acao=(<function mov_arquivar at 0x0000016855FA8A40>,) snippet=gralmente cumprido o acordo homologado. julgo extinta a presente execucao, nos termos do art. 924, ii do  === cpc. ===  registrem-se no s
[Prazo.p2b_documentos] [FLUXO_PZ] Regra casou: pattern=julgo[\s\.,;:!\-–—()$]*extinta[\s\.,;:!\-–—()$]*a[\s\.,;:!\-–—()$]*presente[\s\.,;:!\-–—()$]*execucao,[\s\.,;:!\-–—()$]*nos[\s\.,;:!\-–—()$]*termos[\s\.,;:!\-–—()$]*do[\s\.,;:!\-–—()$]*art\.[\s\.,;:!\-–—()$]*924 tipo_acao=(<function mov_arquivar at 0x0000016855FA8A40>,) snippet=gralmente cumprido o acordo homologado. julgo extinta a presente execucao, nos termos do art. 924, ii do  === cpc. ===  registrem-se no s
[09:58:06] [atos.core] [INFO] [API_TAREFA] Tarefa aberta via API com sucesso: processo=8309209 tarefa=500
[atos.core] [API_TAREFA] Tarefa aberta via API com sucesso: processo=8309209 tarefa=500
[09:58:07] [atos.core] [INFO] [MOV_INT] tarefa='Responsável do Processo
Sem Responsável
Tarefa:
Análise' destino='Arquivar o processo'
[atos.core] [MOV_INT] tarefa='Responsável do Processo
Sem Responsável
Tarefa:
Análise' destino='Arquivar o processo'
[09:58:08] [atos.core] [INFO] [MOV_INT] clicando botão destino direto: Arquivar o processo
[atos.core] [MOV_INT] clicando botão destino direto: Arquivar o processo
[09:58:08] [atos.wrappers_mov] [INFO] [MOV_ARQUIVAR] Aguardando carregamento da página após arquivar...
[atos.wrappers_mov] [MOV_ARQUIVAR] Aguardando carregamento da página após arquivar...
[09:58:08] [pjeplus] [INFO] [TEMPO] _processar_regras_gerais._processar_regras_gerais: 2.017s
[pjeplus] [TEMPO] _processar_regras_gerais._processar_regras_gerais: 2.017s
[09:58:08] [Fix.monitoramento_progresso_unificado] [INFO] [PROGRESSO_P2B][1000313-79.2026.5.02.0703] ✅ Processo marcado como executado
[Fix.monitoramento_progresso_unificado] [PROGRESSO_P2B][1000313-79.2026.5.02.0703] ✅ Processo marcado como executado
[09:58:08] [Fix.monitoramento_progresso_unificado] [INFO] [PROGRESSO_P2B]  Progresso salvo com segurança
[Fix.monitoramento_progresso_unificado] [PROGRESSO_P2B]  Progresso salvo com segurança
[09:58:08] [Prazo.p2b_gateway] [INFO] [PRAZO_API] Processo 1000313-79.2026.5.02.0703 processado com sucesso (fluxo_pz)
[Prazo.p2b_gateway] [PRAZO_API] Processo 1000313-79.2026.5.02.0703 processado com sucesso (fluxo_pz)
[09:58:08] [Prazo.p2b_gateway] [INFO] [PRAZO_API] Abrindo processo id=8242172 numero=1000177-82.2026.5.02.0703
[Prazo.p2b_gateway] [PRAZO_API] Abrindo processo id=8242172 numero=1000177-82.2026.5.02.0703
[09:58:08] [Prazo.p2b_gateway] [INFO] [p2b_api] Data documento: 2026-09-01T08:26:00.412975 -> 2026-09-01T08:26:00.412975+00:00 (Idade: 12 dias úteis)
[Prazo.p2b_gateway] [p2b_api] Data documento: 2026-09-01T08:26:00.412975 -> 2026-09-01T08:26:00.412975+00:00 (Idade: 12 dias úteis)
[09:58:08] [Prazo.p2b_gateway] [INFO] [p2b_api] doc relevante: tipo=Sentença id=484217164 data_extraida=2026-09-01T08:26:00.412975 idade_dias=12
[Prazo.p2b_gateway] [p2b_api] doc relevante: tipo=Sentença id=484217164 data_extraida=2026-09-01T08:26:00.412975 idade_dias=12
[09:58:08] [Prazo.p2b_gateway] [INFO] [p2b_api] texto extraído: 924 chars
[Prazo.p2b_gateway] [p2b_api] texto extraído: 924 chars
[09:58:08] [Prazo.p2b_documentos] [INFO] [FLUXO_PZ] Regra casou: pattern=julgo[\s\.,;:!\-–—()$]*extinta[\s\.,;:!\-–—()$]*a[\s\.,;:!\-–—()$]*presente[\s\.,;:!\-–—()$]*execucao,[\s\.,;:!\-–—()$]*nos[\s\.,;:!\-–—()$]*termos[\s\.,;:!\-–—()$]*do[\s\.,;:!\-–—()$]*art\.[\s\.,;:!\-–—()$]*924 tipo_acao=(<function mov_arquivar at 0x0000016855FA8A40>,) snippet=gralmente cumprido o acordo homologado. julgo extinta a presente execucao, nos termos do art. 924, ii do  === cpc. ===  registrem-se no s
[Prazo.p2b_documentos] [FLUXO_PZ] Regra casou: pattern=julgo[\s\.,;:!\-–—()$]*extinta[\s\.,;:!\-–—()$]*a[\s\.,;:!\-–—()$]*presente[\s\.,;:!\-–—()$]*execucao,[\s\.,;:!\-–—()$]*nos[\s\.,;:!\-–—()$]*termos[\s\.,;:!\-–—()$]*do[\s\.,;:!\-–—()$]*art\.[\s\.,;:!\-–—()$]*924 tipo_acao=(<function mov_arquivar at 0x0000016855FA8A40>,) snippet=gralmente cumprido o acordo homologado. julgo extinta a presente execucao, nos termos do art. 924, ii do  === cpc. ===  registrem-se no s
[09:58:09] [atos.core] [INFO] [API_TAREFA] Tarefa aberta via API com sucesso: processo=8242172 tarefa=500
[atos.core] [API_TAREFA] Tarefa aberta via API com sucesso: processo=8242172 tarefa=500
[09:58:10] [atos.core] [INFO] [MOV_INT] tarefa='Responsável do Processo
Sem Responsável
Tarefa:
Análise' destino='Arquivar o processo'
[atos.core] [MOV_INT] tarefa='Responsável do Processo
Sem Responsável
Tarefa:
Análise' destino='Arquivar o processo'
[09:58:10] [atos.core] [INFO] [MOV_INT] clicando botão destino direto: Arquivar o processo
[atos.core] [MOV_INT] clicando botão destino direto: Arquivar o processo
[09:58:10] [atos.wrappers_mov] [INFO] [MOV_ARQUIVAR] Aguardando carregamento da página após arquivar...
[atos.wrappers_mov] [MOV_ARQUIVAR] Aguardando carregamento da página após arquivar...
[09:58:10] [pjeplus] [INFO] [TEMPO] _processar_regras_gerais._processar_regras_gerais: 1.932s
[pjeplus] [TEMPO] _processar_regras_gerais._processar_regras_gerais: 1.932s
[09:58:10] [Fix.monitoramento_progresso_unificado] [INFO] [PROGRESSO_P2B][1000177-82.2026.5.02.0703] ✅ Processo marcado como executado
[Fix.monitoramento_progresso_unificado] [PROGRESSO_P2B][1000177-82.2026.5.02.0703] ✅ Processo marcado como executado
[09:58:10] [Fix.monitoramento_progresso_unificado] [INFO] [PROGRESSO_P2B]  Progresso salvo com segurança
[Fix.monitoramento_progresso_unificado] [PROGRESSO_P2B]  Progresso salvo com segurança
[09:58:10] [Prazo.p2b_gateway] [INFO] [PRAZO_API] Processo 1000177-82.2026.5.02.0703 processado com sucesso (fluxo_pz)
[Prazo.p2b_gateway] [PRAZO_API] Processo 1000177-82.2026.5.02.0703 processado com sucesso (fluxo_pz)
[09:58:10] [Prazo.p2b_gateway] [INFO] [PRAZO_API] Abrindo processo id=4710688 numero=1000956-76.2022.5.02.0703
[Prazo.p2b_gateway] [PRAZO_API] Abrindo processo id=4710688 numero=1000956-76.2022.5.02.0703
[09:58:11] [Prazo.p2b_gateway] [INFO] [p2b_api] Data documento: 2026-09-04T10:30:36.830994 -> 2026-09-04T10:30:36.830994+00:00 (Idade: 9 dias úteis)
[Prazo.p2b_gateway] [p2b_api] Data documento: 2026-09-04T10:30:36.830994 -> 2026-09-04T10:30:36.830994+00:00 (Idade: 9 dias úteis)
[09:58:11] [Prazo.p2b_gateway] [INFO] [p2b_api] doc relevante: tipo=Despacho id=485161900 data_extraida=2026-09-04T10:30:36.830994 idade_dias=9
[Prazo.p2b_gateway] [p2b_api] doc relevante: tipo=Despacho id=485161900 data_extraida=2026-09-04T10:30:36.830994 idade_dias=9
[09:58:11] [Prazo.p2b_gateway] [INFO] [p2b_api] texto extraído: 728 chars
[Prazo.p2b_gateway] [p2b_api] texto extraído: 728 chars
[09:58:11] [pjeplus] [INFO] [TEMPO] _processar_regras_gerais._processar_regras_gerais: 0.007s
[pjeplus] [TEMPO] _processar_regras_gerais._processar_regras_gerais: 0.007s
[09:58:11] [Fix.monitoramento_progresso_unificado] [INFO] [PROGRESSO_P2B][1000956-76.2022.5.02.0703] ✅ Processo marcado como executado
[Fix.monitoramento_progresso_unificado] [PROGRESSO_P2B][1000956-76.2022.5.02.0703] ✅ Processo marcado como executado
[09:58:11] [Fix.monitoramento_progresso_unificado] [INFO] [PROGRESSO_P2B]  Progresso salvo com segurança
[Fix.monitoramento_progresso_unificado] [PROGRESSO_P2B]  Progresso salvo com segurança
[09:58:11] [Prazo.p2b_gateway] [INFO] [PRAZO_API] Processo 1000956-76.2022.5.02.0703 processado com sucesso (fluxo_pz)
[Prazo.p2b_gateway] [PRAZO_API] Processo 1000956-76.2022.5.02.0703 processado com sucesso (fluxo_pz)
[09:58:11] [Prazo.p2b_gateway] [INFO] [PRAZO_API] Abrindo processo id=397259 numero=1000251-25.2015.5.02.0703
[Prazo.p2b_gateway] [PRAZO_API] Abrindo processo id=397259 numero=1000251-25.2015.5.02.0703
[09:58:13] [Prazo.p2b_gateway] [INFO] [p2b_api] Data documento: 2026-09-02T11:31:18.185676 -> 2026-09-02T11:31:18.185676+00:00 (Idade: 11 dias úteis)
[Prazo.p2b_gateway] [p2b_api] Data documento: 2026-09-02T11:31:18.185676 -> 2026-09-02T11:31:18.185676+00:00 (Idade: 11 dias úteis)
[09:58:13] [Prazo.p2b_gateway] [INFO] [p2b_api] doc relevante: tipo=Despacho id=484540047 data_extraida=2026-09-02T11:31:18.185676 idade_dias=11
[Prazo.p2b_gateway] [p2b_api] doc relevante: tipo=Despacho id=484540047 data_extraida=2026-09-02T11:31:18.185676 idade_dias=11
[09:58:13] [Prazo.p2b_gateway] [INFO] [p2b_api] texto extraído: 1045 chars
[Prazo.p2b_gateway] [p2b_api] texto extraído: 1045 chars
[09:58:13] [Prazo.p2b_documentos] [INFO] [FLUXO_PZ] Regra casou: pattern=autos[\s\.,;:!\-–—()$]*ao[\s\.,;:!\-–—()$]*arquivo tipo_acao=(<function mov_arquivar at 0x0000016855FA8A40>,) snippet=equerimento. intime-se e retornem-se os autos ao arquivo. sao paulo/sp, 02 de setembro de 2026. 
[Prazo.p2b_documentos] [FLUXO_PZ] Regra casou: pattern=autos[\s\.,;:!\-–—()$]*ao[\s\.,;:!\-–—()$]*arquivo tipo_acao=(<function mov_arquivar at 0x0000016855FA8A40>,) snippet=equerimento. intime-se e retornem-se os autos ao arquivo. sao paulo/sp, 02 de setembro de 2026. 
[09:58:14] [atos.core] [INFO] [API_TAREFA] Tarefa aberta via API com sucesso: processo=397259 tarefa=500
[atos.core] [API_TAREFA] Tarefa aberta via API com sucesso: processo=397259 tarefa=500
[09:58:15] [atos.core] [INFO] [MOV_INT] tarefa='Responsável do Processo
Sem Responsável
Tarefa:
Análise' destino='Arquivar o processo'
[atos.core] [MOV_INT] tarefa='Responsável do Processo
Sem Responsável
Tarefa:
Análise' destino='Arquivar o processo'
[09:58:15] [atos.core] [INFO] [MOV_INT] clicando botão destino direto: Arquivar o processo
[atos.core] [MOV_INT] clicando botão destino direto: Arquivar o processo
[09:58:15] [atos.wrappers_mov] [INFO] [MOV_ARQUIVAR] Aguardando carregamento da página após arquivar...
[atos.wrappers_mov] [MOV_ARQUIVAR] Aguardando carregamento da página após arquivar...
[09:58:15] [pjeplus] [INFO] [TEMPO] _processar_regras_gerais._processar_regras_gerais: 2.371s
[pjeplus] [TEMPO] _processar_regras_gerais._processar_regras_gerais: 2.371s
[09:58:15] [Fix.monitoramento_progresso_unificado] [INFO] [PROGRESSO_P2B][1000251-25.2015.5.02.0703] ✅ Processo marcado como executado
[Fix.monitoramento_progresso_unificado] [PROGRESSO_P2B][1000251-25.2015.5.02.0703] ✅ Processo marcado como executado
[09:58:15] [Fix.monitoramento_progresso_unificado] [INFO] [PROGRESSO_P2B]  Progresso salvo com segurança
[Fix.monitoramento_progresso_unificado] [PROGRESSO_P2B]  Progresso salvo com segurança
[09:58:15] [Prazo.p2b_gateway] [INFO] [PRAZO_API] Processo 1000251-25.2015.5.02.0703 processado com sucesso (fluxo_pz)
[Prazo.p2b_gateway] [PRAZO_API] Processo 1000251-25.2015.5.02.0703 processado com sucesso (fluxo_pz)
[09:58:15] [Prazo.p2b_gateway] [INFO] [PRAZO_API] Abrindo processo id=4555225 numero=1000539-26.2022.5.02.0703
[Prazo.p2b_gateway] [PRAZO_API] Abrindo processo id=4555225 numero=1000539-26.2022.5.02.0703
[09:58:17] [Prazo.p2b_gateway] [INFO] [p2b_api] Data documento: 2026-09-04T17:12:00.821481 -> 2026-09-04T17:12:00.821481+00:00 (Idade: 9 dias úteis)
[Prazo.p2b_gateway] [p2b_api] Data documento: 2026-09-04T17:12:00.821481 -> 2026-09-04T17:12:00.821481+00:00 (Idade: 9 dias úteis)
[09:58:17] [Prazo.p2b_gateway] [INFO] [p2b_api] doc relevante: tipo=Despacho id=485394483 data_extraida=2026-09-04T17:12:00.821481 idade_dias=9
[Prazo.p2b_gateway] [p2b_api] doc relevante: tipo=Despacho id=485394483 data_extraida=2026-09-04T17:12:00.821481 idade_dias=9
[09:58:17] [Prazo.p2b_gateway] [INFO] [p2b_api] texto extraído: 719 chars
[Prazo.p2b_gateway] [p2b_api] texto extraído: 719 chars
[09:58:17] [pjeplus] [INFO] [TEMPO] _processar_regras_gerais._processar_regras_gerais: 0.007s
[pjeplus] [TEMPO] _processar_regras_gerais._processar_regras_gerais: 0.007s
[09:58:17] [Fix.monitoramento_progresso_unificado] [INFO] [PROGRESSO_P2B][1000539-26.2022.5.02.0703] ✅ Processo marcado como executado
[Fix.monitoramento_progresso_unificado] [PROGRESSO_P2B][1000539-26.2022.5.02.0703] ✅ Processo marcado como executado
[09:58:17] [Fix.monitoramento_progresso_unificado] [INFO] [PROGRESSO_P2B]  Progresso salvo com segurança
[Fix.monitoramento_progresso_unificado] [PROGRESSO_P2B]  Progresso salvo com segurança
[09:58:17] [Prazo.p2b_gateway] [INFO] [PRAZO_API] Processo 1000539-26.2022.5.02.0703 processado com sucesso (fluxo_pz)
[Prazo.p2b_gateway] [PRAZO_API] Processo 1000539-26.2022.5.02.0703 processado com sucesso (fluxo_pz)
[09:58:17] [Prazo.p2b_gateway] [INFO] [PRAZO_API] Abrindo processo id=2633602 numero=1000584-05.2019.5.02.0713
[Prazo.p2b_gateway] [PRAZO_API] Abrindo processo id=2633602 numero=1000584-05.2019.5.02.0713
[09:58:18] [Prazo.p2b_gateway] [INFO] [p2b_api] Data documento: 2026-09-02T11:35:04.155461 -> 2026-09-02T11:35:04.155461+00:00 (Idade: 11 dias úteis)
[Prazo.p2b_gateway] [p2b_api] Data documento: 2026-09-02T11:35:04.155461 -> 2026-09-02T11:35:04.155461+00:00 (Idade: 11 dias úteis)
[09:58:18] [Prazo.p2b_gateway] [INFO] [p2b_api] doc relevante: tipo=Sentença id=484583243 data_extraida=2026-09-02T11:35:04.155461 idade_dias=11
[Prazo.p2b_gateway] [p2b_api] doc relevante: tipo=Sentença id=484583243 data_extraida=2026-09-02T11:35:04.155461 idade_dias=11
[09:58:19] [Prazo.p2b_gateway] [INFO] [p2b_api] texto extraído: 2529 chars
[Prazo.p2b_gateway] [p2b_api] texto extraído: 2529 chars
[09:58:19] [Prazo.p2b_documentos] [INFO] [FLUXO_PZ] Regra casou: pattern=a[\s\.,;:!\-–—()$]*pronuncia[\s\.,;:!\-–—()$]*da tipo_acao=(<function prescreve at 0x00000168561B47C0>,) snippet=rt. 3o, recomendacao 03/2018, da cgjt). a pronuncia da prescricao intercorrente se trata de at
[Prazo.p2b_documentos] [FLUXO_PZ] Regra casou: pattern=a[\s\.,;:!\-–—()$]*pronuncia[\s\.,;:!\-–—()$]*da tipo_acao=(<function prescreve at 0x00000168561B47C0>,) snippet=rt. 3o, recomendacao 03/2018, da cgjt). a pronuncia da prescricao intercorrente se trata de at
[09:58:19] [pjeplus] [INFO] BNDT: parâmetro inclusao recebido: False (tipo: <class 'bool'>)
[pjeplus] BNDT: parâmetro inclusao recebido: False (tipo: <class 'bool'>)
[09:58:19] [pjeplus] [INFO] Iniciando operação BNDT: Exclusão
[pjeplus] Iniciando operação BNDT: Exclusão
[09:58:19] [pjeplus] [INFO] Elementos da página BNDT detectados
[pjeplus] Elementos da página BNDT detectados
[09:58:19] [pjeplus] [INFO] Nova aba BNDT aberta diretamente via URL: https://pje.trt2.jus.br/pjekz/processo/2633602/bndt
[pjeplus] Nova aba BNDT aberta diretamente via URL: https://pje.trt2.jus.br/pjekz/processo/2633602/bndt
[09:58:19] [pjeplus] [INFO] ============ Processando Polo Passivo ============
[pjeplus] ============ Processando Polo Passivo ============
[09:58:19] [pjeplus] [INFO] Procurando botão de polo Passivo...
[pjeplus] Procurando botão de polo Passivo...
[09:58:20] [pjeplus] [INFO] Polo Passivo selecionado
[pjeplus] Polo Passivo selecionado
[09:58:20] [pjeplus] [INFO] Selecionando operação: Exclusão para polo Passivo
[pjeplus] Selecionando operação: Exclusão para polo Passivo
[09:58:20] [pjeplus] [INFO] Operação Exclusão selecionada para polo Passivo via JS
[pjeplus] Operação Exclusão selecionada para polo Passivo via JS
[09:58:20] [pjeplus] [INFO] Procurando checkboxes para marcar no polo Passivo...
[pjeplus] Procurando checkboxes para marcar no polo Passivo...
[09:58:40] [pjeplus] [WARNING] Nenhum checkbox de débito encontrado no polo Passivo para exclusão
[pjeplus] Nenhum checkbox de débito encontrado no polo Passivo para exclusão
[09:58:40] [pjeplus] [INFO] Procurando botão Gravar para polo Passivo...
[pjeplus] Procurando botão Gravar para polo Passivo...
[09:58:43] [pjeplus] [INFO] Botão Gravar encontrado
[pjeplus] Botão Gravar encontrado
[09:58:43] [pjeplus] [INFO] Botão Gravar clicado
[pjeplus] Botão Gravar clicado
[09:58:46] [pjeplus] [WARNING] Botão "Sim" não encontrado (pode não ser necessário)
[pjeplus] Botão "Sim" não encontrado (pode não ser necessário)
[09:58:46] [pjeplus] [INFO] Aviso: Para realizar a inclusão selecione no mínimo um registro, informando a situação.
X
[pjeplus] Aviso: Para realizar a inclusão selecione no mínimo um registro, informando a situação.
X
[09:58:46] [pjeplus] [WARNING] Mensagem inesperada: Para realizar a inclusão selecione no mínimo um registro, informando a situação.
X
[pjeplus] Mensagem inesperada: Para realizar a inclusão selecione no mínimo um registro, informando a situação.
X
[09:58:46] [pjeplus] [INFO] ============ Finalizando operação Exclusão ============
[pjeplus] ============ Finalizando operação Exclusão ============
[09:58:46] [pjeplus] [INFO] Operação Exclusão concluída no polo Passivo
[pjeplus] Operação Exclusão concluída no polo Passivo
[09:58:46] [pjeplus] [INFO] [TEMPO] _processar_regras_gerais._processar_regras_gerais: 27.304s
[pjeplus] [TEMPO] _processar_regras_gerais._processar_regras_gerais: 27.304s
[09:58:46] [Fix.monitoramento_progresso_unificado] [INFO] [PROGRESSO_P2B][1000584-05.2019.5.02.0713] ✅ Processo marcado como executado
[Fix.monitoramento_progresso_unificado] [PROGRESSO_P2B][1000584-05.2019.5.02.0713] ✅ Processo marcado como executado
[09:58:46] [Fix.monitoramento_progresso_unificado] [INFO] [PROGRESSO_P2B]  Progresso salvo com segurança
[Fix.monitoramento_progresso_unificado] [PROGRESSO_P2B]  Progresso salvo com segurança
[09:58:46] [Prazo.p2b_gateway] [INFO] [PRAZO_API] Processo 1000584-05.2019.5.02.0713 processado com sucesso (fluxo_pz)
[Prazo.p2b_gateway] [PRAZO_API] Processo 1000584-05.2019.5.02.0713 processado com sucesso (fluxo_pz)
[09:58:46] [Prazo.p2b_gateway] [INFO] [PRAZO_API] Abrindo processo id=5411050 numero=1001022-22.2023.5.02.0703
[Prazo.p2b_gateway] [PRAZO_API] Abrindo processo id=5411050 numero=1001022-22.2023.5.02.0703
[09:58:47] [Prazo.p2b_gateway] [INFO] [p2b_api] Data documento: 2026-09-08T09:06:36.637761 -> 2026-09-08T09:06:36.637761+00:00 (Idade: 8 dias úteis)
[Prazo.p2b_gateway] [p2b_api] Data documento: 2026-09-08T09:06:36.637761 -> 2026-09-08T09:06:36.637761+00:00 (Idade: 8 dias úteis)
[09:58:47] [Prazo.p2b_gateway] [INFO] [p2b_api] doc relevante: tipo=Despacho id=485611320 data_extraida=2026-09-08T09:06:36.637761 idade_dias=8
[Prazo.p2b_gateway] [p2b_api] doc relevante: tipo=Despacho id=485611320 data_extraida=2026-09-08T09:06:36.637761 idade_dias=8
[09:58:47] [Prazo.p2b_gateway] [INFO] [p2b_api] texto extraído: 1870 chars
[Prazo.p2b_gateway] [p2b_api] texto extraído: 1870 chars
[09:58:47] [Prazo.p2b_documentos] [INFO] [FLUXO_PZ] Regra casou: pattern=05[\s\.,;:!\-–—()$]*dias[\s\.,;:!\-–—()$]*para[\s\.,;:!\-–—()$]*oferta tipo_acao=(<function make_ato_wrapper.<locals>.wrapper at 0x0000016855F52480>,) snippet=dados protegidos por sigilo. concede-se 05 dias para oferta de novos meios de execucao nao diligenc
[Prazo.p2b_documentos] [FLUXO_PZ] Regra casou: pattern=05[\s\.,;:!\-–—()$]*dias[\s\.,;:!\-–—()$]*para[\s\.,;:!\-–—()$]*oferta tipo_acao=(<function make_ato_wrapper.<locals>.wrapper at 0x0000016855F52480>,) snippet=dados protegidos por sigilo. concede-se 05 dias para oferta de novos meios de execucao nao diligenc
[09:58:47] [pjeplus] [INFO] [ATO] START
[pjeplus] [ATO] START
[09:58:47] [atos.judicial_fluxo] [INFO] [ATO][TIMING][INICIO] conclusao_tipo=Despacho modelo_nome=reiterame
[atos.judicial_fluxo] [ATO][TIMING][INICIO] conclusao_tipo=Despacho modelo_nome=reiterame
[09:58:47] [atos.judicial_fluxo] [INFO] [ATO][CLS] Iniciando fluxo CLS: conclusao_tipo=Despacho
[atos.judicial_fluxo] [ATO][CLS] Iniciando fluxo CLS: conclusao_tipo=Despacho
[09:58:47] [pjeplus] [INFO] [CLS] START
[pjeplus] [CLS] START
[09:58:47] [atos.judicial_fluxo] [INFO] [CLS][TIMING][INICIO]
[atos.judicial_fluxo] [CLS][TIMING][INICIO]
[09:58:47] [atos.judicial_fluxo] [INFO] FLUXO CLS - INICIANDO
[atos.judicial_fluxo] FLUXO CLS - INICIANDO
[09:58:47] [atos.judicial_fluxo] [INFO] ============================================================
[atos.judicial_fluxo] ============================================================
[09:58:47] [atos.judicial_fluxo] [INFO] [CLS][TIMING][CHECK_ESTADO] 0.000s estado=detalhe
[atos.judicial_fluxo] [CLS][TIMING][CHECK_ESTADO] 0.000s estado=detalhe
[09:58:47] [atos.judicial_fluxo] [INFO] [CLS] Passo 1: Estamos em /detalhe — abrindo tarefa do processo...
[atos.judicial_fluxo] [CLS] Passo 1: Estamos em /detalhe — abrindo tarefa do processo...
[09:58:47] [pjeplus] [INFO] [NAVEGAÇÃO] Abrindo tarefa do processo...
[pjeplus] [NAVEGAÇÃO] Abrindo tarefa do processo...
[09:58:48] [pjeplus] [INFO] [NAVEGAÇÃO] Foco trocado para nova aba
[pjeplus] [NAVEGAÇÃO] Foco trocado para nova aba
[09:58:48] [atos.judicial_fluxo] [INFO] [CLS][TIMING][ABRIR_TAREFA] 0.958s sucesso=True
[atos.judicial_fluxo] [CLS][TIMING][ABRIR_TAREFA] 0.958s sucesso=True
[09:58:48] [atos.judicial_fluxo] [INFO] [CLS] Passo 2: Limpando overlays...
[atos.judicial_fluxo] [CLS] Passo 2: Limpando overlays...
[09:58:48] [atos.judicial_fluxo] [INFO] [CLS][TIMING][LIMPAR_OVERLAYS] 0.019s
[atos.judicial_fluxo] [CLS][TIMING][LIMPAR_OVERLAYS] 0.019s
[09:58:48] [atos.judicial_fluxo] [INFO] [CLS] Passo 3: Navegando para conclusão...
[atos.judicial_fluxo] [CLS] Passo 3: Navegando para conclusão...
[09:58:48] [pjeplus] [INFO] [NAVEGAÇÃO] Navegando para Conclusão ao Magistrado...
[pjeplus] [NAVEGAÇÃO] Navegando para Conclusão ao Magistrado...
[09:58:48] [pjeplus] [INFO] [NAVEGAÇÃO] Nome da Tarefa Detectado: "análise"
[pjeplus] [NAVEGAÇÃO] Nome da Tarefa Detectado: "análise"
[09:58:49] [pjeplus] [INFO] [NAVEGAÇÃO] Conclusão não disponível diretamente, tentando via "Análise"...
[pjeplus] [NAVEGAÇÃO] Conclusão não disponível diretamente, tentando via "Análise"...
[09:58:49] [pjeplus] [INFO] [NAVEGAÇÃO] Tentando via "Análise"...
[pjeplus] [NAVEGAÇÃO] Tentando via "Análise"...
[09:58:49] [pjeplus] [INFO] [NAVEGAÇÃO] Clique em "Análise" realizado
[pjeplus] [NAVEGAÇÃO] Clique em "Análise" realizado
[09:58:49] [pjeplus] [INFO] [NAVEGAÇÃO] Verificando overlays...
[pjeplus] [NAVEGAÇÃO] Verificando overlays...
[09:58:52] [pjeplus] [INFO] [NAVEGAÇÃO] Clique em "Conclusão ao magistrado" realizado após Análise
[pjeplus] [NAVEGAÇÃO] Clique em "Conclusão ao magistrado" realizado após Análise
[09:58:52] [pjeplus] [INFO] [NAVEGAÇÃO] Navegação para conclusão concluída com sucesso
[pjeplus] [NAVEGAÇÃO] Navegação para conclusão concluída com sucesso
[09:58:52] [atos.judicial_fluxo] [INFO] [CLS][TIMING][NAVEGAR_CONCLUSAO] 3.628s
[atos.judicial_fluxo] [CLS][TIMING][NAVEGAR_CONCLUSAO] 3.628s
[09:58:52] [atos.judicial_fluxo] [INFO] [CLS] Passo 4: Escolhendo tipo de conclusão: Despacho
[atos.judicial_fluxo] [CLS] Passo 4: Escolhendo tipo de conclusão: Despacho
[09:58:52] [pjeplus] [INFO] [CONCLUSÃO] Escolhendo tipo de conclusão: Despacho
[pjeplus] [CONCLUSÃO] Escolhendo tipo de conclusão: Despacho
[09:58:54] [pjeplus] [INFO] [CONCLUSÃO] ✅ Botão de conclusão "Despacho" clicado com sucesso
[pjeplus] [CONCLUSÃO] ✅ Botão de conclusão "Despacho" clicado com sucesso
[09:58:54] [atos.judicial_fluxo] [INFO] [CLS][TIMING][ESCOLHER_TIPO] 2.159s tipo=Despacho
[atos.judicial_fluxo] [CLS][TIMING][ESCOLHER_TIPO] 2.159s tipo=Despacho
[09:58:54] [atos.judicial_fluxo] [INFO] [CLS] Passo 5: Aguardando transição para minutar...
[atos.judicial_fluxo] [CLS] Passo 5: Aguardando transição para minutar...
[09:58:54] [pjeplus] [INFO] [CONCLUSÃO] Aguardando transição para tela de minutar (DOM Observer)...
[pjeplus] [CONCLUSÃO] Aguardando transição para tela de minutar (DOM Observer)...
[09:58:54] [pjeplus] [INFO] [CONCLUSÃO] Transição detectada via renderização do DOM (pje-arvore-modelo-documento)
[pjeplus] [CONCLUSÃO] Transição detectada via renderização do DOM (pje-arvore-modelo-documento)
[09:58:54] [atos.judicial_fluxo] [INFO] [CLS][TIMING][TRANSICAO_MINUTAR] 0.004s
[atos.judicial_fluxo] [CLS][TIMING][TRANSICAO_MINUTAR] 0.004s
[09:58:54] [atos.judicial_fluxo] [INFO] [CLS] Passo 6: Preparando campo de minutar...
[atos.judicial_fluxo] [CLS] Passo 6: Preparando campo de minutar...
[09:58:54] [pjeplus] [INFO] [NAVEGAÇÃO] Preparando campo de filtro para minutar...
[pjeplus] [NAVEGAÇÃO] Preparando campo de filtro para minutar...
[09:59:00] [pjeplus] [INFO] [NAVEGAÇÃO] Campo de filtro preparado com sucesso
[pjeplus] [NAVEGAÇÃO] Campo de filtro preparado com sucesso
[09:59:00] [atos.judicial_fluxo] [INFO] [CLS][TIMING][PREPARAR_CAMPO] 5.608s
[atos.judicial_fluxo] [CLS][TIMING][PREPARAR_CAMPO] 5.608s
[09:59:00] [atos.judicial_fluxo] [INFO] ============================================================
[atos.judicial_fluxo] ============================================================
[09:59:00] [atos.judicial_fluxo] [INFO] FLUXO CLS - CONCLUÍDO COM SUCESSO
[atos.judicial_fluxo] FLUXO CLS - CONCLUÍDO COM SUCESSO
[09:59:00] [atos.judicial_fluxo] [INFO] ============================================================
[atos.judicial_fluxo] ============================================================
[09:59:00] [pjeplus] [INFO] [CLS] FIM {'status': 'sucesso', 'tempo': '12.379s'}
[pjeplus] [CLS] FIM {'status': 'sucesso', 'tempo': '12.379s'}
[09:59:00] [atos.judicial_fluxo] [INFO] [CLS][TIMING][SUCESSO] 12.379s (fluxo completo)
[atos.judicial_fluxo] [CLS][TIMING][SUCESSO] 12.379s (fluxo completo)
[09:59:00] [pjeplus] [INFO] [TEMPO] fluxo_cls.fluxo_cls: 12.379s
[pjeplus] [TEMPO] fluxo_cls.fluxo_cls: 12.379s
[09:59:00] [atos.judicial_fluxo] [INFO] [ATO][TIMING][FLUXO_CLS] 12.379s
[atos.judicial_fluxo] [ATO][TIMING][FLUXO_CLS] 12.379s
[09:59:00] [atos.judicial_fluxo] [INFO] [ATO][DESCRICAO] Preenchendo descrição: reiteração de indicação de meios
[atos.judicial_fluxo] [ATO][DESCRICAO] Preenchendo descrição: reiteração de indicação de meios
[09:59:00] [atos.judicial_fluxo] [INFO] [ATO][DESCRICAO]  Descrição preenchida
[atos.judicial_fluxo] [ATO][DESCRICAO]  Descrição preenchida
[09:59:00] [atos.judicial_fluxo] [INFO] [ATO][MODELO] Preenchendo filtro com modelo: reiterame
[atos.judicial_fluxo] [ATO][MODELO] Preenchendo filtro com modelo: reiterame
[09:59:01] [atos.judicial_fluxo] [INFO] [ATO][MODELO] Modelo "reiterame" preenchido via JS e ENTER pressionado no filtro.
[atos.judicial_fluxo] [ATO][MODELO] Modelo "reiterame" preenchido via JS e ENTER pressionado no filtro.
[09:59:02] [atos.judicial_fluxo] [INFO] [ATO][MODELO] Clique em nodo-filtrado realizado!
[atos.judicial_fluxo] [ATO][MODELO] Clique em nodo-filtrado realizado!
[09:59:03] [atos.judicial_fluxo] [INFO] [ATO][MODELO] Clique em inserir realizado
[atos.judicial_fluxo] [ATO][MODELO] Clique em inserir realizado
[09:59:03] [atos.judicial_fluxo] [INFO] [ATO][MODELO] Snackbar de inserção detectada — sinal para prosseguir
[atos.judicial_fluxo] [ATO][MODELO] Snackbar de inserção detectada — sinal para prosseguir
[09:59:04] [atos.judicial_fluxo] [INFO] [ATO][MODELO] Modelo inserido (conteúdo confirmado no editor)
[atos.judicial_fluxo] [ATO][MODELO] Modelo inserido (conteúdo confirmado no editor)
[09:59:04] [atos.judicial_fluxo] [INFO] [ATO][SALVAR] Salvando modelo após inserção...
[atos.judicial_fluxo] [ATO][SALVAR] Salvando modelo após inserção...
[09:59:04] [atos.judicial_fluxo] [INFO] [ATO][SALVAR] Clique no botao Salvar realizado
[atos.judicial_fluxo] [ATO][SALVAR] Clique no botao Salvar realizado
[09:59:04] [atos.judicial_fluxo] [INFO] [ATO][SALVAR] Aguardando ativação da aba destinatários...
[atos.judicial_fluxo] [ATO][SALVAR] Aguardando ativação da aba destinatários...
[09:59:05] [atos.judicial_fluxo] [INFO] [ATO][PRAZO] Configurando destinatários/prazos: prazo=5 (apenas_primeiro=True)
[atos.judicial_fluxo] [ATO][PRAZO] Configurando destinatários/prazos: prazo=5 (apenas_primeiro=True)
[09:59:05] [pjeplus] [INFO] [PRAZOS] Preenchendo prazos: 5
[pjeplus] [PRAZOS] Preenchendo prazos: 5
[09:59:05] [pjeplus] [INFO] [PRAZOS] Tabela de destinatários carregada
[pjeplus] [PRAZOS] Tabela de destinatários carregada
[09:59:06] [pjeplus] [INFO] [PRAZOS] Clicando no botão #selecionar-polo-ativo...
[pjeplus] [PRAZOS] Clicando no botão #selecionar-polo-ativo...
[09:59:06] [pjeplus] [INFO] [PRAZOS] Botão #selecionar-polo-ativo clicado com sucesso
[pjeplus] [PRAZOS] Botão #selecionar-polo-ativo clicado com sucesso
[09:59:06] [pjeplus] [INFO] [PRAZOS] Encontrados 1 campos de prazo
[pjeplus] [PRAZOS] Encontrados 1 campos de prazo
[09:59:06] [pjeplus] [INFO] [PRAZOS] Campo 1 preenchido com prazo: 5
[pjeplus] [PRAZOS] Campo 1 preenchido com prazo: 5
[09:59:06] [pjeplus] [INFO] [PRAZOS] Preenchimento de destinatários e prazos concluído
[pjeplus] [PRAZOS] Preenchimento de destinatários e prazos concluído
[09:59:06] [atos.judicial_fluxo] [INFO] [ATO][PRAZO] Destinatários e prazos concluídos com sucesso
[atos.judicial_fluxo] [ATO][PRAZO] Destinatários e prazos concluídos com sucesso
[09:59:06] [atos.judicial_fluxo] [INFO] [ATO][PEC] Parâmetro marcar_pec=False (desejado: desmarcar)
[atos.judicial_fluxo] [ATO][PEC] Parâmetro marcar_pec=False (desejado: desmarcar)
[09:59:06] [atos.judicial_fluxo] [INFO] [ATO][PEC] Estado inicial: marcado → alterado para: desmarcado
[atos.judicial_fluxo] [ATO][PEC] Estado inicial: marcado → alterado para: desmarcado
[09:59:06] [atos.judicial_fluxo] [INFO] [ATO][GRAVAR] Gravando intimações...
[atos.judicial_fluxo] [ATO][GRAVAR] Gravando intimações...
[09:59:06] [atos.judicial_fluxo] [INFO] [ATO][GRAVAR] Intimações gravadas
[atos.judicial_fluxo] [ATO][GRAVAR] Intimações gravadas
[09:59:06] [atos.judicial_fluxo] [INFO] [ATO][SALVAR_FINAL] Salvando ato...
[atos.judicial_fluxo] [ATO][SALVAR_FINAL] Salvando ato...
[09:59:06] [atos.judicial_fluxo] [INFO] [ATO][SALVAR_FINAL] Ato salvo
[atos.judicial_fluxo] [ATO][SALVAR_FINAL] Ato salvo
[09:59:06] [atos.judicial_fluxo] [INFO] ============================================================
[atos.judicial_fluxo] ============================================================
[09:59:06] [atos.judicial_fluxo] [INFO] ATO JUDICIAL - CONCLUÍDO COM SUCESSO
[atos.judicial_fluxo] ATO JUDICIAL - CONCLUÍDO COM SUCESSO
[09:59:06] [atos.judicial_fluxo] [INFO] ============================================================
[atos.judicial_fluxo] ============================================================
[09:59:06] [pjeplus] [INFO] [ATO] FIM {'status': 'sucesso', 'sigilo': False, 'tempo': '19.142s'}
[pjeplus] [ATO] FIM {'status': 'sucesso', 'sigilo': False, 'tempo': '19.142s'}
[09:59:06] [atos.judicial_fluxo] [INFO] [ATO][TIMING][SUCESSO] 19.142s (fluxo completo)
[atos.judicial_fluxo] [ATO][TIMING][SUCESSO] 19.142s (fluxo completo)
[09:59:06] [pjeplus] [INFO] [TEMPO] _processar_regras_gerais._processar_regras_gerais: 19.160s
[pjeplus] [TEMPO] _processar_regras_gerais._processar_regras_gerais: 19.160s
[09:59:06] [Fix.monitoramento_progresso_unificado] [INFO] [PROGRESSO_P2B][1001022-22.2023.5.02.0703] ✅ Processo marcado como executado
[Fix.monitoramento_progresso_unificado] [PROGRESSO_P2B][1001022-22.2023.5.02.0703] ✅ Processo marcado como executado
[09:59:06] [Fix.monitoramento_progresso_unificado] [INFO] [PROGRESSO_P2B]  Progresso salvo com segurança
[Fix.monitoramento_progresso_unificado] [PROGRESSO_P2B]  Progresso salvo com segurança
[09:59:06] [Prazo.p2b_gateway] [INFO] [PRAZO_API] Processo 1001022-22.2023.5.02.0703 processado com sucesso (fluxo_pz)
[Prazo.p2b_gateway] [PRAZO_API] Processo 1001022-22.2023.5.02.0703 processado com sucesso (fluxo_pz)
[09:59:06] [Prazo.p2b_gateway] [INFO] [PRAZO_API] Abrindo processo id=5611012 numero=1001883-14.2023.5.02.0604
[Prazo.p2b_gateway] [PRAZO_API] Abrindo processo id=5611012 numero=1001883-14.2023.5.02.0604
[09:59:07] [Prazo.p2b_gateway] [INFO] [p2b_api] Data documento: 2026-09-08T09:06:36.637767 -> 2026-09-08T09:06:36.637767+00:00 (Idade: 8 dias úteis)
[Prazo.p2b_gateway] [p2b_api] Data documento: 2026-09-08T09:06:36.637767 -> 2026-09-08T09:06:36.637767+00:00 (Idade: 8 dias úteis)
[09:59:07] [Prazo.p2b_gateway] [INFO] [p2b_api] doc relevante: tipo=Despacho id=485619897 data_extraida=2026-09-08T09:06:36.637767 idade_dias=8
[Prazo.p2b_gateway] [p2b_api] doc relevante: tipo=Despacho id=485619897 data_extraida=2026-09-08T09:06:36.637767 idade_dias=8
[09:59:08] [Prazo.p2b_gateway] [INFO] [p2b_api] texto extraído: 1487 chars
[Prazo.p2b_gateway] [p2b_api] texto extraído: 1487 chars
[09:59:08] [Prazo.p2b_documentos] [INFO] [FLUXO_PZ] Regra casou: pattern=05[\s\.,;:!\-–—()$]*dias[\s\.,;:!\-–—()$]*para[\s\.,;:!\-–—()$]*oferta tipo_acao=(<function make_ato_wrapper.<locals>.wrapper at 0x0000016855F52480>,) snippet=exequente, em 05 dias. concede-se ainda 05 dias para oferta de novos meios de execucao nao diligenc
[Prazo.p2b_documentos] [FLUXO_PZ] Regra casou: pattern=05[\s\.,;:!\-–—()$]*dias[\s\.,;:!\-–—()$]*para[\s\.,;:!\-–—()$]*oferta tipo_acao=(<function make_ato_wrapper.<locals>.wrapper at 0x0000016855F52480>,) snippet=exequente, em 05 dias. concede-se ainda 05 dias para oferta de novos meios de execucao nao diligenc
[09:59:08] [pjeplus] [INFO] [ATO] START
[pjeplus] [ATO] START
[09:59:08] [atos.judicial_fluxo] [INFO] [ATO][TIMING][INICIO] conclusao_tipo=Despacho modelo_nome=reiterame
[atos.judicial_fluxo] [ATO][TIMING][INICIO] conclusao_tipo=Despacho modelo_nome=reiterame
[09:59:08] [atos.judicial_fluxo] [INFO] [ATO][CLS] Iniciando fluxo CLS: conclusao_tipo=Despacho
[atos.judicial_fluxo] [ATO][CLS] Iniciando fluxo CLS: conclusao_tipo=Despacho
[09:59:08] [pjeplus] [INFO] [CLS] START
[pjeplus] [CLS] START
[09:59:08] [atos.judicial_fluxo] [INFO] [CLS][TIMING][INICIO]
[atos.judicial_fluxo] [CLS][TIMING][INICIO]
[09:59:08] [atos.judicial_fluxo] [INFO] FLUXO CLS - INICIANDO
[atos.judicial_fluxo] FLUXO CLS - INICIANDO
[09:59:08] [atos.judicial_fluxo] [INFO] ============================================================
[atos.judicial_fluxo] ============================================================
[09:59:08] [atos.judicial_fluxo] [INFO] [CLS][TIMING][CHECK_ESTADO] 0.000s estado=detalhe
[atos.judicial_fluxo] [CLS][TIMING][CHECK_ESTADO] 0.000s estado=detalhe
[09:59:08] [atos.judicial_fluxo] [INFO] [CLS] Passo 1: Estamos em /detalhe — abrindo tarefa do processo...
[atos.judicial_fluxo] [CLS] Passo 1: Estamos em /detalhe — abrindo tarefa do processo...
[09:59:08] [pjeplus] [INFO] [NAVEGAÇÃO] Abrindo tarefa do processo...
[pjeplus] [NAVEGAÇÃO] Abrindo tarefa do processo...
[09:59:08] [pjeplus] [INFO] [NAVEGAÇÃO] Foco trocado para nova aba
[pjeplus] [NAVEGAÇÃO] Foco trocado para nova aba
[09:59:09] [atos.judicial_fluxo] [INFO] [CLS][TIMING][ABRIR_TAREFA] 1.045s sucesso=True
[atos.judicial_fluxo] [CLS][TIMING][ABRIR_TAREFA] 1.045s sucesso=True
[09:59:09] [atos.judicial_fluxo] [INFO] [CLS] Passo 2: Limpando overlays...
[atos.judicial_fluxo] [CLS] Passo 2: Limpando overlays...
[09:59:09] [atos.judicial_fluxo] [INFO] [CLS][TIMING][LIMPAR_OVERLAYS] 0.081s
[atos.judicial_fluxo] [CLS][TIMING][LIMPAR_OVERLAYS] 0.081s
[09:59:09] [atos.judicial_fluxo] [INFO] [CLS] Passo 3: Navegando para conclusão...
[atos.judicial_fluxo] [CLS] Passo 3: Navegando para conclusão...
[09:59:09] [pjeplus] [INFO] [NAVEGAÇÃO] Navegando para Conclusão ao Magistrado...
[pjeplus] [NAVEGAÇÃO] Navegando para Conclusão ao Magistrado...
[09:59:09] [pjeplus] [INFO] [NAVEGAÇÃO] Nome da Tarefa Detectado: "análise"
[pjeplus] [NAVEGAÇÃO] Nome da Tarefa Detectado: "análise"
[09:59:10] [pjeplus] [INFO] [NAVEGAÇÃO] Conclusão não disponível diretamente, tentando via "Análise"...
[pjeplus] [NAVEGAÇÃO] Conclusão não disponível diretamente, tentando via "Análise"...
[09:59:10] [pjeplus] [INFO] [NAVEGAÇÃO] Tentando via "Análise"...
[pjeplus] [NAVEGAÇÃO] Tentando via "Análise"...
[09:59:10] [pjeplus] [INFO] [NAVEGAÇÃO] Clique em "Análise" realizado
[pjeplus] [NAVEGAÇÃO] Clique em "Análise" realizado
[09:59:10] [pjeplus] [INFO] [NAVEGAÇÃO] Verificando overlays...
[pjeplus] [NAVEGAÇÃO] Verificando overlays...
[09:59:12] [pjeplus] [INFO] [NAVEGAÇÃO] Clique em "Conclusão ao magistrado" realizado após Análise
[pjeplus] [NAVEGAÇÃO] Clique em "Conclusão ao magistrado" realizado após Análise
[09:59:12] [pjeplus] [INFO] [NAVEGAÇÃO] Navegação para conclusão concluída com sucesso
[pjeplus] [NAVEGAÇÃO] Navegação para conclusão concluída com sucesso
[09:59:12] [atos.judicial_fluxo] [INFO] [CLS][TIMING][NAVEGAR_CONCLUSAO] 2.894s
[atos.judicial_fluxo] [CLS][TIMING][NAVEGAR_CONCLUSAO] 2.894s
[09:59:12] [atos.judicial_fluxo] [INFO] [CLS] Passo 4: Escolhendo tipo de conclusão: Despacho
[atos.judicial_fluxo] [CLS] Passo 4: Escolhendo tipo de conclusão: Despacho
[09:59:12] [pjeplus] [INFO] [CONCLUSÃO] Escolhendo tipo de conclusão: Despacho
[pjeplus] [CONCLUSÃO] Escolhendo tipo de conclusão: Despacho
[09:59:13] [pjeplus] [INFO] [CONCLUSÃO] ✅ Botão de conclusão "Despacho" clicado com sucesso
[pjeplus] [CONCLUSÃO] ✅ Botão de conclusão "Despacho" clicado com sucesso
[09:59:13] [atos.judicial_fluxo] [INFO] [CLS][TIMING][ESCOLHER_TIPO] 1.535s tipo=Despacho
[atos.judicial_fluxo] [CLS][TIMING][ESCOLHER_TIPO] 1.535s tipo=Despacho
[09:59:13] [atos.judicial_fluxo] [INFO] [CLS] Passo 5: Aguardando transição para minutar...
[atos.judicial_fluxo] [CLS] Passo 5: Aguardando transição para minutar...
[09:59:13] [pjeplus] [INFO] [CONCLUSÃO] Aguardando transição para tela de minutar (DOM Observer)...
[pjeplus] [CONCLUSÃO] Aguardando transição para tela de minutar (DOM Observer)...
[09:59:13] [pjeplus] [INFO] [CONCLUSÃO] Transição detectada via renderização do DOM (pje-arvore-modelo-documento)
[pjeplus] [CONCLUSÃO] Transição detectada via renderização do DOM (pje-arvore-modelo-documento)
[09:59:13] [atos.judicial_fluxo] [INFO] [CLS][TIMING][TRANSICAO_MINUTAR] 0.004s
[atos.judicial_fluxo] [CLS][TIMING][TRANSICAO_MINUTAR] 0.004s
[09:59:13] [atos.judicial_fluxo] [INFO] [CLS] Passo 6: Preparando campo de minutar...
[atos.judicial_fluxo] [CLS] Passo 6: Preparando campo de minutar...
[09:59:13] [pjeplus] [INFO] [NAVEGAÇÃO] Preparando campo de filtro para minutar...
[pjeplus] [NAVEGAÇÃO] Preparando campo de filtro para minutar...
[09:59:18] [pjeplus] [INFO] [NAVEGAÇÃO] Campo de filtro preparado com sucesso
[pjeplus] [NAVEGAÇÃO] Campo de filtro preparado com sucesso
[09:59:18] [atos.judicial_fluxo] [INFO] [CLS][TIMING][PREPARAR_CAMPO] 5.000s
[atos.judicial_fluxo] [CLS][TIMING][PREPARAR_CAMPO] 5.000s
[09:59:18] [atos.judicial_fluxo] [INFO] ============================================================
[atos.judicial_fluxo] ============================================================
[09:59:18] [atos.judicial_fluxo] [INFO] FLUXO CLS - CONCLUÍDO COM SUCESSO
[atos.judicial_fluxo] FLUXO CLS - CONCLUÍDO COM SUCESSO
[09:59:18] [atos.judicial_fluxo] [INFO] ============================================================
[atos.judicial_fluxo] ============================================================
[09:59:18] [pjeplus] [INFO] [CLS] FIM {'status': 'sucesso', 'tempo': '10.559s'}
[pjeplus] [CLS] FIM {'status': 'sucesso', 'tempo': '10.559s'}
[09:59:18] [atos.judicial_fluxo] [INFO] [CLS][TIMING][SUCESSO] 10.559s (fluxo completo)
[atos.judicial_fluxo] [CLS][TIMING][SUCESSO] 10.559s (fluxo completo)
[09:59:18] [pjeplus] [INFO] [TEMPO] fluxo_cls.fluxo_cls: 10.560s
[pjeplus] [TEMPO] fluxo_cls.fluxo_cls: 10.560s
[09:59:18] [atos.judicial_fluxo] [INFO] [ATO][TIMING][FLUXO_CLS] 10.560s
[atos.judicial_fluxo] [ATO][TIMING][FLUXO_CLS] 10.560s
[09:59:18] [atos.judicial_fluxo] [INFO] [ATO][DESCRICAO] Preenchendo descrição: reiteração de indicação de meios
[atos.judicial_fluxo] [ATO][DESCRICAO] Preenchendo descrição: reiteração de indicação de meios
[09:59:18] [atos.judicial_fluxo] [INFO] [ATO][DESCRICAO]  Descrição preenchida
[atos.judicial_fluxo] [ATO][DESCRICAO]  Descrição preenchida
[09:59:18] [atos.judicial_fluxo] [INFO] [ATO][MODELO] Preenchendo filtro com modelo: reiterame
[atos.judicial_fluxo] [ATO][MODELO] Preenchendo filtro com modelo: reiterame
[09:59:18] [atos.judicial_fluxo] [INFO] [ATO][MODELO] Modelo "reiterame" preenchido via JS e ENTER pressionado no filtro.
[atos.judicial_fluxo] [ATO][MODELO] Modelo "reiterame" preenchido via JS e ENTER pressionado no filtro.
[09:59:21] [atos.judicial_fluxo] [INFO] [ATO][MODELO] Clique em nodo-filtrado realizado!
[atos.judicial_fluxo] [ATO][MODELO] Clique em nodo-filtrado realizado!
[09:59:21] [atos.judicial_fluxo] [INFO] [ATO][MODELO] Clique em inserir realizado
[atos.judicial_fluxo] [ATO][MODELO] Clique em inserir realizado
[09:59:21] [atos.judicial_fluxo] [INFO] [ATO][MODELO] Snackbar de inserção detectada — sinal para prosseguir
[atos.judicial_fluxo] [ATO][MODELO] Snackbar de inserção detectada — sinal para prosseguir
[09:59:22] [atos.judicial_fluxo] [INFO] [ATO][MODELO] Modelo inserido (conteúdo confirmado no editor)
[atos.judicial_fluxo] [ATO][MODELO] Modelo inserido (conteúdo confirmado no editor)
[09:59:22] [atos.judicial_fluxo] [INFO] [ATO][SALVAR] Salvando modelo após inserção...
[atos.judicial_fluxo] [ATO][SALVAR] Salvando modelo após inserção...
[09:59:22] [atos.judicial_fluxo] [INFO] [ATO][SALVAR] Clique no botao Salvar realizado
[atos.judicial_fluxo] [ATO][SALVAR] Clique no botao Salvar realizado
[09:59:22] [atos.judicial_fluxo] [INFO] [ATO][SALVAR] Aguardando ativação da aba destinatários...
[atos.judicial_fluxo] [ATO][SALVAR] Aguardando ativação da aba destinatários...
[09:59:24] [atos.judicial_fluxo] [INFO] [ATO][PRAZO] Configurando destinatários/prazos: prazo=5 (apenas_primeiro=True)
[atos.judicial_fluxo] [ATO][PRAZO] Configurando destinatários/prazos: prazo=5 (apenas_primeiro=True)
[09:59:24] [pjeplus] [INFO] [PRAZOS] Preenchendo prazos: 5
[pjeplus] [PRAZOS] Preenchendo prazos: 5
[09:59:24] [pjeplus] [INFO] [PRAZOS] Tabela de destinatários carregada
[pjeplus] [PRAZOS] Tabela de destinatários carregada
[09:59:24] [pjeplus] [INFO] [PRAZOS] Clicando no botão #selecionar-polo-ativo...
[pjeplus] [PRAZOS] Clicando no botão #selecionar-polo-ativo...
[09:59:24] [pjeplus] [INFO] [PRAZOS] Botão #selecionar-polo-ativo clicado com sucesso
[pjeplus] [PRAZOS] Botão #selecionar-polo-ativo clicado com sucesso
[09:59:24] [pjeplus] [INFO] [PRAZOS] Encontrados 1 campos de prazo
[pjeplus] [PRAZOS] Encontrados 1 campos de prazo
[09:59:24] [pjeplus] [INFO] [PRAZOS] Campo 1 preenchido com prazo: 5
[pjeplus] [PRAZOS] Campo 1 preenchido com prazo: 5
[09:59:24] [pjeplus] [INFO] [PRAZOS] Preenchimento de destinatários e prazos concluído
[pjeplus] [PRAZOS] Preenchimento de destinatários e prazos concluído
[09:59:24] [atos.judicial_fluxo] [INFO] [ATO][PRAZO] Destinatários e prazos concluídos com sucesso
[atos.judicial_fluxo] [ATO][PRAZO] Destinatários e prazos concluídos com sucesso
[09:59:24] [atos.judicial_fluxo] [INFO] [ATO][PEC] Parâmetro marcar_pec=False (desejado: desmarcar)
[atos.judicial_fluxo] [ATO][PEC] Parâmetro marcar_pec=False (desejado: desmarcar)
[09:59:24] [atos.judicial_fluxo] [INFO] [ATO][PEC] Já está conforme esperado: desmarcado
[atos.judicial_fluxo] [ATO][PEC] Já está conforme esperado: desmarcado
[09:59:24] [atos.judicial_fluxo] [INFO] [ATO][GRAVAR] Gravando intimações...
[atos.judicial_fluxo] [ATO][GRAVAR] Gravando intimações...
[09:59:24] [atos.judicial_fluxo] [INFO] [ATO][GRAVAR] Intimações gravadas
[atos.judicial_fluxo] [ATO][GRAVAR] Intimações gravadas
[09:59:24] [atos.judicial_fluxo] [INFO] [ATO][SALVAR_FINAL] Salvando ato...
[atos.judicial_fluxo] [ATO][SALVAR_FINAL] Salvando ato...
[09:59:25] [atos.judicial_fluxo] [INFO] [ATO][SALVAR_FINAL] Ato salvo
[atos.judicial_fluxo] [ATO][SALVAR_FINAL] Ato salvo
[09:59:25] [atos.judicial_fluxo] [INFO] ============================================================
[atos.judicial_fluxo] ============================================================
[09:59:25] [atos.judicial_fluxo] [INFO] ATO JUDICIAL - CONCLUÍDO COM SUCESSO
[atos.judicial_fluxo] ATO JUDICIAL - CONCLUÍDO COM SUCESSO
[09:59:25] [atos.judicial_fluxo] [INFO] ============================================================
[atos.judicial_fluxo] ============================================================
[09:59:25] [pjeplus] [INFO] [ATO] FIM {'status': 'sucesso', 'sigilo': False, 'tempo': '17.783s'}
[pjeplus] [ATO] FIM {'status': 'sucesso', 'sigilo': False, 'tempo': '17.783s'}
[09:59:25] [atos.judicial_fluxo] [INFO] [ATO][TIMING][SUCESSO] 17.783s (fluxo completo)
[atos.judicial_fluxo] [ATO][TIMING][SUCESSO] 17.783s (fluxo completo)
[09:59:25] [pjeplus] [INFO] [TEMPO] _processar_regras_gerais._processar_regras_gerais: 17.798s
[pjeplus] [TEMPO] _processar_regras_gerais._processar_regras_gerais: 17.798s
[09:59:25] [Fix.monitoramento_progresso_unificado] [INFO] [PROGRESSO_P2B][1001883-14.2023.5.02.0604] ✅ Processo marcado como executado
[Fix.monitoramento_progresso_unificado] [PROGRESSO_P2B][1001883-14.2023.5.02.0604] ✅ Processo marcado como executado
[09:59:25] [Fix.monitoramento_progresso_unificado] [INFO] [PROGRESSO_P2B]  Progresso salvo com segurança
[Fix.monitoramento_progresso_unificado] [PROGRESSO_P2B]  Progresso salvo com segurança
[09:59:25] [Prazo.p2b_gateway] [INFO] [PRAZO_API] Processo 1001883-14.2023.5.02.0604 processado com sucesso (fluxo_pz)
[Prazo.p2b_gateway] [PRAZO_API] Processo 1001883-14.2023.5.02.0604 processado com sucesso (fluxo_pz)
[09:59:25] [Prazo.p2b_gateway] [INFO] [PRAZO_API] Abrindo processo id=6968581 numero=1000295-92.2025.5.02.0703
[Prazo.p2b_gateway] [PRAZO_API] Abrindo processo id=6968581 numero=1000295-92.2025.5.02.0703
[09:59:26] [Prazo.p2b_gateway] [INFO] [p2b_api] Data documento: 2026-09-04T17:12:00.821486 -> 2026-09-04T17:12:00.821486+00:00 (Idade: 9 dias úteis)
[Prazo.p2b_gateway] [p2b_api] Data documento: 2026-09-04T17:12:00.821486 -> 2026-09-04T17:12:00.821486+00:00 (Idade: 9 dias úteis)
[09:59:26] [Prazo.p2b_gateway] [INFO] [p2b_api] doc relevante: tipo=Despacho id=485441002 data_extraida=2026-09-04T17:12:00.821486 idade_dias=9
[Prazo.p2b_gateway] [p2b_api] doc relevante: tipo=Despacho id=485441002 data_extraida=2026-09-04T17:12:00.821486 idade_dias=9
[09:59:26] [Prazo.p2b_gateway] [INFO] [p2b_api] texto extraído: 1252 chars
[Prazo.p2b_gateway] [p2b_api] texto extraído: 1252 chars
[09:59:26] [Prazo.p2b_documentos] [INFO] [FLUXO_PZ] Regra casou: pattern=05[\s\.,;:!\-–—()$]*dias[\s\.,;:!\-–—()$]*para[\s\.,;:!\-–—()$]*oferta tipo_acao=(<function make_ato_wrapper.<locals>.wrapper at 0x0000016855F52480>,) snippet=o ===  === vistos, etc. ===  concede-se 05 dias para oferta de novos meios de execucao nao diligenc
[Prazo.p2b_documentos] [FLUXO_PZ] Regra casou: pattern=05[\s\.,;:!\-–—()$]*dias[\s\.,;:!\-–—()$]*para[\s\.,;:!\-–—()$]*oferta tipo_acao=(<function make_ato_wrapper.<locals>.wrapper at 0x0000016855F52480>,) snippet=o ===  === vistos, etc. ===  concede-se 05 dias para oferta de novos meios de execucao nao diligenc
[09:59:26] [pjeplus] [INFO] [ATO] START
[pjeplus] [ATO] START
[09:59:26] [atos.judicial_fluxo] [INFO] [ATO][TIMING][INICIO] conclusao_tipo=Despacho modelo_nome=reiterame
[atos.judicial_fluxo] [ATO][TIMING][INICIO] conclusao_tipo=Despacho modelo_nome=reiterame
[09:59:26] [atos.judicial_fluxo] [INFO] [ATO][CLS] Iniciando fluxo CLS: conclusao_tipo=Despacho
[atos.judicial_fluxo] [ATO][CLS] Iniciando fluxo CLS: conclusao_tipo=Despacho
[09:59:26] [pjeplus] [INFO] [CLS] START
[pjeplus] [CLS] START
[09:59:26] [atos.judicial_fluxo] [INFO] [CLS][TIMING][INICIO]
[atos.judicial_fluxo] [CLS][TIMING][INICIO]
[09:59:26] [atos.judicial_fluxo] [INFO] FLUXO CLS - INICIANDO
[atos.judicial_fluxo] FLUXO CLS - INICIANDO
[09:59:26] [atos.judicial_fluxo] [INFO] ============================================================
[atos.judicial_fluxo] ============================================================
[09:59:26] [atos.judicial_fluxo] [INFO] [CLS][TIMING][CHECK_ESTADO] 0.000s estado=detalhe
[atos.judicial_fluxo] [CLS][TIMING][CHECK_ESTADO] 0.000s estado=detalhe
[09:59:26] [atos.judicial_fluxo] [INFO] [CLS] Passo 1: Estamos em /detalhe — abrindo tarefa do processo...
[atos.judicial_fluxo] [CLS] Passo 1: Estamos em /detalhe — abrindo tarefa do processo...
[09:59:26] [pjeplus] [INFO] [NAVEGAÇÃO] Abrindo tarefa do processo...
[pjeplus] [NAVEGAÇÃO] Abrindo tarefa do processo...
[09:59:27] [pjeplus] [INFO] [NAVEGAÇÃO] Foco trocado para nova aba
[pjeplus] [NAVEGAÇÃO] Foco trocado para nova aba
[09:59:27] [atos.judicial_fluxo] [INFO] [CLS][TIMING][ABRIR_TAREFA] 0.788s sucesso=True
[atos.judicial_fluxo] [CLS][TIMING][ABRIR_TAREFA] 0.788s sucesso=True
[09:59:27] [atos.judicial_fluxo] [INFO] [CLS] Passo 2: Limpando overlays...
[atos.judicial_fluxo] [CLS] Passo 2: Limpando overlays...
[09:59:27] [atos.judicial_fluxo] [INFO] [CLS][TIMING][LIMPAR_OVERLAYS] 0.021s
[atos.judicial_fluxo] [CLS][TIMING][LIMPAR_OVERLAYS] 0.021s
[09:59:27] [atos.judicial_fluxo] [INFO] [CLS] Passo 3: Navegando para conclusão...
[atos.judicial_fluxo] [CLS] Passo 3: Navegando para conclusão...
[09:59:27] [pjeplus] [INFO] [NAVEGAÇÃO] Navegando para Conclusão ao Magistrado...
[pjeplus] [NAVEGAÇÃO] Navegando para Conclusão ao Magistrado...
[09:59:27] [pjeplus] [INFO] [NAVEGAÇÃO] Nome da Tarefa Detectado: "análise"
[pjeplus] [NAVEGAÇÃO] Nome da Tarefa Detectado: "análise"
[09:59:28] [pjeplus] [INFO] [NAVEGAÇÃO] Conclusão não disponível diretamente, tentando via "Análise"...
[pjeplus] [NAVEGAÇÃO] Conclusão não disponível diretamente, tentando via "Análise"...
[09:59:28] [pjeplus] [INFO] [NAVEGAÇÃO] Tentando via "Análise"...
[pjeplus] [NAVEGAÇÃO] Tentando via "Análise"...
[09:59:28] [pjeplus] [INFO] [NAVEGAÇÃO] Clique em "Análise" realizado
[pjeplus] [NAVEGAÇÃO] Clique em "Análise" realizado
[09:59:28] [pjeplus] [INFO] [NAVEGAÇÃO] Verificando overlays...
[pjeplus] [NAVEGAÇÃO] Verificando overlays...
[09:59:30] [pjeplus] [INFO] [NAVEGAÇÃO] Clique em "Conclusão ao magistrado" realizado após Análise
[pjeplus] [NAVEGAÇÃO] Clique em "Conclusão ao magistrado" realizado após Análise
[09:59:30] [pjeplus] [INFO] [NAVEGAÇÃO] Navegação para conclusão concluída com sucesso
[pjeplus] [NAVEGAÇÃO] Navegação para conclusão concluída com sucesso
[09:59:30] [atos.judicial_fluxo] [INFO] [CLS][TIMING][NAVEGAR_CONCLUSAO] 2.429s
[atos.judicial_fluxo] [CLS][TIMING][NAVEGAR_CONCLUSAO] 2.429s
[09:59:30] [atos.judicial_fluxo] [INFO] [CLS] Passo 4: Escolhendo tipo de conclusão: Despacho
[atos.judicial_fluxo] [CLS] Passo 4: Escolhendo tipo de conclusão: Despacho
[09:59:30] [pjeplus] [INFO] [CONCLUSÃO] Escolhendo tipo de conclusão: Despacho
[pjeplus] [CONCLUSÃO] Escolhendo tipo de conclusão: Despacho
[09:59:32] [pjeplus] [INFO] [CONCLUSÃO] ✅ Botão de conclusão "Despacho" clicado com sucesso
[pjeplus] [CONCLUSÃO] ✅ Botão de conclusão "Despacho" clicado com sucesso
[09:59:32] [atos.judicial_fluxo] [INFO] [CLS][TIMING][ESCOLHER_TIPO] 2.082s tipo=Despacho
[atos.judicial_fluxo] [CLS][TIMING][ESCOLHER_TIPO] 2.082s tipo=Despacho
[09:59:32] [atos.judicial_fluxo] [INFO] [CLS] Passo 5: Aguardando transição para minutar...
[atos.judicial_fluxo] [CLS] Passo 5: Aguardando transição para minutar...
[09:59:32] [pjeplus] [INFO] [CONCLUSÃO] Aguardando transição para tela de minutar (DOM Observer)...
[pjeplus] [CONCLUSÃO] Aguardando transição para tela de minutar (DOM Observer)...
[09:59:32] [pjeplus] [INFO] [CONCLUSÃO] Transição detectada via renderização do DOM (pje-arvore-modelo-documento)
[pjeplus] [CONCLUSÃO] Transição detectada via renderização do DOM (pje-arvore-modelo-documento)
[09:59:32] [atos.judicial_fluxo] [INFO] [CLS][TIMING][TRANSICAO_MINUTAR] 0.003s
[atos.judicial_fluxo] [CLS][TIMING][TRANSICAO_MINUTAR] 0.003s
[09:59:32] [atos.judicial_fluxo] [INFO] [CLS] Passo 6: Preparando campo de minutar...
[atos.judicial_fluxo] [CLS] Passo 6: Preparando campo de minutar...
[09:59:32] [pjeplus] [INFO] [NAVEGAÇÃO] Preparando campo de filtro para minutar...
[pjeplus] [NAVEGAÇÃO] Preparando campo de filtro para minutar...
[09:59:37] [pjeplus] [INFO] [NAVEGAÇÃO] Campo de filtro preparado com sucesso
[pjeplus] [NAVEGAÇÃO] Campo de filtro preparado com sucesso
[09:59:37] [atos.judicial_fluxo] [INFO] [CLS][TIMING][PREPARAR_CAMPO] 4.945s
[atos.judicial_fluxo] [CLS][TIMING][PREPARAR_CAMPO] 4.945s
[09:59:37] [atos.judicial_fluxo] [INFO] ============================================================
[atos.judicial_fluxo] ============================================================
[09:59:37] [atos.judicial_fluxo] [INFO] FLUXO CLS - CONCLUÍDO COM SUCESSO
[atos.judicial_fluxo] FLUXO CLS - CONCLUÍDO COM SUCESSO
[09:59:37] [atos.judicial_fluxo] [INFO] ============================================================
[atos.judicial_fluxo] ============================================================
[09:59:37] [pjeplus] [INFO] [CLS] FIM {'status': 'sucesso', 'tempo': '10.270s'}
[pjeplus] [CLS] FIM {'status': 'sucesso', 'tempo': '10.270s'}
[09:59:37] [atos.judicial_fluxo] [INFO] [CLS][TIMING][SUCESSO] 10.270s (fluxo completo)
[atos.judicial_fluxo] [CLS][TIMING][SUCESSO] 10.270s (fluxo completo)
[09:59:37] [pjeplus] [INFO] [TEMPO] fluxo_cls.fluxo_cls: 10.270s
[pjeplus] [TEMPO] fluxo_cls.fluxo_cls: 10.270s
[09:59:37] [atos.judicial_fluxo] [INFO] [ATO][TIMING][FLUXO_CLS] 10.270s
[atos.judicial_fluxo] [ATO][TIMING][FLUXO_CLS] 10.270s
[09:59:37] [atos.judicial_fluxo] [INFO] [ATO][DESCRICAO] Preenchendo descrição: reiteração de indicação de meios
[atos.judicial_fluxo] [ATO][DESCRICAO] Preenchendo descrição: reiteração de indicação de meios
[09:59:37] [atos.judicial_fluxo] [INFO] [ATO][DESCRICAO]  Descrição preenchida
[atos.judicial_fluxo] [ATO][DESCRICAO]  Descrição preenchida
[09:59:37] [atos.judicial_fluxo] [INFO] [ATO][MODELO] Preenchendo filtro com modelo: reiterame
[atos.judicial_fluxo] [ATO][MODELO] Preenchendo filtro com modelo: reiterame
[09:59:37] [atos.judicial_fluxo] [INFO] [ATO][MODELO] Modelo "reiterame" preenchido via JS e ENTER pressionado no filtro.
[atos.judicial_fluxo] [ATO][MODELO] Modelo "reiterame" preenchido via JS e ENTER pressionado no filtro.
[09:59:39] [atos.judicial_fluxo] [INFO] [ATO][MODELO] Clique em nodo-filtrado realizado!
[atos.judicial_fluxo] [ATO][MODELO] Clique em nodo-filtrado realizado!
[09:59:40] [atos.judicial_fluxo] [INFO] [ATO][MODELO] Clique em inserir realizado
[atos.judicial_fluxo] [ATO][MODELO] Clique em inserir realizado
[09:59:40] [atos.judicial_fluxo] [INFO] [ATO][MODELO] Snackbar de inserção detectada — sinal para prosseguir
[atos.judicial_fluxo] [ATO][MODELO] Snackbar de inserção detectada — sinal para prosseguir
[09:59:41] [atos.judicial_fluxo] [INFO] [ATO][MODELO] Modelo inserido (conteúdo confirmado no editor)
[atos.judicial_fluxo] [ATO][MODELO] Modelo inserido (conteúdo confirmado no editor)
[09:59:41] [atos.judicial_fluxo] [INFO] [ATO][SALVAR] Salvando modelo após inserção...
[atos.judicial_fluxo] [ATO][SALVAR] Salvando modelo após inserção...
[09:59:41] [atos.judicial_fluxo] [INFO] [ATO][SALVAR] Clique no botao Salvar realizado
[atos.judicial_fluxo] [ATO][SALVAR] Clique no botao Salvar realizado
[09:59:41] [atos.judicial_fluxo] [INFO] [ATO][SALVAR] Aguardando ativação da aba destinatários...
[atos.judicial_fluxo] [ATO][SALVAR] Aguardando ativação da aba destinatários...
[09:59:41] [atos.judicial_fluxo] [INFO] [ATO][PRAZO] Configurando destinatários/prazos: prazo=5 (apenas_primeiro=True)
[atos.judicial_fluxo] [ATO][PRAZO] Configurando destinatários/prazos: prazo=5 (apenas_primeiro=True)
[09:59:41] [pjeplus] [INFO] [PRAZOS] Preenchendo prazos: 5
[pjeplus] [PRAZOS] Preenchendo prazos: 5
[09:59:41] [pjeplus] [INFO] [PRAZOS] Tabela de destinatários carregada
[pjeplus] [PRAZOS] Tabela de destinatários carregada
[09:59:42] [pjeplus] [INFO] [PRAZOS] Clicando no botão #selecionar-polo-ativo...
[pjeplus] [PRAZOS] Clicando no botão #selecionar-polo-ativo...
[09:59:42] [pjeplus] [INFO] [PRAZOS] Botão #selecionar-polo-ativo clicado com sucesso
[pjeplus] [PRAZOS] Botão #selecionar-polo-ativo clicado com sucesso
[09:59:42] [pjeplus] [INFO] [PRAZOS] Encontrados 1 campos de prazo
[pjeplus] [PRAZOS] Encontrados 1 campos de prazo
[09:59:42] [pjeplus] [INFO] [PRAZOS] Campo 1 preenchido com prazo: 5
[pjeplus] [PRAZOS] Campo 1 preenchido com prazo: 5
[09:59:42] [pjeplus] [INFO] [PRAZOS] Preenchimento de destinatários e prazos concluído
[pjeplus] [PRAZOS] Preenchimento de destinatários e prazos concluído
[09:59:42] [atos.judicial_fluxo] [INFO] [ATO][PRAZO] Destinatários e prazos concluídos com sucesso
[atos.judicial_fluxo] [ATO][PRAZO] Destinatários e prazos concluídos com sucesso
[09:59:42] [atos.judicial_fluxo] [INFO] [ATO][PEC] Parâmetro marcar_pec=False (desejado: desmarcar)
[atos.judicial_fluxo] [ATO][PEC] Parâmetro marcar_pec=False (desejado: desmarcar)
[09:59:42] [atos.judicial_fluxo] [INFO] [ATO][PEC] Estado inicial: marcado → alterado para: desmarcado
[atos.judicial_fluxo] [ATO][PEC] Estado inicial: marcado → alterado para: desmarcado
[09:59:42] [atos.judicial_fluxo] [INFO] [ATO][GRAVAR] Gravando intimações...
[atos.judicial_fluxo] [ATO][GRAVAR] Gravando intimações...
[09:59:42] [atos.judicial_fluxo] [INFO] [ATO][GRAVAR] Intimações gravadas
[atos.judicial_fluxo] [ATO][GRAVAR] Intimações gravadas
[09:59:42] [atos.judicial_fluxo] [INFO] [ATO][SALVAR_FINAL] Salvando ato...
[atos.judicial_fluxo] [ATO][SALVAR_FINAL] Salvando ato...
[09:59:43] [atos.judicial_fluxo] [INFO] [ATO][SALVAR_FINAL] Ato salvo
[atos.judicial_fluxo] [ATO][SALVAR_FINAL] Ato salvo
[09:59:43] [atos.judicial_fluxo] [INFO] ============================================================
[atos.judicial_fluxo] ============================================================
[09:59:43] [atos.judicial_fluxo] [INFO] ATO JUDICIAL - CONCLUÍDO COM SUCESSO
[atos.judicial_fluxo] ATO JUDICIAL - CONCLUÍDO COM SUCESSO
[09:59:43] [atos.judicial_fluxo] [INFO] ============================================================
[atos.judicial_fluxo] ============================================================
[09:59:43] [pjeplus] [INFO] [ATO] FIM {'status': 'sucesso', 'sigilo': False, 'tempo': '16.214s'}
[pjeplus] [ATO] FIM {'status': 'sucesso', 'sigilo': False, 'tempo': '16.214s'}
[09:59:43] [atos.judicial_fluxo] [INFO] [ATO][TIMING][SUCESSO] 16.214s (fluxo completo)
[atos.judicial_fluxo] [ATO][TIMING][SUCESSO] 16.214s (fluxo completo)
[09:59:43] [pjeplus] [INFO] [TEMPO] _processar_regras_gerais._processar_regras_gerais: 16.229s
[pjeplus] [TEMPO] _processar_regras_gerais._processar_regras_gerais: 16.229s
[09:59:43] [Fix.monitoramento_progresso_unificado] [INFO] [PROGRESSO_P2B][1000295-92.2025.5.02.0703] ✅ Processo marcado como executado
[Fix.monitoramento_progresso_unificado] [PROGRESSO_P2B][1000295-92.2025.5.02.0703] ✅ Processo marcado como executado
[09:59:43] [Fix.monitoramento_progresso_unificado] [INFO] [PROGRESSO_P2B]  Progresso salvo com segurança
[Fix.monitoramento_progresso_unificado] [PROGRESSO_P2B]  Progresso salvo com segurança
[09:59:43] [Prazo.p2b_gateway] [INFO] [PRAZO_API] Processo 1000295-92.2025.5.02.0703 processado com sucesso (fluxo_pz)
[Prazo.p2b_gateway] [PRAZO_API] Processo 1000295-92.2025.5.02.0703 processado com sucesso (fluxo_pz)
[09:59:43] [Prazo.p2b_gateway] [INFO] [PRAZO_API] Abrindo processo id=6244947 numero=1000987-28.2024.5.02.0703
[Prazo.p2b_gateway] [PRAZO_API] Abrindo processo id=6244947 numero=1000987-28.2024.5.02.0703
[09:59:43] [Prazo.p2b_gateway] [INFO] [p2b_api] Data documento: 2026-09-09T11:32:13.557433 -> 2026-09-09T11:32:13.557433+00:00 (Idade: 7 dias úteis)
[Prazo.p2b_gateway] [p2b_api] Data documento: 2026-09-09T11:32:13.557433 -> 2026-09-09T11:32:13.557433+00:00 (Idade: 7 dias úteis)
[09:59:43] [Prazo.p2b_gateway] [INFO] [p2b_api] doc relevante: tipo=Despacho id=485722271 data_extraida=2026-09-09T11:32:13.557433 idade_dias=7
[Prazo.p2b_gateway] [p2b_api] doc relevante: tipo=Despacho id=485722271 data_extraida=2026-09-09T11:32:13.557433 idade_dias=7
[09:59:43] [Prazo.p2b_gateway] [INFO] [p2b_api] texto extraído: 658 chars
[Prazo.p2b_gateway] [p2b_api] texto extraído: 658 chars
[09:59:43] [pjeplus] [INFO] [TEMPO] _processar_regras_gerais._processar_regras_gerais: 0.006s
[pjeplus] [TEMPO] _processar_regras_gerais._processar_regras_gerais: 0.006s
[09:59:43] [Fix.monitoramento_progresso_unificado] [INFO] [PROGRESSO_P2B][1000987-28.2024.5.02.0703] ✅ Processo marcado como executado
[Fix.monitoramento_progresso_unificado] [PROGRESSO_P2B][1000987-28.2024.5.02.0703] ✅ Processo marcado como executado
[09:59:43] [Fix.monitoramento_progresso_unificado] [INFO] [PROGRESSO_P2B]  Progresso salvo com segurança
[Fix.monitoramento_progresso_unificado] [PROGRESSO_P2B]  Progresso salvo com segurança
[09:59:43] [Prazo.p2b_gateway] [INFO] [PRAZO_API] Processo 1000987-28.2024.5.02.0703 processado com sucesso (fluxo_pz)
[Prazo.p2b_gateway] [PRAZO_API] Processo 1000987-28.2024.5.02.0703 processado com sucesso (fluxo_pz)
[09:59:43] [Prazo.p2b_gateway] [INFO] [PRAZO_API] Abrindo processo id=7504754 numero=1001220-88.2025.5.02.0703
[Prazo.p2b_gateway] [PRAZO_API] Abrindo processo id=7504754 numero=1001220-88.2025.5.02.0703
[09:59:44] [Prazo.p2b_gateway] [INFO] [p2b_api] Data documento: 2026-09-10T07:58:06.251899 -> 2026-09-10T07:58:06.251899+00:00 (Idade: 6 dias úteis)
[Prazo.p2b_gateway] [p2b_api] Data documento: 2026-09-10T07:58:06.251899 -> 2026-09-10T07:58:06.251899+00:00 (Idade: 6 dias úteis)
[09:59:44] [Prazo.p2b_gateway] [INFO] [p2b_api] doc relevante: tipo=Despacho id=485752368 data_extraida=2026-09-10T07:58:06.251899 idade_dias=6
[Prazo.p2b_gateway] [p2b_api] doc relevante: tipo=Despacho id=485752368 data_extraida=2026-09-10T07:58:06.251899 idade_dias=6
[09:59:44] [Prazo.p2b_gateway] [INFO] [p2b_api] texto extraído: 980 chars
[Prazo.p2b_gateway] [p2b_api] texto extraído: 980 chars
[09:59:44] [pjeplus] [INFO] [TEMPO] _processar_regras_gerais._processar_regras_gerais: 0.010s
[pjeplus] [TEMPO] _processar_regras_gerais._processar_regras_gerais: 0.010s
[09:59:44] [Fix.monitoramento_progresso_unificado] [INFO] [PROGRESSO_P2B][1001220-88.2025.5.02.0703] ✅ Processo marcado como executado
[Fix.monitoramento_progresso_unificado] [PROGRESSO_P2B][1001220-88.2025.5.02.0703] ✅ Processo marcado como executado
[09:59:44] [Fix.monitoramento_progresso_unificado] [INFO] [PROGRESSO_P2B]  Progresso salvo com segurança
[Fix.monitoramento_progresso_unificado] [PROGRESSO_P2B]  Progresso salvo com segurança
[09:59:44] [Prazo.p2b_gateway] [INFO] [PRAZO_API] Processo 1001220-88.2025.5.02.0703 processado com sucesso (fluxo_pz)
[Prazo.p2b_gateway] [PRAZO_API] Processo 1001220-88.2025.5.02.0703 processado com sucesso (fluxo_pz)
[09:59:44] [Prazo.p2b_gateway] [INFO] [PRAZO_API] Abrindo processo id=6326641 numero=1001169-14.2024.5.02.0703
[Prazo.p2b_gateway] [PRAZO_API] Abrindo processo id=6326641 numero=1001169-14.2024.5.02.0703
[09:59:45] [Prazo.p2b_gateway] [INFO] [p2b_api] Data documento: 2026-09-02T11:38:14.626253 -> 2026-09-02T11:38:14.626253+00:00 (Idade: 11 dias úteis)
[Prazo.p2b_gateway] [p2b_api] Data documento: 2026-09-02T11:38:14.626253 -> 2026-09-02T11:38:14.626253+00:00 (Idade: 11 dias úteis)
[09:59:45] [Prazo.p2b_gateway] [INFO] [p2b_api] doc relevante: tipo=Sentença id=484717016 data_extraida=2026-09-02T11:38:14.626253 idade_dias=11
[Prazo.p2b_gateway] [p2b_api] doc relevante: tipo=Sentença id=484717016 data_extraida=2026-09-02T11:38:14.626253 idade_dias=11
[09:59:45] [Prazo.p2b_gateway] [INFO] [p2b_api] texto extraído: 1407 chars
[Prazo.p2b_gateway] [p2b_api] texto extraído: 1407 chars
[09:59:45] [Prazo.p2b_documentos] [INFO] [FLUXO_PZ] Regra casou: pattern=defiro[\s\.,;:!\-–—()$]*a[\s\.,;:!\-–—()$]*instauracao tipo_acao=('criar_gigs[1//xs pec dec]', 'criar_gigs[10//xs mdd edital pgto]', <function make_ato_wrapper.<locals>.wrapper at 0x0000016855F52DE0>) snippet=ntes as outras empresas. desta forma, indefiro a instauracao do incidente. sao paulo/sp, 02 de setem
[Prazo.p2b_documentos] [FLUXO_PZ] Regra casou: pattern=defiro[\s\.,;:!\-–—()$]*a[\s\.,;:!\-–—()$]*instauracao tipo_acao=('criar_gigs[1//xs pec dec]', 'criar_gigs[10//xs mdd edital pgto]', <function make_ato_wrapper.<locals>.wrapper at 0x0000016855F52DE0>) snippet=ntes as outras empresas. desta forma, indefiro a instauracao do incidente. sao paulo/sp, 02 de setem
[09:59:48] [pjeplus] [INFO] [ATO] START
[pjeplus] [ATO] START
[09:59:48] [atos.judicial_fluxo] [INFO] [ATO][TIMING][INICIO] conclusao_tipo=IDPJ modelo_nome=pjsem
[atos.judicial_fluxo] [ATO][TIMING][INICIO] conclusao_tipo=IDPJ modelo_nome=pjsem
[09:59:48] [atos.judicial_fluxo] [INFO] [ATO][CLS] Iniciando fluxo CLS: conclusao_tipo=IDPJ
[atos.judicial_fluxo] [ATO][CLS] Iniciando fluxo CLS: conclusao_tipo=IDPJ
[09:59:48] [pjeplus] [INFO] [CLS] START
[pjeplus] [CLS] START
[09:59:48] [atos.judicial_fluxo] [INFO] [CLS][TIMING][INICIO]
[atos.judicial_fluxo] [CLS][TIMING][INICIO]
[09:59:48] [atos.judicial_fluxo] [INFO] FLUXO CLS - INICIANDO
[atos.judicial_fluxo] FLUXO CLS - INICIANDO
[09:59:48] [atos.judicial_fluxo] [INFO] ============================================================
[atos.judicial_fluxo] ============================================================
[09:59:48] [atos.judicial_fluxo] [INFO] [CLS][TIMING][CHECK_ESTADO] 0.000s estado=detalhe
[atos.judicial_fluxo] [CLS][TIMING][CHECK_ESTADO] 0.000s estado=detalhe
[09:59:48] [atos.judicial_fluxo] [INFO] [CLS] Passo 1: Estamos em /detalhe — abrindo tarefa do processo...
[atos.judicial_fluxo] [CLS] Passo 1: Estamos em /detalhe — abrindo tarefa do processo...
[09:59:48] [pjeplus] [INFO] [NAVEGAÇÃO] Abrindo tarefa do processo...
[pjeplus] [NAVEGAÇÃO] Abrindo tarefa do processo...
[09:59:49] [pjeplus] [INFO] [NAVEGAÇÃO] Foco trocado para nova aba
[pjeplus] [NAVEGAÇÃO] Foco trocado para nova aba
[09:59:49] [atos.judicial_fluxo] [INFO] [CLS][TIMING][ABRIR_TAREFA] 0.584s sucesso=True
[atos.judicial_fluxo] [CLS][TIMING][ABRIR_TAREFA] 0.584s sucesso=True
[09:59:49] [atos.judicial_fluxo] [INFO] [CLS] Passo 2: Limpando overlays...
[atos.judicial_fluxo] [CLS] Passo 2: Limpando overlays...
[09:59:49] [atos.judicial_fluxo] [INFO] [CLS][TIMING][LIMPAR_OVERLAYS] 0.043s
[atos.judicial_fluxo] [CLS][TIMING][LIMPAR_OVERLAYS] 0.043s
[09:59:49] [atos.judicial_fluxo] [INFO] [CLS] Passo 3: Navegando para conclusão...
[atos.judicial_fluxo] [CLS] Passo 3: Navegando para conclusão...
[09:59:49] [pjeplus] [INFO] [NAVEGAÇÃO] Navegando para Conclusão ao Magistrado...
[pjeplus] [NAVEGAÇÃO] Navegando para Conclusão ao Magistrado...
[09:59:49] [pjeplus] [INFO] [NAVEGAÇÃO] Nome da Tarefa Detectado: "análise"
[pjeplus] [NAVEGAÇÃO] Nome da Tarefa Detectado: "análise"
[09:59:50] [pjeplus] [INFO] [NAVEGAÇÃO] Conclusão não disponível diretamente, tentando via "Análise"...
[pjeplus] [NAVEGAÇÃO] Conclusão não disponível diretamente, tentando via "Análise"...
[09:59:50] [pjeplus] [INFO] [NAVEGAÇÃO] Tentando via "Análise"...
[pjeplus] [NAVEGAÇÃO] Tentando via "Análise"...
[09:59:50] [pjeplus] [INFO] [NAVEGAÇÃO] Clique em "Análise" realizado
[pjeplus] [NAVEGAÇÃO] Clique em "Análise" realizado
[09:59:50] [pjeplus] [INFO] [NAVEGAÇÃO] Verificando overlays...
[pjeplus] [NAVEGAÇÃO] Verificando overlays...
[09:59:52] [pjeplus] [INFO] [NAVEGAÇÃO] Clique em "Conclusão ao magistrado" realizado após Análise
[pjeplus] [NAVEGAÇÃO] Clique em "Conclusão ao magistrado" realizado após Análise
[09:59:52] [pjeplus] [INFO] [NAVEGAÇÃO] Navegação para conclusão concluída com sucesso
[pjeplus] [NAVEGAÇÃO] Navegação para conclusão concluída com sucesso
[09:59:52] [atos.judicial_fluxo] [INFO] [CLS][TIMING][NAVEGAR_CONCLUSAO] 3.186s
[atos.judicial_fluxo] [CLS][TIMING][NAVEGAR_CONCLUSAO] 3.186s
[09:59:52] [atos.judicial_fluxo] [INFO] [CLS] Passo 4: Escolhendo tipo de conclusão: IDPJ
[atos.judicial_fluxo] [CLS] Passo 4: Escolhendo tipo de conclusão: IDPJ
[09:59:52] [pjeplus] [INFO] [CONCLUSÃO] Escolhendo tipo de conclusão: IDPJ
[pjeplus] [CONCLUSÃO] Escolhendo tipo de conclusão: IDPJ
[09:59:54] [pjeplus] [INFO] [CONCLUSÃO] ✅ Botão de conclusão "IDPJ" clicado com sucesso
[pjeplus] [CONCLUSÃO] ✅ Botão de conclusão "IDPJ" clicado com sucesso
[09:59:54] [atos.judicial_fluxo] [INFO] [CLS][TIMING][ESCOLHER_TIPO] 1.555s tipo=IDPJ
[atos.judicial_fluxo] [CLS][TIMING][ESCOLHER_TIPO] 1.555s tipo=IDPJ
[09:59:54] [atos.judicial_fluxo] [INFO] [CLS] Passo 5: Aguardando transição para minutar...
[atos.judicial_fluxo] [CLS] Passo 5: Aguardando transição para minutar...
[09:59:54] [pjeplus] [INFO] [CONCLUSÃO] Aguardando transição para tela de minutar (DOM Observer)...
[pjeplus] [CONCLUSÃO] Aguardando transição para tela de minutar (DOM Observer)...
[09:59:54] [pjeplus] [INFO] [CONCLUSÃO] Transição detectada via renderização do DOM (pje-arvore-modelo-documento)
[pjeplus] [CONCLUSÃO] Transição detectada via renderização do DOM (pje-arvore-modelo-documento)
[09:59:54] [atos.judicial_fluxo] [INFO] [CLS][TIMING][TRANSICAO_MINUTAR] 0.005s
[atos.judicial_fluxo] [CLS][TIMING][TRANSICAO_MINUTAR] 0.005s
[09:59:54] [atos.judicial_fluxo] [INFO] [CLS] Passo 6: Preparando campo de minutar...
[atos.judicial_fluxo] [CLS] Passo 6: Preparando campo de minutar...
[09:59:54] [pjeplus] [INFO] [NAVEGAÇÃO] Preparando campo de filtro para minutar...
[pjeplus] [NAVEGAÇÃO] Preparando campo de filtro para minutar...
[09:59:59] [pjeplus] [INFO] [NAVEGAÇÃO] Campo de filtro preparado com sucesso
[pjeplus] [NAVEGAÇÃO] Campo de filtro preparado com sucesso
[09:59:59] [atos.judicial_fluxo] [INFO] [CLS][TIMING][PREPARAR_CAMPO] 5.023s
[atos.judicial_fluxo] [CLS][TIMING][PREPARAR_CAMPO] 5.023s
[09:59:59] [atos.judicial_fluxo] [INFO] ============================================================
[atos.judicial_fluxo] ============================================================
[09:59:59] [atos.judicial_fluxo] [INFO] FLUXO CLS - CONCLUÍDO COM SUCESSO
[atos.judicial_fluxo] FLUXO CLS - CONCLUÍDO COM SUCESSO
[09:59:59] [atos.judicial_fluxo] [INFO] ============================================================
[atos.judicial_fluxo] ============================================================
[09:59:59] [pjeplus] [INFO] [CLS] FIM {'status': 'sucesso', 'tempo': '10.398s'}
[pjeplus] [CLS] FIM {'status': 'sucesso', 'tempo': '10.398s'}
[09:59:59] [atos.judicial_fluxo] [INFO] [CLS][TIMING][SUCESSO] 10.398s (fluxo completo)
[atos.judicial_fluxo] [CLS][TIMING][SUCESSO] 10.398s (fluxo completo)
[09:59:59] [pjeplus] [INFO] [TEMPO] fluxo_cls.fluxo_cls: 10.399s
[pjeplus] [TEMPO] fluxo_cls.fluxo_cls: 10.399s
[09:59:59] [atos.judicial_fluxo] [INFO] [ATO][TIMING][FLUXO_CLS] 10.399s
[atos.judicial_fluxo] [ATO][TIMING][FLUXO_CLS] 10.399s
[09:59:59] [atos.judicial_fluxo] [INFO] [ATO][MODELO] Preenchendo filtro com modelo: pjsem
[atos.judicial_fluxo] [ATO][MODELO] Preenchendo filtro com modelo: pjsem
[09:59:59] [atos.judicial_fluxo] [INFO] [ATO][MODELO] Modelo "pjsem" preenchido via JS e ENTER pressionado no filtro.
[atos.judicial_fluxo] [ATO][MODELO] Modelo "pjsem" preenchido via JS e ENTER pressionado no filtro.
[10:00:02] [atos.judicial_fluxo] [INFO] [ATO][MODELO] Clique em nodo-filtrado realizado!
[atos.judicial_fluxo] [ATO][MODELO] Clique em nodo-filtrado realizado!
[10:00:02] [atos.judicial_fluxo] [INFO] [ATO][MODELO] Clique em inserir realizado
[atos.judicial_fluxo] [ATO][MODELO] Clique em inserir realizado
[10:00:02] [atos.judicial_fluxo] [INFO] [ATO][MODELO] Snackbar de inserção detectada — sinal para prosseguir
[atos.judicial_fluxo] [ATO][MODELO] Snackbar de inserção detectada — sinal para prosseguir
[10:00:03] [atos.judicial_fluxo] [INFO] [ATO][MODELO] Modelo inserido (conteúdo confirmado no editor)
[atos.judicial_fluxo] [ATO][MODELO] Modelo inserido (conteúdo confirmado no editor)
[10:00:03] [atos.judicial_fluxo] [INFO] [ATO][SALVAR] Salvando modelo após inserção...
[atos.judicial_fluxo] [ATO][SALVAR] Salvando modelo após inserção...
[10:00:03] [atos.judicial_fluxo] [INFO] [ATO][SALVAR] Clique no botao Salvar realizado
[atos.judicial_fluxo] [ATO][SALVAR] Clique no botao Salvar realizado
[10:00:03] [atos.judicial_fluxo] [INFO] [ATO][SALVAR] Aguardando ativação da aba destinatários...
[atos.judicial_fluxo] [ATO][SALVAR] Aguardando ativação da aba destinatários...
[10:00:04] [atos.judicial_fluxo] [INFO] [ATO][PRAZO] Configurando destinatários/prazos: prazo=8 (apenas_primeiro=False)
[atos.judicial_fluxo] [ATO][PRAZO] Configurando destinatários/prazos: prazo=8 (apenas_primeiro=False)
[10:00:04] [pjeplus] [INFO] [PRAZOS] Preenchendo prazos: 8
[pjeplus] [PRAZOS] Preenchendo prazos: 8
[10:00:04] [pjeplus] [INFO] [PRAZOS] Tabela de destinatários carregada
[pjeplus] [PRAZOS] Tabela de destinatários carregada
[10:00:04] [pjeplus] [INFO] [PRAZOS] Todas as partes selecionadas
[pjeplus] [PRAZOS] Todas as partes selecionadas
[10:00:04] [pjeplus] [INFO] [PRAZOS] Desmarcado destinatário com Domicílio Eletrônico
[pjeplus] [PRAZOS] Desmarcado destinatário com Domicílio Eletrônico
[10:00:04] [pjeplus] [INFO] [PRAZOS] 1 destinatário(s) com Domicílio Eletrônico desmarcado(s)
[pjeplus] [PRAZOS] 1 destinatário(s) com Domicílio Eletrônico desmarcado(s)
[10:00:05] [pjeplus] [INFO] [PRAZOS] Encontrados 2 campos de prazo
[pjeplus] [PRAZOS] Encontrados 2 campos de prazo
[10:00:05] [pjeplus] [INFO] [PRAZOS] Campo 1 preenchido com prazo: 8
[pjeplus] [PRAZOS] Campo 1 preenchido com prazo: 8
[10:00:05] [pjeplus] [INFO] [PRAZOS] Campo 2 preenchido com prazo: 8
[pjeplus] [PRAZOS] Campo 2 preenchido com prazo: 8
[10:00:05] [pjeplus] [INFO] [PRAZOS] Preenchimento de destinatários e prazos concluído
[pjeplus] [PRAZOS] Preenchimento de destinatários e prazos concluído
[10:00:05] [atos.judicial_fluxo] [INFO] [ATO][PRAZO] Destinatários e prazos concluídos com sucesso
[atos.judicial_fluxo] [ATO][PRAZO] Destinatários e prazos concluídos com sucesso
[10:00:05] [atos.judicial_fluxo] [INFO] [ATO][PEC] Parâmetro marcar_pec=True (desejado: marcar)
[atos.judicial_fluxo] [ATO][PEC] Parâmetro marcar_pec=True (desejado: marcar)
[10:00:05] [atos.judicial_fluxo] [INFO] [ATO][PEC] Já está conforme esperado: marcado
[atos.judicial_fluxo] [ATO][PEC] Já está conforme esperado: marcado
[10:00:05] [atos.judicial_fluxo] [INFO] [ATO][GRAVAR] Gravando intimações...
[atos.judicial_fluxo] [ATO][GRAVAR] Gravando intimações...
[10:00:05] [atos.judicial_fluxo] [INFO] [ATO][GRAVAR] Intimações gravadas
[atos.judicial_fluxo] [ATO][GRAVAR] Intimações gravadas
[10:00:05] [atos.judicial_fluxo] [INFO] [ATO][MOVIMENTO] Selecionando movimento: 219 / incidente de desco / polo ativo
[atos.judicial_fluxo] [ATO][MOVIMENTO] Selecionando movimento: 219 / incidente de desco / polo ativo
[10:00:05] [atos.judicial_fluxo] [INFO] [ATO][MOVIMENTO]  Checkbox marcado:   Julgado(s) procedente(s) o(s) pedido(s) (#{classe processual}/ #{nome do incidente}) de #{nome da parte} (219)
[atos.judicial_fluxo] [ATO][MOVIMENTO]  Checkbox marcado:   Julgado(s) procedente(s) o(s) pedido(s) (#{classe processual}/ #{nome do incidente}) de #{nome da parte} (219)
[10:00:10] [atos.judicial_fluxo] [ERROR] [ATO][MOVIMENTO]  Complementos do movimento não encontrados: 219 / incidente de desco / polo ativo

============================================================
[atos.judicial_fluxo] [ATO][MOVIMENTO]  Complementos do movimento não encontrados: 219 / incidente de desco / polo ativo
============================================================
[10:00:10] [pjeplus] [INFO] [TEMPO] _processar_regras_gerais._processar_regras_gerais: 24.114s
[pjeplus] [TEMPO] _processar_regras_gerais._processar_regras_gerais: 24.114s
[10:00:10] [Prazo.p2b_gateway] [WARNING] [FLUXO_PZ] Regra casou mas ação falhou (retornou False)
[Prazo.p2b_gateway] [FLUXO_PZ] Regra casou mas ação falhou (retornou False)
[10:00:10] [Prazo.p2b_gateway] [WARNING] [PRAZO_API] Processo 1001169-14.2024.5.02.0703 NAO concluido (fluxo_pz_nao_executou) — nao marcado; sera retentado na proxima execucao
[Prazo.p2b_gateway] [PRAZO_API] Processo 1001169-14.2024.5.02.0703 NAO concluido (fluxo_pz_nao_executou) — nao marcado; sera retentado na proxima execucao
[10:00:10] [Prazo.p2b_gateway] [INFO] [PRAZO_API] Abrindo processo id=8083773 numero=1002289-58.2025.5.02.0703
[Prazo.p2b_gateway] [PRAZO_API] Abrindo processo id=8083773 numero=1002289-58.2025.5.02.0703
[10:00:10] [Prazo.p2b_gateway] [INFO] [p2b_api] Data documento: 2026-08-21T11:43:51.946754 -> 2026-08-21T11:43:51.946754+00:00 (Idade: 19 dias úteis)
[Prazo.p2b_gateway] [p2b_api] Data documento: 2026-08-21T11:43:51.946754 -> 2026-08-21T11:43:51.946754+00:00 (Idade: 19 dias úteis)
[10:00:10] [Prazo.p2b_gateway] [INFO] [p2b_api] doc relevante: tipo=Sentença id=482059596 data_extraida=2026-08-21T11:43:51.946754 idade_dias=19
[Prazo.p2b_gateway] [p2b_api] doc relevante: tipo=Sentença id=482059596 data_extraida=2026-08-21T11:43:51.946754 idade_dias=19
[10:00:10] [Prazo.p2b_gateway] [INFO] [p2b_api] texto extraído: 930 chars
[Prazo.p2b_gateway] [p2b_api] texto extraído: 930 chars
[10:00:10] [Prazo.p2b_documentos] [INFO] [FLUXO_PZ] Regra casou: pattern=julgo[\s\.,;:!\-–—()$]*extinta[\s\.,;:!\-–—()$]*a[\s\.,;:!\-–—()$]*presente[\s\.,;:!\-–—()$]*execucao,[\s\.,;:!\-–—()$]*nos[\s\.,;:!\-–—()$]*termos[\s\.,;:!\-–—()$]*do[\s\.,;:!\-–—()$]*art\.[\s\.,;:!\-–—()$]*924 tipo_acao=(<function mov_arquivar at 0x0000016855FA8A40>,) snippet=gralmente cumprido o acordo homologado. julgo extinta a presente execucao, nos termos do art. 924, ii do  === cpc. ===  registrem-se no s
[Prazo.p2b_documentos] [FLUXO_PZ] Regra casou: pattern=julgo[\s\.,;:!\-–—()$]*extinta[\s\.,;:!\-–—()$]*a[\s\.,;:!\-–—()$]*presente[\s\.,;:!\-–—()$]*execucao,[\s\.,;:!\-–—()$]*nos[\s\.,;:!\-–—()$]*termos[\s\.,;:!\-–—()$]*do[\s\.,;:!\-–—()$]*art\.[\s\.,;:!\-–—()$]*924 tipo_acao=(<function mov_arquivar at 0x0000016855FA8A40>,) snippet=gralmente cumprido o acordo homologado. julgo extinta a presente execucao, nos termos do art. 924, ii do  === cpc. ===  registrem-se no s
[10:00:11] [atos.core] [INFO] [API_TAREFA] Tarefa aberta via API com sucesso: processo=8083773 tarefa=500
[atos.core] [API_TAREFA] Tarefa aberta via API com sucesso: processo=8083773 tarefa=500
[10:00:12] [atos.core] [INFO] [MOV_INT] tarefa='Responsável do Processo
Sem Responsável
Tarefa:
Análise' destino='Arquivar o processo'
[atos.core] [MOV_INT] tarefa='Responsável do Processo
Sem Responsável
Tarefa:
Análise' destino='Arquivar o processo'
[10:00:12] [atos.core] [INFO] [MOV_INT] clicando botão destino direto: Arquivar o processo
[atos.core] [MOV_INT] clicando botão destino direto: Arquivar o processo
[10:00:12] [atos.wrappers_mov] [INFO] [MOV_ARQUIVAR] Aguardando carregamento da página após arquivar...
[atos.wrappers_mov] [MOV_ARQUIVAR] Aguardando carregamento da página após arquivar...
[10:00:12] [pjeplus] [INFO] [TEMPO] _processar_regras_gerais._processar_regras_gerais: 1.976s
[pjeplus] [TEMPO] _processar_regras_gerais._processar_regras_gerais: 1.976s
[10:00:12] [Fix.monitoramento_progresso_unificado] [INFO] [PROGRESSO_P2B][1002289-58.2025.5.02.0703] ✅ Processo marcado como executado
[Fix.monitoramento_progresso_unificado] [PROGRESSO_P2B][1002289-58.2025.5.02.0703] ✅ Processo marcado como executado
[10:00:12] [Fix.monitoramento_progresso_unificado] [INFO] [PROGRESSO_P2B]  Progresso salvo com segurança
[Fix.monitoramento_progresso_unificado] [PROGRESSO_P2B]  Progresso salvo com segurança
[10:00:12] [Prazo.p2b_gateway] [INFO] [PRAZO_API] Processo 1002289-58.2025.5.02.0703 processado com sucesso (fluxo_pz)
[Prazo.p2b_gateway] [PRAZO_API] Processo 1002289-58.2025.5.02.0703 processado com sucesso (fluxo_pz)
[10:00:12] [Prazo.p2b_gateway] [INFO] [PRAZO_API] Abrindo processo id=8938538 numero=1001801-69.2026.5.02.0703
[Prazo.p2b_gateway] [PRAZO_API] Abrindo processo id=8938538 numero=1001801-69.2026.5.02.0703
[10:00:13] [Prazo.p2b_gateway] [INFO] [p2b_api] Data documento: 2026-09-14T10:05:39.155232 -> 2026-09-14T10:05:39.155232+00:00 (Idade: 4 dias úteis)
[Prazo.p2b_gateway] [p2b_api] Data documento: 2026-09-14T10:05:39.155232 -> 2026-09-14T10:05:39.155232+00:00 (Idade: 4 dias úteis)
[10:00:13] [Prazo.p2b_gateway] [INFO] [p2b_api] doc relevante (Decisão) tem data recente (2026-09-14T10:05:39.155232), pulando (<= 5 dias úteis).
[Prazo.p2b_gateway] [p2b_api] doc relevante (Decisão) tem data recente (2026-09-14T10:05:39.155232), pulando (<= 5 dias úteis).
[10:00:13] [Prazo.p2b_gateway] [WARNING] [p2b_api] decisao_recente_menos_5_dias
[Prazo.p2b_gateway] [p2b_api] decisao_recente_menos_5_dias
[10:00:13] [Prazo.p2b_gateway] [INFO] [FLUXO_PZ] Decisão recente (< 5 dias), executando mov_int Aguardando Prazo e pulando.
[Prazo.p2b_gateway] [FLUXO_PZ] Decisão recente (< 5 dias), executando mov_int Aguardando Prazo e pulando.
[10:00:14] [atos.core] [INFO] [API_TAREFA] Tarefa aberta via API com sucesso: processo=8938538 tarefa=500
[atos.core] [API_TAREFA] Tarefa aberta via API com sucesso: processo=8938538 tarefa=500
[10:00:16] [atos.core] [INFO] [MOV_INT] tarefa='Responsável do Processo
Sem Responsável
Tarefa:
Análise' destino='Aguardando Prazo'
[atos.core] [MOV_INT] tarefa='Responsável do Processo
Sem Responsável
Tarefa:
Análise' destino='Aguardando Prazo'
[10:00:16] [Prazo.p2b_gateway] [WARNING] [PRAZO_API] Processo 1001801-69.2026.5.02.0703 NAO concluido (fluxo_pz_nao_executou) — nao marcado; sera retentado na proxima execucao
[Prazo.p2b_gateway] [PRAZO_API] Processo 1001801-69.2026.5.02.0703 NAO concluido (fluxo_pz_nao_executou) — nao marcado; sera retentado na proxima execucao
[10:00:16] [Prazo.p2b_gateway] [INFO] [PRAZO_API] Abrindo processo id=6882622 numero=1000176-34.2025.5.02.0703
[Prazo.p2b_gateway] [PRAZO_API] Abrindo processo id=6882622 numero=1000176-34.2025.5.02.0703
[10:00:17] [Prazo.p2b_gateway] [INFO] [p2b_api] Data documento: 2026-09-04T17:12:00.821488 -> 2026-09-04T17:12:00.821488+00:00 (Idade: 9 dias úteis)
[Prazo.p2b_gateway] [p2b_api] Data documento: 2026-09-04T17:12:00.821488 -> 2026-09-04T17:12:00.821488+00:00 (Idade: 9 dias úteis)
[10:00:17] [Prazo.p2b_gateway] [INFO] [p2b_api] doc relevante: tipo=Despacho id=485442105 data_extraida=2026-09-04T17:12:00.821488 idade_dias=9
[Prazo.p2b_gateway] [p2b_api] doc relevante: tipo=Despacho id=485442105 data_extraida=2026-09-04T17:12:00.821488 idade_dias=9
[10:00:17] [Prazo.p2b_gateway] [INFO] [p2b_api] texto extraído: 1239 chars
[Prazo.p2b_gateway] [p2b_api] texto extraído: 1239 chars
[10:00:17] [Prazo.p2b_documentos] [INFO] [FLUXO_PZ] Regra casou: pattern=abre\-se,[\s\.,;:!\-–—()$]*como[\s\.,;:!\-–—()$]*reiteracao tipo_acao=('criar_gigs[1//xs sob 24]', <function make_ato_wrapper.<locals>.wrapper at 0x0000016855F53420>) snippet==== despacho ===  === vistos, etc. ===  abre-se, como reiteracao, novo prazo para oferta de novos meios 
[Prazo.p2b_documentos] [FLUXO_PZ] Regra casou: pattern=abre\-se,[\s\.,;:!\-–—()$]*como[\s\.,;:!\-–—()$]*reiteracao tipo_acao=('criar_gigs[1//xs sob 24]', <function make_ato_wrapper.<locals>.wrapper at 0x0000016855F53420>) snippet==== despacho ===  === vistos, etc. ===  abre-se, como reiteracao, novo prazo para oferta de novos meios 
[10:00:18] [pjeplus] [INFO] [ATO] START
[pjeplus] [ATO] START
[10:00:18] [atos.judicial_fluxo] [INFO] [ATO][TIMING][INICIO] conclusao_tipo=Suspensão modelo_nome=suspf
[atos.judicial_fluxo] [ATO][TIMING][INICIO] conclusao_tipo=Suspensão modelo_nome=suspf
[10:00:18] [atos.judicial_fluxo] [INFO] [ATO][CLS] Iniciando fluxo CLS: conclusao_tipo=Suspensão
[atos.judicial_fluxo] [ATO][CLS] Iniciando fluxo CLS: conclusao_tipo=Suspensão
[10:00:18] [pjeplus] [INFO] [CLS] START
[pjeplus] [CLS] START
[10:00:18] [atos.judicial_fluxo] [INFO] [CLS][TIMING][INICIO]
[atos.judicial_fluxo] [CLS][TIMING][INICIO]
[10:00:18] [atos.judicial_fluxo] [INFO] FLUXO CLS - INICIANDO
[atos.judicial_fluxo] FLUXO CLS - INICIANDO
[10:00:18] [atos.judicial_fluxo] [INFO] ============================================================
[atos.judicial_fluxo] ============================================================
[10:00:18] [atos.judicial_fluxo] [INFO] [CLS][TIMING][CHECK_ESTADO] 0.000s estado=detalhe
[atos.judicial_fluxo] [CLS][TIMING][CHECK_ESTADO] 0.000s estado=detalhe
[10:00:18] [atos.judicial_fluxo] [INFO] [CLS] Passo 1: Estamos em /detalhe — abrindo tarefa do processo...
[atos.judicial_fluxo] [CLS] Passo 1: Estamos em /detalhe — abrindo tarefa do processo...
[10:00:18] [pjeplus] [INFO] [NAVEGAÇÃO] Abrindo tarefa do processo...
[pjeplus] [NAVEGAÇÃO] Abrindo tarefa do processo...
[10:00:18] [pjeplus] [INFO] [NAVEGAÇÃO] Foco trocado para nova aba
[pjeplus] [NAVEGAÇÃO] Foco trocado para nova aba
[10:00:18] [atos.judicial_fluxo] [INFO] [CLS][TIMING][ABRIR_TAREFA] 0.456s sucesso=True
[atos.judicial_fluxo] [CLS][TIMING][ABRIR_TAREFA] 0.456s sucesso=True
[10:00:18] [atos.judicial_fluxo] [INFO] [CLS] Passo 2: Limpando overlays...
[atos.judicial_fluxo] [CLS] Passo 2: Limpando overlays...
[10:00:18] [atos.judicial_fluxo] [INFO] [CLS][TIMING][LIMPAR_OVERLAYS] 0.021s
[atos.judicial_fluxo] [CLS][TIMING][LIMPAR_OVERLAYS] 0.021s
[10:00:18] [atos.judicial_fluxo] [INFO] [CLS] Passo 3: Navegando para conclusão...
[atos.judicial_fluxo] [CLS] Passo 3: Navegando para conclusão...
[10:00:18] [pjeplus] [INFO] [NAVEGAÇÃO] Navegando para Conclusão ao Magistrado...
[pjeplus] [NAVEGAÇÃO] Navegando para Conclusão ao Magistrado...
[10:00:18] [pjeplus] [INFO] [NAVEGAÇÃO] Nome da Tarefa Detectado: "análise"
[pjeplus] [NAVEGAÇÃO] Nome da Tarefa Detectado: "análise"
[10:00:19] [pjeplus] [INFO] [NAVEGAÇÃO] Conclusão não disponível diretamente, tentando via "Análise"...
[pjeplus] [NAVEGAÇÃO] Conclusão não disponível diretamente, tentando via "Análise"...
[10:00:19] [pjeplus] [INFO] [NAVEGAÇÃO] Tentando via "Análise"...
[pjeplus] [NAVEGAÇÃO] Tentando via "Análise"...
[10:00:19] [pjeplus] [INFO] [NAVEGAÇÃO] Clique em "Análise" realizado
[pjeplus] [NAVEGAÇÃO] Clique em "Análise" realizado
[10:00:19] [pjeplus] [INFO] [NAVEGAÇÃO] Verificando overlays...
[pjeplus] [NAVEGAÇÃO] Verificando overlays...
[10:00:21] [pjeplus] [INFO] [NAVEGAÇÃO] Clique em "Conclusão ao magistrado" realizado após Análise
[pjeplus] [NAVEGAÇÃO] Clique em "Conclusão ao magistrado" realizado após Análise
[10:00:21] [pjeplus] [INFO] [NAVEGAÇÃO] Navegação para conclusão concluída com sucesso
[pjeplus] [NAVEGAÇÃO] Navegação para conclusão concluída com sucesso
[10:00:21] [atos.judicial_fluxo] [INFO] [CLS][TIMING][NAVEGAR_CONCLUSAO] 3.029s
[atos.judicial_fluxo] [CLS][TIMING][NAVEGAR_CONCLUSAO] 3.029s
[10:00:21] [atos.judicial_fluxo] [INFO] [CLS] Passo 4: Escolhendo tipo de conclusão: Suspensão
[atos.judicial_fluxo] [CLS] Passo 4: Escolhendo tipo de conclusão: Suspensão
[10:00:21] [pjeplus] [INFO] [CONCLUSÃO] Escolhendo tipo de conclusão: Suspensão
[pjeplus] [CONCLUSÃO] Escolhendo tipo de conclusão: Suspensão
[10:00:23] [pjeplus] [INFO] [CONCLUSÃO] ✅ Botão de conclusão "Suspensão" clicado com sucesso
[pjeplus] [CONCLUSÃO] ✅ Botão de conclusão "Suspensão" clicado com sucesso
[10:00:23] [atos.judicial_fluxo] [INFO] [CLS][TIMING][ESCOLHER_TIPO] 1.530s tipo=Suspensão
[atos.judicial_fluxo] [CLS][TIMING][ESCOLHER_TIPO] 1.530s tipo=Suspensão
[10:00:23] [atos.judicial_fluxo] [INFO] [CLS] Passo 5: Aguardando transição para minutar...
[atos.judicial_fluxo] [CLS] Passo 5: Aguardando transição para minutar...
[10:00:23] [pjeplus] [INFO] [CONCLUSÃO] Aguardando transição para tela de minutar (DOM Observer)...
[pjeplus] [CONCLUSÃO] Aguardando transição para tela de minutar (DOM Observer)...
[10:00:23] [pjeplus] [INFO] [CONCLUSÃO] Transição detectada via renderização do DOM (pje-arvore-modelo-documento)
[pjeplus] [CONCLUSÃO] Transição detectada via renderização do DOM (pje-arvore-modelo-documento)
[10:00:23] [atos.judicial_fluxo] [INFO] [CLS][TIMING][TRANSICAO_MINUTAR] 0.003s
[atos.judicial_fluxo] [CLS][TIMING][TRANSICAO_MINUTAR] 0.003s
[10:00:23] [atos.judicial_fluxo] [INFO] [CLS] Passo 6: Preparando campo de minutar...
[atos.judicial_fluxo] [CLS] Passo 6: Preparando campo de minutar...
[10:00:23] [pjeplus] [INFO] [NAVEGAÇÃO] Preparando campo de filtro para minutar...
[pjeplus] [NAVEGAÇÃO] Preparando campo de filtro para minutar...
[10:00:28] [pjeplus] [INFO] [NAVEGAÇÃO] Campo de filtro preparado com sucesso
[pjeplus] [NAVEGAÇÃO] Campo de filtro preparado com sucesso
[10:00:28] [atos.judicial_fluxo] [INFO] [CLS][TIMING][PREPARAR_CAMPO] 5.059s
[atos.judicial_fluxo] [CLS][TIMING][PREPARAR_CAMPO] 5.059s
[10:00:28] [atos.judicial_fluxo] [INFO] ============================================================
[atos.judicial_fluxo] ============================================================
[10:00:28] [atos.judicial_fluxo] [INFO] FLUXO CLS - CONCLUÍDO COM SUCESSO
[atos.judicial_fluxo] FLUXO CLS - CONCLUÍDO COM SUCESSO
[10:00:28] [atos.judicial_fluxo] [INFO] ============================================================
[atos.judicial_fluxo] ============================================================
[10:00:28] [pjeplus] [INFO] [CLS] FIM {'status': 'sucesso', 'tempo': '10.100s'}
[pjeplus] [CLS] FIM {'status': 'sucesso', 'tempo': '10.100s'}
[10:00:28] [atos.judicial_fluxo] [INFO] [CLS][TIMING][SUCESSO] 10.100s (fluxo completo)
[atos.judicial_fluxo] [CLS][TIMING][SUCESSO] 10.100s (fluxo completo)
[10:00:28] [pjeplus] [INFO] [TEMPO] fluxo_cls.fluxo_cls: 10.101s
[pjeplus] [TEMPO] fluxo_cls.fluxo_cls: 10.101s
[10:00:28] [atos.judicial_fluxo] [INFO] [ATO][TIMING][FLUXO_CLS] 10.101s
[atos.judicial_fluxo] [ATO][TIMING][FLUXO_CLS] 10.101s
[10:00:28] [atos.judicial_fluxo] [INFO] [ATO][DESCRICAO] Preenchendo descrição: Sobrestamento
[atos.judicial_fluxo] [ATO][DESCRICAO] Preenchendo descrição: Sobrestamento
[10:00:28] [atos.judicial_fluxo] [INFO] [ATO][DESCRICAO]  Descrição preenchida
[atos.judicial_fluxo] [ATO][DESCRICAO]  Descrição preenchida
[10:00:28] [atos.judicial_fluxo] [INFO] [ATO][MODELO] Preenchendo filtro com modelo: suspf
[atos.judicial_fluxo] [ATO][MODELO] Preenchendo filtro com modelo: suspf
[10:00:28] [atos.judicial_fluxo] [INFO] [ATO][MODELO] Modelo "suspf" preenchido via JS e ENTER pressionado no filtro.
[atos.judicial_fluxo] [ATO][MODELO] Modelo "suspf" preenchido via JS e ENTER pressionado no filtro.
[10:00:31] [atos.judicial_fluxo] [INFO] [ATO][MODELO] Clique em nodo-filtrado realizado!
[atos.judicial_fluxo] [ATO][MODELO] Clique em nodo-filtrado realizado!
[10:00:31] [atos.judicial_fluxo] [INFO] [ATO][MODELO] Clique em inserir realizado
[atos.judicial_fluxo] [ATO][MODELO] Clique em inserir realizado
[10:00:31] [atos.judicial_fluxo] [INFO] [ATO][MODELO] Snackbar de inserção detectada — sinal para prosseguir
[atos.judicial_fluxo] [ATO][MODELO] Snackbar de inserção detectada — sinal para prosseguir
[10:00:32] [atos.judicial_fluxo] [INFO] [ATO][MODELO] Modelo inserido (conteúdo confirmado no editor)
[atos.judicial_fluxo] [ATO][MODELO] Modelo inserido (conteúdo confirmado no editor)
[10:00:32] [atos.judicial_fluxo] [INFO] [ATO][SALVAR] Salvando modelo após inserção...
[atos.judicial_fluxo] [ATO][SALVAR] Salvando modelo após inserção...
[10:00:32] [atos.judicial_fluxo] [INFO] [ATO][SALVAR] Clique no botao Salvar realizado
[atos.judicial_fluxo] [ATO][SALVAR] Clique no botao Salvar realizado
[10:00:32] [atos.judicial_fluxo] [INFO] [ATO][SALVAR] Aguardando ativação da aba destinatários...
[atos.judicial_fluxo] [ATO][SALVAR] Aguardando ativação da aba destinatários...
[10:00:33] [atos.judicial_fluxo] [INFO] [ATO][PRAZO] Configurando destinatários/prazos: prazo=0 (apenas_primeiro=False)
[atos.judicial_fluxo] [ATO][PRAZO] Configurando destinatários/prazos: prazo=0 (apenas_primeiro=False)
[10:00:33] [pjeplus] [INFO] [PRAZOS] Preenchendo prazos: 0
[pjeplus] [PRAZOS] Preenchendo prazos: 0
[10:00:33] [pjeplus] [INFO] [PRAZOS] Tabela de destinatários carregada
[pjeplus] [PRAZOS] Tabela de destinatários carregada
[10:00:33] [pjeplus] [INFO] [PRAZOS] Todas as partes selecionadas
[pjeplus] [PRAZOS] Todas as partes selecionadas
[10:00:33] [pjeplus] [INFO] [PRAZOS] Encontrados 3 campos de prazo
[pjeplus] [PRAZOS] Encontrados 3 campos de prazo
[10:00:33] [pjeplus] [INFO] [PRAZOS] Campo 1 preenchido com prazo: 0
[pjeplus] [PRAZOS] Campo 1 preenchido com prazo: 0
[10:00:33] [pjeplus] [INFO] [PRAZOS] Campo 2 preenchido com prazo: 0
[pjeplus] [PRAZOS] Campo 2 preenchido com prazo: 0
[10:00:34] [pjeplus] [INFO] [PRAZOS] Campo 3 preenchido com prazo: 0
[pjeplus] [PRAZOS] Campo 3 preenchido com prazo: 0
[10:00:34] [pjeplus] [INFO] [PRAZOS] Preenchimento de destinatários e prazos concluído
[pjeplus] [PRAZOS] Preenchimento de destinatários e prazos concluído
[10:00:34] [atos.judicial_fluxo] [INFO] [ATO][PRAZO] Destinatários e prazos concluídos com sucesso
[atos.judicial_fluxo] [ATO][PRAZO] Destinatários e prazos concluídos com sucesso
[10:00:34] [atos.judicial_fluxo] [INFO] [ATO][PEC] Parâmetro marcar_pec='nao' (desejado: desmarcar)
[atos.judicial_fluxo] [ATO][PEC] Parâmetro marcar_pec='nao' (desejado: desmarcar)
[10:00:34] [atos.judicial_fluxo] [INFO] [ATO][PEC] Já está conforme esperado: desmarcado
[atos.judicial_fluxo] [ATO][PEC] Já está conforme esperado: desmarcado
[10:00:34] [atos.judicial_fluxo] [INFO] [ATO][GRAVAR] Gravando intimações...
[atos.judicial_fluxo] [ATO][GRAVAR] Gravando intimações...
[10:00:34] [atos.judicial_fluxo] [INFO] [ATO][GRAVAR] Intimações gravadas
[atos.judicial_fluxo] [ATO][GRAVAR] Intimações gravadas
[10:00:34] [atos.judicial_fluxo] [INFO] [ATO][MOVIMENTO] Selecionando movimento: frustrada
[atos.judicial_fluxo] [ATO][MOVIMENTO] Selecionando movimento: frustrada
[10:00:34] [atos.judicial_fluxo] [INFO] [ATO][MOVIMENTO]  Checkbox marcado:   Suspenso o processo por execução frustrada (276)
[atos.judicial_fluxo] [ATO][MOVIMENTO]  Checkbox marcado:   Suspenso o processo por execução frustrada (276)
[10:00:34] [atos.judicial_fluxo] [INFO] [ATO][MOVIMENTO] Gravando movimento...
[atos.judicial_fluxo] [ATO][MOVIMENTO] Gravando movimento...
[10:00:34] [atos.judicial_fluxo] [INFO] [ATO][MOVIMENTO] Confirmando gravação...
[atos.judicial_fluxo] [ATO][MOVIMENTO] Confirmando gravação...
[10:00:34] [atos.judicial_fluxo] [INFO] [ATO][MOVIMENTO] Movimento gravado (snackbar de sucesso)
[atos.judicial_fluxo] [ATO][MOVIMENTO] Movimento gravado (snackbar de sucesso)
[10:00:34] [atos.judicial_fluxo] [INFO] [ATO][SALVAR_FINAL] Salvando ato...
[atos.judicial_fluxo] [ATO][SALVAR_FINAL] Salvando ato...
[10:00:34] [atos.judicial_fluxo] [INFO] [ATO][SALVAR_FINAL] Ato salvo
[atos.judicial_fluxo] [ATO][SALVAR_FINAL] Ato salvo
[10:00:34] [atos.judicial_fluxo] [INFO] ============================================================
[atos.judicial_fluxo] ============================================================
[10:00:34] [atos.judicial_fluxo] [INFO] ATO JUDICIAL - CONCLUÍDO COM SUCESSO
[atos.judicial_fluxo] ATO JUDICIAL - CONCLUÍDO COM SUCESSO
[10:00:34] [atos.judicial_fluxo] [INFO] ============================================================
[atos.judicial_fluxo] ============================================================
[10:00:34] [pjeplus] [INFO] [ATO] FIM {'status': 'sucesso', 'sigilo': False, 'tempo': '16.404s'}
[pjeplus] [ATO] FIM {'status': 'sucesso', 'sigilo': False, 'tempo': '16.404s'}
[10:00:34] [atos.judicial_fluxo] [INFO] [ATO][TIMING][SUCESSO] 16.404s (fluxo completo)
[atos.judicial_fluxo] [ATO][TIMING][SUCESSO] 16.404s (fluxo completo)
[10:00:34] [pjeplus] [INFO] [TEMPO] _processar_regras_gerais._processar_regras_gerais: 17.479s
[pjeplus] [TEMPO] _processar_regras_gerais._processar_regras_gerais: 17.479s
[10:00:34] [Fix.monitoramento_progresso_unificado] [INFO] [PROGRESSO_P2B][1000176-34.2025.5.02.0703] ✅ Processo marcado como executado
[Fix.monitoramento_progresso_unificado] [PROGRESSO_P2B][1000176-34.2025.5.02.0703] ✅ Processo marcado como executado
[10:00:34] [Fix.monitoramento_progresso_unificado] [INFO] [PROGRESSO_P2B]  Progresso salvo com segurança
[Fix.monitoramento_progresso_unificado] [PROGRESSO_P2B]  Progresso salvo com segurança
[10:00:34] [Prazo.p2b_gateway] [INFO] [PRAZO_API] Processo 1000176-34.2025.5.02.0703 processado com sucesso (fluxo_pz)
[Prazo.p2b_gateway] [PRAZO_API] Processo 1000176-34.2025.5.02.0703 processado com sucesso (fluxo_pz)
[10:00:34] [Prazo.p2b_gateway] [INFO] [PRAZO_API] Abrindo processo id=5602554 numero=1001449-19.2023.5.02.0703
[Prazo.p2b_gateway] [PRAZO_API] Abrindo processo id=5602554 numero=1001449-19.2023.5.02.0703
[10:00:35] [Prazo.p2b_gateway] [INFO] [p2b_api] Data documento: 2026-08-25T08:44:27.973251 -> 2026-08-25T08:44:27.973251+00:00 (Idade: 17 dias úteis)
[Prazo.p2b_gateway] [p2b_api] Data documento: 2026-08-25T08:44:27.973251 -> 2026-08-25T08:44:27.973251+00:00 (Idade: 17 dias úteis)
[10:00:35] [Prazo.p2b_gateway] [INFO] [p2b_api] doc relevante: tipo=Sentença id=482634857 data_extraida=2026-08-25T08:44:27.973251 idade_dias=17
[Prazo.p2b_gateway] [p2b_api] doc relevante: tipo=Sentença id=482634857 data_extraida=2026-08-25T08:44:27.973251 idade_dias=17
[10:00:35] [Prazo.p2b_gateway] [INFO] [p2b_api] texto extraído: 2418 chars
[Prazo.p2b_gateway] [p2b_api] texto extraído: 2418 chars
[10:00:35] [Prazo.p2b_documentos] [INFO] [FLUXO_PZ] Regra casou: pattern=a[\s\.,;:!\-–—()$]*pronuncia[\s\.,;:!\-–—()$]*da tipo_acao=(<function prescreve at 0x00000168561B47C0>,) snippet=rt. 3o, recomendacao 03/2018, da cgjt). a pronuncia da prescricao intercorrente se trata de at
[Prazo.p2b_documentos] [FLUXO_PZ] Regra casou: pattern=a[\s\.,;:!\-–—()$]*pronuncia[\s\.,;:!\-–—()$]*da tipo_acao=(<function prescreve at 0x00000168561B47C0>,) snippet=rt. 3o, recomendacao 03/2018, da cgjt). a pronuncia da prescricao intercorrente se trata de at
[10:00:36] [pjeplus] [INFO] BNDT: parâmetro inclusao recebido: False (tipo: <class 'bool'>)
[pjeplus] BNDT: parâmetro inclusao recebido: False (tipo: <class 'bool'>)
[10:00:36] [pjeplus] [INFO] Iniciando operação BNDT: Exclusão
[pjeplus] Iniciando operação BNDT: Exclusão
[10:00:36] [pjeplus] [INFO] Elementos da página BNDT detectados
[pjeplus] Elementos da página BNDT detectados
[10:00:36] [pjeplus] [INFO] Nova aba BNDT aberta diretamente via URL: https://pje.trt2.jus.br/pjekz/processo/5602554/bndt
[pjeplus] Nova aba BNDT aberta diretamente via URL: https://pje.trt2.jus.br/pjekz/processo/5602554/bndt
[10:00:36] [pjeplus] [INFO] ============ Processando Polo Passivo ============
[pjeplus] ============ Processando Polo Passivo ============
[10:00:36] [pjeplus] [INFO] Procurando botão de polo Passivo...
[pjeplus] Procurando botão de polo Passivo...
[10:00:37] [pjeplus] [INFO] Polo Passivo selecionado
[pjeplus] Polo Passivo selecionado
[10:00:37] [pjeplus] [INFO] Selecionando operação: Exclusão para polo Passivo
[pjeplus] Selecionando operação: Exclusão para polo Passivo
[10:00:37] [pjeplus] [INFO] Operação Exclusão selecionada para polo Passivo via JS
[pjeplus] Operação Exclusão selecionada para polo Passivo via JS
[10:00:37] [pjeplus] [INFO] Procurando checkboxes para marcar no polo Passivo...
[pjeplus] Procurando checkboxes para marcar no polo Passivo...
[10:00:57] [pjeplus] [WARNING] Nenhum checkbox de débito encontrado no polo Passivo para exclusão
[pjeplus] Nenhum checkbox de débito encontrado no polo Passivo para exclusão
[10:00:57] [pjeplus] [INFO] Procurando botão Gravar para polo Passivo...
[pjeplus] Procurando botão Gravar para polo Passivo...
[10:01:00] [pjeplus] [INFO] Botão Gravar encontrado
[pjeplus] Botão Gravar encontrado
[10:01:00] [pjeplus] [INFO] Botão Gravar clicado
[pjeplus] Botão Gravar clicado
[10:01:03] [pjeplus] [WARNING] Botão "Sim" não encontrado (pode não ser necessário)
[pjeplus] Botão "Sim" não encontrado (pode não ser necessário)
[10:01:03] [pjeplus] [INFO] Aviso: Para realizar a inclusão selecione no mínimo um registro, informando a situação.
X
[pjeplus] Aviso: Para realizar a inclusão selecione no mínimo um registro, informando a situação.
X
[10:01:03] [pjeplus] [WARNING] Mensagem inesperada: Para realizar a inclusão selecione no mínimo um registro, informando a situação.
X
[pjeplus] Mensagem inesperada: Para realizar a inclusão selecione no mínimo um registro, informando a situação.
X
[10:01:03] [pjeplus] [INFO] ============ Finalizando operação Exclusão ============
[pjeplus] ============ Finalizando operação Exclusão ============
[10:01:03] [pjeplus] [INFO] Operação Exclusão concluída no polo Passivo
[pjeplus] Operação Exclusão concluída no polo Passivo
[10:01:03] [pjeplus] [INFO] [TEMPO] _processar_regras_gerais._processar_regras_gerais: 27.611s
[pjeplus] [TEMPO] _processar_regras_gerais._processar_regras_gerais: 27.611s
[10:01:03] [Fix.monitoramento_progresso_unificado] [INFO] [PROGRESSO_P2B][1001449-19.2023.5.02.0703] ✅ Processo marcado como executado
[Fix.monitoramento_progresso_unificado] [PROGRESSO_P2B][1001449-19.2023.5.02.0703] ✅ Processo marcado como executado
[10:01:03] [Fix.monitoramento_progresso_unificado] [INFO] [PROGRESSO_P2B]  Progresso salvo com segurança
[Fix.monitoramento_progresso_unificado] [PROGRESSO_P2B]  Progresso salvo com segurança
[10:01:03] [Prazo.p2b_gateway] [INFO] [PRAZO_API] Processo 1001449-19.2023.5.02.0703 processado com sucesso (fluxo_pz)
[Prazo.p2b_gateway] [PRAZO_API] Processo 1001449-19.2023.5.02.0703 processado com sucesso (fluxo_pz)
[10:01:03] [Prazo.p2b_gateway] [INFO] [PRAZO_API] Abrindo processo id=6755841 numero=1001997-10.2024.5.02.0703
[Prazo.p2b_gateway] [PRAZO_API] Abrindo processo id=6755841 numero=1001997-10.2024.5.02.0703
[10:01:04] [Prazo.p2b_gateway] [INFO] [p2b_api] Data documento: 2026-09-02T11:35:04.155454 -> 2026-09-02T11:35:04.155454+00:00 (Idade: 11 dias úteis)
[Prazo.p2b_gateway] [p2b_api] Data documento: 2026-09-02T11:35:04.155454 -> 2026-09-02T11:35:04.155454+00:00 (Idade: 11 dias úteis)
[10:01:04] [Prazo.p2b_gateway] [INFO] [p2b_api] doc relevante: tipo=Sentença id=484562118 data_extraida=2026-09-02T11:35:04.155454 idade_dias=11
[Prazo.p2b_gateway] [p2b_api] doc relevante: tipo=Sentença id=484562118 data_extraida=2026-09-02T11:35:04.155454 idade_dias=11
[10:01:04] [Prazo.p2b_gateway] [INFO] [p2b_api] texto extraído: 1425 chars
[Prazo.p2b_gateway] [p2b_api] texto extraído: 1425 chars
[10:01:04] [Prazo.p2b_documentos] [INFO] [FLUXO_PZ] Regra casou: pattern=julgo[\s\.,;:!\-–—()$]*extinta[\s\.,;:!\-–—()$]*a[\s\.,;:!\-–—()$]*presente[\s\.,;:!\-–—()$]*execucao,[\s\.,;:!\-–—()$]*nos[\s\.,;:!\-–—()$]*termos[\s\.,;:!\-–—()$]*do[\s\.,;:!\-–—()$]*art\.[\s\.,;:!\-–—()$]*924 tipo_acao=(<function mov_arquivar at 0x0000016855FA8A40>,) snippet=do a planilha de calculos de ide5d7a53, julgo extinta a presente execucao, nos termos do art. 924, ii do cpc. proceda a secretaria a excl
[Prazo.p2b_documentos] [FLUXO_PZ] Regra casou: pattern=julgo[\s\.,;:!\-–—()$]*extinta[\s\.,;:!\-–—()$]*a[\s\.,;:!\-–—()$]*presente[\s\.,;:!\-–—()$]*execucao,[\s\.,;:!\-–—()$]*nos[\s\.,;:!\-–—()$]*termos[\s\.,;:!\-–—()$]*do[\s\.,;:!\-–—()$]*art\.[\s\.,;:!\-–—()$]*924 tipo_acao=(<function mov_arquivar at 0x0000016855FA8A40>,) snippet=do a planilha de calculos de ide5d7a53, julgo extinta a presente execucao, nos termos do art. 924, ii do cpc. proceda a secretaria a excl
[10:01:05] [atos.core] [INFO] [API_TAREFA] Tarefa aberta via API com sucesso: processo=6755841 tarefa=500
[atos.core] [API_TAREFA] Tarefa aberta via API com sucesso: processo=6755841 tarefa=500
[10:01:06] [atos.core] [INFO] [MOV_INT] tarefa='Responsável do Processo
Sem Responsável
Tarefa:
Análise' destino='Arquivar o processo'
[atos.core] [MOV_INT] tarefa='Responsável do Processo
Sem Responsável
Tarefa:
Análise' destino='Arquivar o processo'
[10:01:07] [atos.core] [INFO] [MOV_INT] clicando botão destino direto: Arquivar o processo
[atos.core] [MOV_INT] clicando botão destino direto: Arquivar o processo
[10:01:07] [atos.wrappers_mov] [INFO] [MOV_ARQUIVAR] Aguardando carregamento da página após arquivar...
[atos.wrappers_mov] [MOV_ARQUIVAR] Aguardando carregamento da página após arquivar...
[10:01:07] [pjeplus] [INFO] [TEMPO] _processar_regras_gerais._processar_regras_gerais: 2.778s
[pjeplus] [TEMPO] _processar_regras_gerais._processar_regras_gerais: 2.778s
[10:01:07] [Fix.monitoramento_progresso_unificado] [INFO] [PROGRESSO_P2B][1001997-10.2024.5.02.0703] ✅ Processo marcado como executado
[Fix.monitoramento_progresso_unificado] [PROGRESSO_P2B][1001997-10.2024.5.02.0703] ✅ Processo marcado como executado
[10:01:07] [Fix.monitoramento_progresso_unificado] [INFO] [PROGRESSO_P2B]  Progresso salvo com segurança
[Fix.monitoramento_progresso_unificado] [PROGRESSO_P2B]  Progresso salvo com segurança
[10:01:07] [Prazo.p2b_gateway] [INFO] [PRAZO_API] Processo 1001997-10.2024.5.02.0703 processado com sucesso (fluxo_pz)
[Prazo.p2b_gateway] [PRAZO_API] Processo 1001997-10.2024.5.02.0703 processado com sucesso (fluxo_pz)
[10:01:07] [Prazo.p2b_gateway] [INFO] [PRAZO_API] Abrindo processo id=8733254 numero=1001108-85.2026.5.02.0703
[Prazo.p2b_gateway] [PRAZO_API] Abrindo processo id=8733254 numero=1001108-85.2026.5.02.0703
[10:01:07] [Prazo.p2b_gateway] [INFO] [p2b_api] Data documento: 2026-09-09T15:30:52.195306 -> 2026-09-09T15:30:52.195306+00:00 (Idade: 7 dias úteis)
[Prazo.p2b_gateway] [p2b_api] Data documento: 2026-09-09T15:30:52.195306 -> 2026-09-09T15:30:52.195306+00:00 (Idade: 7 dias úteis)
[10:01:07] [Prazo.p2b_gateway] [INFO] [p2b_api] doc relevante: tipo=Despacho id=486158197 data_extraida=2026-09-09T15:30:52.195306 idade_dias=7
[Prazo.p2b_gateway] [p2b_api] doc relevante: tipo=Despacho id=486158197 data_extraida=2026-09-09T15:30:52.195306 idade_dias=7
[10:01:07] [Prazo.p2b_gateway] [INFO] [p2b_api] texto extraído: 997 chars
[Prazo.p2b_gateway] [p2b_api] texto extraído: 997 chars
[10:01:07] [Prazo.p2b_documentos] [INFO] [FLUXO_PZ] Regra casou: pattern=aguarde\-se tipo_acao=(<function checar_prox at 0x0000016856082160>,) snippet=jecao, cancele a secretaria a remessa e aguarde-se a audiencia. sao paulo/sp, 09 de setemb
[Prazo.p2b_documentos] [FLUXO_PZ] Regra casou: pattern=aguarde\-se tipo_acao=(<function checar_prox at 0x0000016856082160>,) snippet=jecao, cancele a secretaria a remessa e aguarde-se a audiencia. sao paulo/sp, 09 de setemb
[10:01:08] [pjeplus] [INFO] [TEMPO] _processar_regras_gerais._processar_regras_gerais: 0.282s
[pjeplus] [TEMPO] _processar_regras_gerais._processar_regras_gerais: 0.282s
[10:01:08] [Fix.monitoramento_progresso_unificado] [INFO] [PROGRESSO_P2B][1001108-85.2026.5.02.0703] ✅ Processo marcado como executado
[Fix.monitoramento_progresso_unificado] [PROGRESSO_P2B][1001108-85.2026.5.02.0703] ✅ Processo marcado como executado
[10:01:08] [Fix.monitoramento_progresso_unificado] [INFO] [PROGRESSO_P2B]  Progresso salvo com segurança
[Fix.monitoramento_progresso_unificado] [PROGRESSO_P2B]  Progresso salvo com segurança
[10:01:08] [Prazo.p2b_gateway] [INFO] [PRAZO_API] Processo 1001108-85.2026.5.02.0703 processado com sucesso (fluxo_pz)
[Prazo.p2b_gateway] [PRAZO_API] Processo 1001108-85.2026.5.02.0703 processado com sucesso (fluxo_pz)
[10:01:08] [Prazo.p2b_gateway] [INFO] [PRAZO_API] Abrindo processo id=8873145 numero=1001544-44.2026.5.02.0703
[Prazo.p2b_gateway] [PRAZO_API] Abrindo processo id=8873145 numero=1001544-44.2026.5.02.0703
[10:01:08] [Prazo.p2b_gateway] [INFO] [p2b_api] Data documento: 2026-08-10T16:10:52.868974 -> 2026-08-10T16:10:52.868974+00:00 (Idade: 28 dias úteis)
[Prazo.p2b_gateway] [p2b_api] Data documento: 2026-08-10T16:10:52.868974 -> 2026-08-10T16:10:52.868974+00:00 (Idade: 28 dias úteis)
[10:01:08] [Prazo.p2b_gateway] [INFO] [p2b_api] doc relevante: tipo=Despacho id=479270980 data_extraida=2026-08-10T16:10:52.868974 idade_dias=28
[Prazo.p2b_gateway] [p2b_api] doc relevante: tipo=Despacho id=479270980 data_extraida=2026-08-10T16:10:52.868974 idade_dias=28
[10:01:09] [Prazo.p2b_gateway] [INFO] [p2b_api] texto extraído: 3311 chars
[Prazo.p2b_gateway] [p2b_api] texto extraído: 3311 chars
[10:01:09] [pjeplus] [INFO] [TEMPO] _processar_regras_gerais._processar_regras_gerais: 0.109s
[pjeplus] [TEMPO] _processar_regras_gerais._processar_regras_gerais: 0.109s
[10:01:09] [Fix.monitoramento_progresso_unificado] [INFO] [PROGRESSO_P2B][1001544-44.2026.5.02.0703] ✅ Processo marcado como executado
[Fix.monitoramento_progresso_unificado] [PROGRESSO_P2B][1001544-44.2026.5.02.0703] ✅ Processo marcado como executado
[10:01:09] [Fix.monitoramento_progresso_unificado] [INFO] [PROGRESSO_P2B]  Progresso salvo com segurança
[Fix.monitoramento_progresso_unificado] [PROGRESSO_P2B]  Progresso salvo com segurança
[10:01:09] [Prazo.p2b_gateway] [INFO] [PRAZO_API] Processo 1001544-44.2026.5.02.0703 processado com sucesso (fluxo_pz)
[Prazo.p2b_gateway] [PRAZO_API] Processo 1001544-44.2026.5.02.0703 processado com sucesso (fluxo_pz)
[10:01:09] [pjeplus] [WARNING] [P2B] 8 processo(s) NAO concluido(s) (serao retentados): [('1001743-03.2025.5.02.0703', 'fluxo_pz_nao_executou'), ('1000144-29.2025.5.02.0703', 'fluxo_pz_nao_executou'), ('1002252-31.2025.5.02.0703', 'fluxo_pz_nao_executou'), ('1000193-07.2024.5.02.0703', 'fluxo_pz_nao_executou'), ('1001606-70.2015.5.02.0703', 'fluxo_pz_nao_executou'), ('1001704-69.2026.5.02.0703', 'fluxo_pz_nao_executou'), ('1001169-14.2024.5.02.0703', 'fluxo_pz_nao_executou'), ('1001801-69.2026.5.02.0703', 'fluxo_pz_nao_executou')]
[pjeplus] [P2B] 8 processo(s) NAO concluido(s) (serao retentados): [('1001743-03.2025.5.02.0703', 'fluxo_pz_nao_executou'), ('1000144-29.2025.5.02.0703', 'fluxo_pz_nao_executou'), ('1002252-31.2025.5.02.0703', 'fluxo_pz_nao_executou'), ('1000193-07.2024.5.02.0703', 'fluxo_pz_nao_executou'), ('1001606-70.2015.5.02.0703', 'fluxo_pz_nao_executou'), ('1001704-69.2026.5.02.0703', 'fluxo_pz_nao_executou'), ('1001169-14.2024.5.02.0703', 'fluxo_pz_nao_executou'), ('1001801-69.2026.5.02.0703', 'fluxo_pz_nao_executou')]
[10:01:09] [pjeplus] [INFO] [P2B] FALHA (654.7s)
[pjeplus] [P2B] FALHA (654.7s)
[10:01:09] [pjeplus] [INFO] sucesso: False
[pjeplus] sucesso: False
[10:01:09] [pjeplus] [INFO] tempo: 654.68s
[pjeplus] tempo: 654.68s

──────────────────────────────────────────────────
  FLUXO CONCLUÍDO — driver mantido aberto
──────────────────────────────────────────────────
  Próximo fluxo (ou X para fechar o browser):

Fluxo:
A - Bloco Completo
B - Mandado
C - Prazo + P2B
D - P2B
E - PEC
F - Triagem
G - Petição
H - Domicílio Eletrônico
I - Citação
X - Cancelar
> [10:01:23] [pjeplus] [WARNING] interrompido pelo usuario — finalizando de forma cooperativa
[pjeplus] interrompido pelo usuario — finalizando de forma cooperativa

interrompido - o relatorio parcial ainda vale

=== playwright-20260918-094634 (playwright) ===
  total            889.90s
  em helpers        37.04s  (1000 chamadas)
  tempo morto       70.40s  (116 sleeps)  <- some ao reescrever, nao e do motor
  etapas:
       889.90s  execucao completa
  helpers mais caros:
        19.52s   508x  assentar  (0 falhas)
         7.56s    92x  wait_for_page_load  (0 falhas)
         4.03s    23x  esperar_elemento  (0 falhas)
         2.84s   202x  ate_js  (0 falhas)
         2.17s    88x  ate_aparecer  (0 falhas)
         0.53s    23x  aguardar_renderizacao_nativa  (0 falhas)
         0.16s    25x  ate_sumir  (0 falhas)
         0.12s    22x  ate_texto  (0 falhas)

relatorio: D:\PjePlus\play\medicoes\playwright-20260918-094634.json
comparar:  py pw.py --comparar <baseline.json> D:\PjePlus\play\medicoes\playwright-20260918-094634.json
